,X5_16,X5_17,X5_18,X5_19,X5_20,X5_21,X5_22,X5_23,X7_18,X7_19,X7_20,X7_21,X7_22,X7_23,X7_24,X7_25,X7_26,X7_27,X7_28,X7_29,X7_30,X7_31,X7_32,X7_33,X7_34,X7_35,X7_36,X1_32,X1_33,X1_34,X1_35,X1_36,X3_6,X3_7,X3_8,X3_9,X3_10,X3_11,X3_12,X3_13,X3_14,X3_15,X3_16,X3_17,X3_18,X5_9,X5_10,X5_11,X5_12,X5_13,X5_14,X5_15,X5_24
59,0.892,0.79,0.7,0.703,0.73,0.722,0.686,0.681,0.791,0.763,0.795,0.774,0.723,0.732,0.76,0.813,0.827,0.808,0.77,0.793,0.725,0.775,0.797,0.763,0.784,0.769,0.733,0.242,0.241,0.24,0.239,0.238,0.412,0.313,0.423,0.431,0.446,0.491,0.525,0.496,0.487,0.515,0.437,0.143,0.155,0.698,0.731,0.749,0.775,0.772,0.756,0.761,0.721
69,0.754,0.708,0.69,0.698,0.731,0.749,0.775,0.772,0.737,0.737,0.741,0.739,0.782,0.759,0.731,0.863,0.971,0.814,0.791,0.763,0.795,0.774,0.723,0.732,0.76,0.813,0.827,0.0,0.0554,0.111,0.131,0.135,0.641,0.629,0.556,0.502,0.516,0.467,0.491,0.509,0.506,0.466,0.412,0.313,0.423,0.723,0.725,0.716,0.716,0.72,0.723,0.736,0.756
79,0.731,0.743,0.736,0.723,0.725,0.716,0.716,0.72,0.809,0.78,0.808,0.781,0.781,0.74,0.786,0.821,0.828,0.762,0.737,0.737,0.741,0.739,0.782,0.759,0.731,0.863,0.971,0.101,0.101,0.152,0.203,0.253,0.693,0.629,0.599,0.631,0.61,0.616,0.603,0.617,0.604,0.664,0.641,0.629,0.556,0.718,0.719,0.72,0.721,0.719,0.706,0.719,0.723
89,0.771,0.759,0.725,0.718,0.719,0.72,0.721,0.719,0.805,0.824,0.776,0.789,0.817,0.777,0.767,0.776,0.784,0.804,0.809,0.78,0.808,0.781,0.781,0.74,0.786,0.821,0.828,0.133,0.128,0.122,0.116,0.11,0.637,0.636,0.622,0.628,0.609,0.538,0.584,0.767,0.837,0.759,0.693,0.629,0.599,0.653,0.676,0.698,0.686,0.691,0.758,0.766,0.706
99,0.596,0.609,0.629,0.653,0.676,0.698,0.686,0.691,0.74,0.757,0.784,0.792,0.722,0.747,0.828,0.836,0.853,0.833,0.805,0.824,0.776,0.789,0.817,0.777,0.767,0.776,0.784,0.202,0.192,0.182,0.174,0.168,0.599,0.598,0.667,0.679,0.693,0.715,0.711,0.707,0.703,0.699,0.637,0.636,0.622,0.392,0.415,0.448,0.494,0.524,0.553,0.583,0.758
109,0.4,0.361,0.369,0.392,0.415,0.448,0.494,0.524,0.618,0.631,0.643,0.682,0.702,0.698,0.72,0.756,0.76,0.771,0.74,0.757,0.784,0.792,0.722,0.747,0.828,0.836,0.853,0.289,0.298,0.306,0.314,0.322,0.503,0.5,0.511,0.497,0.436,0.598,0.598,0.603,0.604,0.603,0.599,0.598,0.667,0.589,0.512,0.483,0.467,0.45,0.434,0.417,0.553
119,0.795,0.727,0.659,0.589,0.512,0.483,0.467,0.45,0.83,0.802,0.71,0.705,0.662,0.665,0.678,0.69,0.659,0.633,0.618,0.631,0.643,0.682,0.702,0.698,0.72,0.756,0.76,0.209,0.217,0.225,0.233,0.241,0.58,0.576,0.58,0.573,0.575,0.571,0.575,0.569,0.58,0.575,0.503,0.5,0.511,0.909,0.936,0.915,0.895,0.875,0.856,0.837,0.434
129,0.758,0.809,0.862,0.909,0.936,0.915,0.895,0.875,0.782,0.851,0.911,0.933,0.962,0.912,0.922,0.883,0.871,0.873,0.83,0.802,0.71,0.705,0.662,0.665,0.678,0.69,0.659,0.269,0.256,0.243,0.23,0.217,0.578,0.576,0.581,0.571,0.549,0.556,0.582,0.574,0.574,0.579,0.58,0.576,0.58,0.724,0.717,0.71,0.703,0.697,0.713,0.736,0.856
139,0.739,0.738,0.731,0.724,0.717,0.71,0.703,0.697,0.803,0.809,0.797,0.786,0.766,0.778,0.742,0.754,0.732,0.737,0.782,0.851,0.911,0.933,0.962,0.912,0.922,0.883,0.871,0.416,0.417,0.418,0.418,0.383,0.585,0.606,0.598,0.599,0.581,0.575,0.572,0.575,0.579,0.584,0.578,0.576,0.581,0.709,0.7,0.69,0.68,0.671,0.669,0.719,0.713
149,0.738,0.728,0.719,0.709,0.7,0.69,0.68,0.671,0.786,0.775,0.783,0.775,0.742,0.753,0.704,0.74,0.777,0.798,0.803,0.809,0.797,0.786,0.766,0.778,0.742,0.754,0.732,0.279,0.277,0.274,0.272,0.269,0.597,0.606,0.602,0.599,0.597,0.601,0.607,0.602,0.6,0.6,0.585,0.606,0.598,0.713,0.708,0.707,0.706,0.713,0.725,0.736,0.669
159,0.755,0.741,0.727,0.713,0.708,0.707,0.706,0.713,0.772,0.778,0.767,0.741,0.758,0.755,0.778,0.768,0.784,0.792,0.786,0.775,0.783,0.775,0.742,0.753,0.704,0.74,0.777,0.305,0.302,0.3,0.297,0.295,0.535,0.559,0.544,0.528,0.534,0.546,0.615,0.64,0.611,0.602,0.597,0.606,0.602,0.718,0.713,0.708,0.704,0.72,0.741,0.762,0.725
169,0.71,0.726,0.722,0.718,0.713,0.708,0.704,0.72,0.784,0.816,0.778,0.748,0.754,0.77,0.784,0.809,0.818,0.806,0.772,0.778,0.767,0.741,0.758,0.755,0.778,0.768,0.784,0.272,0.273,0.274,0.275,0.276,0.362,0.328,0.272,0.238,0.26,0.266,0.368,0.431,0.492,0.562,0.535,0.559,0.544,0.734,0.728,0.696,0.694,0.698,0.705,0.712,0.741
179,0.734,0.741,0.74,0.734,0.728,0.696,0.694,0.698,0.746,0.77,0.77,0.728,0.723,0.725,0.76,0.776,0.774,0.787,0.784,0.816,0.778,0.748,0.754,0.77,0.784,0.809,0.818,0.28,0.278,0.304,0.285,0.315,0.238,0.251,0.321,0.354,0.358,0.388,0.395,0.342,0.387,0.365,0.362,0.328,0.272,0.702,0.708,0.718,0.73,0.723,0.718,0.727,0.705
189,0.699,0.693,0.695,0.702,0.708,0.718,0.73,0.723,0.746,0.732,0.707,0.733,0.753,0.74,0.727,0.714,0.768,0.753,0.746,0.77,0.77,0.728,0.723,0.725,0.76,0.776,0.774,0.3,0.298,0.296,0.294,0.292,0.184,0.2,0.184,0.159,0.158,0.149,0.152,0.143,0.192,0.182,0.238,0.251,0.321,0.722,0.724,0.723,0.723,0.71,0.709,0.705,0.718
199,0.715,0.717,0.72,0.722,0.724,0.723,0.723,0.71,0.78,0.773,0.781,0.759,0.749,0.755,0.766,0.756,0.752,0.717,0.746,0.732,0.707,0.733,0.753,0.74,0.727,0.714,0.768,0.262,0.266,0.27,0.274,0.279,0.168,0.127,0.128,0.126,0.139,0.142,0.123,0.121,0.143,0.148,0.184,0.2,0.184,0.713,0.711,0.71,0.706,0.708,0.71,0.713,0.709
209,0.719,0.716,0.714,0.713,0.711,0.71,0.706,0.708,0.751,0.764,0.746,0.773,0.777,0.755,0.724,0.719,0.745,0.77,0.78,0.773,0.781,0.759,0.749,0.755,0.766,0.756,0.752,0.275,0.265,0.256,0.247,0.238,0.155,0.136,0.122,0.133,0.164,0.224,0.232,0.253,0.254,0.189,0.168,0.127,0.128,0.712,0.71,0.709,0.714,0.728,0.742,0.731,0.71
219,0.717,0.715,0.714,0.712,0.71,0.709,0.714,0.728,0.73,0.704,0.706,0.71,0.737,0.729,0.756,0.763,0.787,0.76,0.751,0.764,0.746,0.773,0.777,0.755,0.724,0.719,0.745,0.277,0.272,0.27,0.274,0.278,0.398,0.357,0.36,0.303,0.271,0.242,0.181,0.176,0.169,0.141,0.155,0.136,0.122,0.725,0.724,0.723,0.722,0.721,0.72,0.718,0.742
229,0.722,0.725,0.725,0.725,0.724,0.723,0.722,0.721,0.799,0.765,0.774,0.773,0.754,0.747,0.755,0.751,0.746,0.745,0.73,0.704,0.706,0.71,0.737,0.729,0.756,0.763,0.787,0.213,0.32,0.315,0.31,0.305,0.122,0.265,0.23,0.274,0.25,0.253,0.242,0.332,0.378,0.394,0.398,0.357,0.36,0.723,0.718,0.713,0.685,0.694,0.704,0.716,0.72
239,0.676,0.709,0.723,0.723,0.718,0.713,0.685,0.694,0.772,0.759,0.772,0.764,0.74,0.75,0.732,0.739,0.783,0.773,0.799,0.765,0.774,0.773,0.754,0.747,0.755,0.751,0.746,0.24,0.24,0.239,0.239,0.238,0.0142,0.00753,0.0447,0.112,0.133,0.172,0.184,0.173,0.172,0.13,0.122,0.265,0.23,0.675,0.699,0.718,0.728,0.731,0.729,0.708,0.704
249,0.728,0.71,0.693,0.675,0.699,0.718,0.728,0.731,0.701,0.688,0.719,0.725,0.75,0.79,0.816,0.763,0.697,0.751,0.772,0.759,0.772,0.764,0.74,0.75,0.732,0.739,0.783,0.248,0.244,0.244,0.244,0.243,0.346,0.299,0.218,0.173,0.141,0.114,0.138,0.156,0.0994,0.0529,0.0142,0.00753,0.0447,0.737,0.727,0.717,0.715,0.733,0.751,0.746,0.729
259,0.775,0.764,0.747,0.737,0.727,0.717,0.715,0.733,0.781,0.737,0.728,0.708,0.671,0.73,0.728,0.776,0.78,0.741,0.701,0.688,0.719,0.725,0.75,0.79,0.816,0.763,0.697,0.3,0.305,0.309,0.302,0.294,0.554,0.578,0.558,0.524,0.522,0.483,0.493,0.465,0.443,0.4,0.346,0.299,0.218,0.802,0.803,0.798,0.793,0.789,0.784,0.779,0.751
269,0.725,0.777,0.8,0.802,0.803,0.798,0.793,0.789,0.774,0.776,0.779,0.747,0.773,0.766,0.786,0.783,0.805,0.784,0.781,0.737,0.728,0.708,0.671,0.73,0.728,0.776,0.78,0.253,0.258,0.263,0.267,0.272,0.305,0.324,0.329,0.4,0.4,0.451,0.415,0.419,0.433,0.479,0.554,0.578,0.558,0.719,0.709,0.71,0.717,0.723,0.726,0.72,0.784
279,0.732,0.753,0.697,0.719,0.709,0.71,0.717,0.723,0.709,0.736,0.731,0.731,0.739,0.706,0.703,0.667,0.656,0.708,0.774,0.776,0.779,0.747,0.773,0.766,0.786,0.783,0.805,0.299,0.29,0.28,0.27,0.261,0.0048,0.00404,0.0226,0.0591,0.142,0.103,0.235,0.235,0.253,0.333,0.305,0.324,0.329,0.708,0.72,0.701,0.716,0.724,0.708,0.722,0.726
289,0.71,0.708,0.705,0.708,0.72,0.701,0.716,0.724,0.721,0.722,0.722,0.706,0.704,0.695,0.7,0.735,0.733,0.747,0.709,0.736,0.731,0.731,0.739,0.706,0.703,0.667,0.656,0.314,0.298,0.282,0.266,0.259,0.181,0.198,0.234,0.163,0.161,0.0831,0.0535,0.00547,0.0273,0.0195,0.0048,0.00404,0.0226,0.738,0.749,0.75,0.727,0.692,0.716,0.713,0.708
299,0.708,0.725,0.737,0.738,0.749,0.75,0.727,0.692,0.761,0.761,0.788,0.804,0.805,0.727,0.764,0.78,0.767,0.752,0.721,0.722,0.722,0.706,0.704,0.695,0.7,0.735,0.733,0.29,0.285,0.278,0.272,0.266,0.0358,0.143,0.118,0.152,0.272,0.258,0.218,0.233,0.204,0.217,0.181,0.198,0.234,0.681,0.696,0.718,0.713,0.727,0.715,0.729,0.716
309,0.678,0.707,0.71,0.681,0.696,0.718,0.713,0.727,0.742,0.721,0.732,0.735,0.758,0.763,0.716,0.72,0.697,0.69,0.761,0.761,0.788,0.804,0.805,0.727,0.764,0.78,0.767,0.29,0.292,0.294,0.296,0.298,0.0391,0.039,0.0621,0.013,0.0464,0.0141,0.0537,0.0103,0.0463,0.0336,0.0358,0.143,0.118,0.715,0.734,0.709,0.711,0.715,0.717,0.749,0.715
319,0.71,0.707,0.74,0.715,0.734,0.709,0.711,0.715,0.727,0.728,0.77,0.759,0.764,0.771,0.779,0.775,0.752,0.765,0.742,0.721,0.732,0.735,0.758,0.763,0.716,0.72,0.697,0.269,0.271,0.273,0.275,0.277,0.0574,0.0387,0.0295,0.0486,0.0246,0.0107,0.0189,0.0212,0.0122,0.0287,0.0391,0.039,0.0621,0.719,0.72,0.718,0.714,0.698,0.691,0.712,0.717
329,0.716,0.718,0.719,0.719,0.72,0.718,0.714,0.698,0.767,0.778,0.782,0.766,0.75,0.751,0.757,0.74,0.732,0.726,0.727,0.728,0.77,0.759,0.764,0.771,0.779,0.775,0.752,0.258,0.258,0.258,0.257,0.257,0.0621,0.0779,0.0745,0.0832,0.0805,0.044,0.0594,0.0412,0.101,0.0847,0.0574,0.0387,0.0295,0.727,0.727,0.719,0.716,0.694,0.712,0.714,0.691
339,0.718,0.719,0.722,0.727,0.727,0.719,0.716,0.694,0.759,0.749,0.756,0.754,0.754,0.726,0.744,0.742,0.735,0.766,0.767,0.778,0.782,0.766,0.75,0.751,0.757,0.74,0.732,0.262,0.262,0.262,0.261,0.261,0.35,0.316,0.273,0.238,0.237,0.224,0.18,0.168,0.133,0.0795,0.0621,0.0779,0.0745,0.749,0.738,0.731,0.724,0.728,0.738,0.729,0.712
349,0.761,0.769,0.763,0.749,0.738,0.731,0.724,0.728,0.824,0.804,0.804,0.807,0.785,0.792,0.798,0.779,0.786,0.773,0.759,0.749,0.756,0.754,0.754,0.726,0.744,0.742,0.735,0.246,0.253,0.258,0.263,0.265,0.389,0.447,0.483,0.436,0.406,0.391,0.366,0.337,0.334,0.35,0.35,0.316,0.273,0.733,0.741,0.734,0.738,0.742,0.746,0.753,0.738
359,0.704,0.695,0.711,0.733,0.741,0.734,0.738,0.742,0.831,0.865,0.852,0.835,0.812,0.792,0.811,0.8,0.813,0.839,0.824,0.804,0.804,0.807,0.785,0.792,0.798,0.779,0.786,0.235,0.264,0.238,0.212,0.204,0.569,0.558,0.537,0.496,0.502,0.484,0.459,0.439,0.39,0.408,0.389,0.447,0.483,0.73,0.73,0.729,0.729,0.728,0.721,0.713,0.746
369,0.73,0.73,0.73,0.73,0.73,0.729,0.729,0.728,0.842,0.841,0.84,0.808,0.83,0.854,0.83,0.83,0.83,0.788,0.831,0.865,0.852,0.835,0.812,0.792,0.811,0.8,0.813,0.242,0.238,0.235,0.232,0.229,0.634,0.603,0.563,0.537,0.522,0.494,0.494,0.515,0.52,0.57,0.569,0.558,0.537,0.761,0.75,0.738,0.73,0.73,0.73,0.73,0.721
379,0.796,0.784,0.773,0.761,0.75,0.738,0.73,0.73,0.88,0.889,0.874,0.9,0.862,0.826,0.85,0.837,0.847,0.843,0.842,0.841,0.84,0.808,0.83,0.854,0.83,0.83,0.83,0.224,0.221,0.22,0.219,0.217,0.617,0.604,0.649,0.689,0.712,0.704,0.678,0.664,0.654,0.648,0.634,0.603,0.563,0.815,0.814,0.814,0.809,0.804,0.801,0.798,0.73
389,0.815,0.815,0.815,0.815,0.814,0.814,0.809,0.804,0.865,0.899,0.899,0.889,0.877,0.899,0.889,0.869,0.867,0.888,0.88,0.889,0.874,0.9,0.862,0.826,0.85,0.837,0.847,0.25,0.248,0.245,0.243,0.24,0.751,0.757,0.746,0.745,0.744,0.732,0.674,0.673,0.631,0.603,0.617,0.604,0.649,0.84,0.844,0.841,0.835,0.83,0.824,0.818,0.801
399,0.829,0.833,0.836,0.84,0.844,0.841,0.835,0.83,0.869,0.86,0.894,0.945,0.926,0.936,0.935,0.932,0.945,0.884,0.865,0.899,0.899,0.889,0.877,0.899,0.889,0.869,0.867,0.221,0.224,0.228,0.232,0.235,0.667,0.597,0.636,0.618,0.615,0.651,0.679,0.707,0.709,0.744,0.751,0.757,0.746,0.802,0.808,0.812,0.815,0.818,0.822,0.825,0.824
409,0.812,0.805,0.794,0.802,0.808,0.812,0.815,0.818,0.921,0.904,0.898,0.878,0.873,0.881,0.883,0.891,0.906,0.882,0.869,0.86,0.894,0.945,0.926,0.936,0.935,0.932,0.945,0.22,0.219,0.218,0.217,0.216,0.463,0.409,0.39,0.45,0.57,0.631,0.672,0.708,0.723,0.687,0.667,0.597,0.636,0.702,0.692,0.748,0.774,0.8,0.818,0.815,0.822
419,0.754,0.763,0.712,0.702,0.692,0.748,0.774,0.8,0.806,0.785,0.787,0.794,0.789,0.829,0.871,0.911,0.911,0.864,0.921,0.904,0.898,0.878,0.873,0.881,0.883,0.891,0.906,0.233,0.232,0.23,0.228,0.226,0.413,0.415,0.335,0.4,0.442,0.444,0.508,0.511,0.535,0.513,0.463,0.409,0.39,0.704,0.703,0.707,0.712,0.716,0.724,0.761,0.818
429,0.727,0.72,0.712,0.704,0.703,0.707,0.712,0.716,0.825,0.828,0.817,0.8,0.842,0.806,0.825,0.859,0.869,0.906,0.806,0.785,0.787,0.794,0.789,0.829,0.871,0.911,0.911,0.238,0.255,0.268,0.263,0.258,0.58,0.539,0.487,0.411,0.407,0.387,0.395,0.381,0.395,0.462,0.413,0.415,0.335,0.729,0.724,0.721,0.718,0.715,0.713,0.723,0.724
439,0.727,0.735,0.738,0.729,0.724,0.721,0.718,0.715,0.888,0.847,0.824,0.834,0.828,0.821,0.809,0.824,0.837,0.869,0.825,0.828,0.817,0.8,0.842,0.806,0.825,0.859,0.869,0.237,0.237,0.231,0.215,0.199,0.605,0.606,0.555,0.545,0.507,0.568,0.554,0.517,0.528,0.571,0.58,0.539,0.487,0.729,0.725,0.722,0.718,0.715,0.711,0.719,0.713
449,0.719,0.733,0.733,0.729,0.725,0.722,0.718,0.715,0.827,0.807,0.791,0.803,0.804,0.805,0.758,0.8,0.832,0.846,0.888,0.847,0.824,0.834,0.828,0.821,0.809,0.824,0.837,0.237,0.237,0.237,0.237,0.237,0.476,0.453,0.436,0.461,0.472,0.529,0.548,0.534,0.554,0.612,0.605,0.606,0.555,0.707,0.709,0.71,0.712,0.714,0.715,0.717,0.711
459,0.723,0.716,0.709,0.707,0.709,0.71,0.712,0.714,0.783,0.754,0.744,0.787,0.796,0.761,0.757,0.788,0.787,0.786,0.827,0.807,0.791,0.803,0.804,0.805,0.758,0.8,0.832,0.226,0.227,0.229,0.23,0.231,0.48,0.432,0.352,0.336,0.327,0.332,0.332,0.454,0.485,0.517,0.476,0.453,0.436,0.736,0.725,0.714,0.698,0.697,0.717,0.729,0.715
469,0.749,0.758,0.747,0.736,0.725,0.714,0.698,0.697,0.868,0.821,0.798,0.791,0.75,0.747,0.767,0.81,0.815,0.797,0.783,0.754,0.744,0.787,0.796,0.761,0.757,0.788,0.787,0.215,0.216,0.217,0.218,0.219,0.555,0.598,0.605,0.585,0.531,0.515,0.528,0.542,0.578,0.566,0.48,0.432,0.352,0.729,0.731,0.72,0.71,0.7,0.712,0.73,0.717
479,0.717,0.721,0.725,0.729,0.731,0.72,0.71,0.7,0.804,0.83,0.852,0.831,0.789,0.785,0.794,0.818,0.841,0.85,0.868,0.821,0.798,0.791,0.75,0.747,0.767,0.81,0.815,0.226,0.21,0.209,0.21,0.211,0.503,0.491,0.532,0.551,0.551,0.543,0.492,0.536,0.547,0.521,0.555,0.598,0.605,0.71,0.715,0.721,0.723,0.72,0.717,0.714,0.712
489,0.723,0.7,0.705,0.71,0.715,0.721,0.723,0.72,0.819,0.816,0.813,0.83,0.82,0.819,0.828,0.802,0.799,0.795,0.804,0.83,0.852,0.831,0.789,0.785,0.794,0.818,0.841,0.216,0.221,0.227,0.232,0.238,0.354,0.327,0.312,0.32,0.399,0.436,0.452,0.442,0.456,0.455,0.503,0.491,0.532,0.696,0.707,0.718,0.728,0.731,0.705,0.715,0.717
499,0.74,0.733,0.726,0.696,0.707,0.718,0.728,0.731,0.815,0.771,0.786,0.783,0.798,0.802,0.796,0.817,0.835,0.795,0.819,0.816,0.813,0.83,0.82,0.819,0.828,0.802,0.799,0.183,0.181,0.178,0.176,0.182,0.628,0.566,0.512,0.426,0.478,0.466,0.518,0.472,0.429,0.372,0.354,0.327,0.312,0.711,0.709,0.71,0.732,0.76,0.763,0.748,0.705
509,0.775,0.793,0.755,0.711,0.709,0.71,0.732,0.76,0.839,0.791,0.77,0.768,0.788,0.813,0.82,0.836,0.804,0.827,0.815,0.771,0.786,0.783,0.798,0.802,0.796,0.817,0.835,0.206,0.203,0.201,0.199,0.196,0.492,0.456,0.432,0.404,0.46,0.536,0.582,0.62,0.625,0.665,0.628,0.566,0.512,0.705,0.702,0.695,0.695,0.736,0.759,0.771,0.763
519,0.724,0.73,0.737,0.705,0.702,0.695,0.695,0.736,0.85,0.823,0.808,0.809,0.803,0.835,0.843,0.862,0.895,0.839,0.839,0.791,0.77,0.768,0.788,0.813,0.82,0.836,0.804,0.266,0.258,0.251,0.243,0.235,0.381,0.469,0.489,0.468,0.514,0.465,0.493,0.506,0.495,0.517,0.492,0.456,0.432,0.707,0.708,0.709,0.709,0.714,0.73,0.715,0.759
529,0.711,0.707,0.707,0.707,0.708,0.709,0.709,0.714,0.78,0.795,0.819,0.824,0.801,0.787,0.791,0.802,0.83,0.835,0.85,0.823,0.808,0.809,0.803,0.835,0.843,0.862,0.895,0.187,0.184,0.182,0.179,0.177,0.318,0.343,0.348,0.328,0.315,0.322,0.382,0.322,0.359,0.324,0.381,0.469,0.489,0.733,0.748,0.695,0.728,0.741,0.726,0.717,0.73
539,0.725,0.709,0.717,0.733,0.748,0.695,0.728,0.741,0.772,0.832,0.8,0.789,0.834,0.839,0.809,0.806,0.782,0.769,0.78,0.795,0.819,0.824,0.801,0.787,0.791,0.802,0.83,0.206,0.208,0.207,0.204,0.202,0.478,0.447,0.417,0.373,0.291,0.316,0.263,0.352,0.349,0.374,0.318,0.343,0.348,0.754,0.736,0.732,0.705,0.699,0.72,0.721,0.726
549,0.728,0.734,0.727,0.754,0.736,0.732,0.705,0.699,0.818,0.828,0.778,0.782,0.728,0.748,0.757,0.779,0.777,0.758,0.772,0.832,0.8,0.789,0.834,0.839,0.809,0.806,0.782,0.186,0.188,0.19,0.192,0.194,0.546,0.5,0.402,0.296,0.312,0.341,0.396,0.405,0.457,0.448,0.478,0.447,0.417,0.743,0.727,0.742,0.68,0.699,0.705,0.71,0.72
559,0.735,0.765,0.781,0.743,0.727,0.742,0.68,0.699,0.874,0.837,0.822,0.803,0.788,0.751,0.763,0.791,0.792,0.775,0.818,0.828,0.778,0.782,0.728,0.748,0.757,0.779,0.777,0.168,0.168,0.169,0.171,0.174,0.596,0.497,0.355,0.21,0.307,0.289,0.266,0.308,0.411,0.514,0.546,0.5,0.402,0.716,0.703,0.707,0.711,0.698,0.681,0.696,0.705
569,0.794,0.801,0.807,0.716,0.703,0.707,0.711,0.698,0.868,0.784,0.783,0.826,0.833,0.793,0.742,0.756,0.784,0.857,0.874,0.837,0.822,0.803,0.788,0.751,0.763,0.791,0.792,0.168,0.168,0.168,0.168,0.168,0.725,0.705,0.74,0.751,0.744,0.749,0.749,0.747,0.747,0.693,0.596,0.497,0.355,0.791,0.792,0.799,0.774,0.766,0.761,0.781,0.681
579,0.812,0.805,0.798,0.791,0.792,0.799,0.774,0.766,0.791,0.8,0.776,0.792,0.796,0.782,0.777,0.791,0.835,0.9,0.868,0.784,0.783,0.826,0.833,0.793,0.742,0.756,0.784,0.177,0.168,0.167,0.166,0.165,0.756,0.751,0.759,0.757,0.759,0.753,0.756,0.743,0.717,0.717,0.725,0.705,0.74,1.0,0.983,0.946,0.919,0.848,0.826,0.819,0.761
589,0.862,0.913,0.932,1.0,0.983,0.946,0.919,0.848,0.84,0.96,1.0,0.966,0.879,0.855,0.79,0.755,0.759,0.784,0.791,0.8,0.776,0.792,0.796,0.782,0.777,0.791,0.835,0.223,0.233,0.244,0.255,0.266,0.387,0.414,0.458,0.515,0.552,0.665,0.733,0.757,0.745,0.739,0.756,0.751,0.759,0.744,0.755,0.753,0.748,0.796,0.815,0.832,0.826
599,0.733,0.73,0.734,0.744,0.755,0.753,0.748,0.796,0.696,0.705,0.654,0.622,0.593,0.637,0.678,0.697,0.737,0.806,0.84,0.96,1.0,0.966,0.879,0.855,0.79,0.755,0.759,0.381,0.302,0.276,0.269,0.262,0.708,0.689,0.661,0.613,0.544,0.499,0.375,0.345,0.336,0.37,0.387,0.414,0.458,0.753,0.759,0.773,0.788,0.759,0.745,0.739,0.815
609,0.763,0.758,0.755,0.753,0.759,0.773,0.788,0.759,0.757,0.763,0.769,0.806,0.832,0.816,0.797,0.708,0.75,0.716,0.696,0.705,0.654,0.622,0.593,0.637,0.678,0.697,0.737,0.318,0.356,0.394,0.434,0.476,0.00144,0.205,0.504,0.746,0.747,0.753,0.748,0.752,0.758,0.746,0.708,0.689,0.661,0.702,0.726,0.762,0.793,0.778,0.772,0.768,0.745
619,0.615,0.623,0.632,0.702,0.726,0.762,0.793,0.778,0.628,0.661,0.682,0.708,0.745,0.747,0.748,0.752,0.735,0.727,0.757,0.763,0.769,0.806,0.832,0.816,0.797,0.708,0.75,0.268,0.242,0.226,0.23,0.235,0.713,0.725,0.72,0.73,0.698,0.612,0.486,0.303,0.0757,0.0,0.00144,0.205,0.504,0.78,0.79,0.8,0.808,0.803,0.742,0.607,0.772
629,0.766,0.763,0.77,0.78,0.79,0.8,0.808,0.803,0.771,0.811,0.817,0.877,0.95,0.995,0.958,0.739,0.66,0.622,0.628,0.661,0.682,0.708,0.745,0.747,0.748,0.752,0.735,0.238,0.247,0.256,0.265,0.274,0.692,0.667,0.673,0.651,0.668,0.667,0.704,0.736,0.701,0.718,0.713,0.725,0.72,0.725,0.733,0.736,0.734,0.767,0.772,0.769,0.742
639,0.753,0.744,0.734,0.725,0.733,0.736,0.734,0.767,0.787,0.806,0.807,0.764,0.779,0.811,0.802,0.833,0.834,0.794,0.771,0.811,0.817,0.877,0.95,0.995,0.958,0.739,0.66,0.325,0.346,0.331,0.274,0.234,0.367,0.345,0.348,0.359,0.425,0.509,0.627,0.74,0.76,0.705,0.692,0.667,0.673,0.701,0.692,0.684,0.675,0.723,0.755,0.759,0.772
649,0.726,0.717,0.709,0.701,0.692,0.684,0.675,0.723,0.806,0.793,0.74,0.721,0.693,0.746,0.809,0.848,0.881,0.771,0.787,0.806,0.807,0.764,0.779,0.811,0.802,0.833,0.834,0.254,0.253,0.253,0.248,0.244,0.75,0.666,0.52,0.346,0.134,0.123,0.167,0.216,0.33,0.343,0.367,0.345,0.348,0.852,0.744,0.688,0.687,0.691,0.701,0.717,0.755
659,0.768,0.812,0.832,0.852,0.744,0.688,0.687,0.691,0.92,0.982,0.834,0.687,0.703,0.681,0.726,0.762,0.764,0.798,0.806,0.793,0.74,0.721,0.693,0.746,0.809,0.848,0.881,0.242,0.246,0.25,0.254,0.257,0.651,0.668,0.643,0.654,0.63,0.597,0.623,0.67,0.722,0.744,0.75,0.666,0.52,0.762,0.758,0.754,0.749,0.744,0.739,0.735,0.701
669,0.756,0.762,0.765,0.762,0.758,0.754,0.749,0.744,0.722,0.72,0.762,0.736,0.711,0.696,0.668,0.67,0.72,0.818,0.92,0.982,0.834,0.687,0.703,0.681,0.726,0.762,0.764,0.285,0.276,0.268,0.262,0.257,0.641,0.663,0.637,0.619,0.649,0.628,0.628,0.656,0.647,0.671,0.651,0.668,0.643,0.75,0.75,0.751,0.752,0.752,0.753,0.753,0.739
679,0.717,0.741,0.747,0.75,0.75,0.751,0.752,0.752,0.706,0.706,0.706,0.725,0.704,0.707,0.698,0.709,0.682,0.689,0.722,0.72,0.762,0.736,0.711,0.696,0.668,0.67,0.72,0.245,0.242,0.238,0.259,0.291,0.459,0.508,0.558,0.581,0.546,0.576,0.531,0.536,0.581,0.59,0.641,0.663,0.637,0.707,0.709,0.71,0.712,0.714,0.715,0.716,0.753
689,0.701,0.698,0.704,0.707,0.709,0.71,0.712,0.714,0.654,0.683,0.679,0.714,0.71,0.686,0.638,0.645,0.653,0.683,0.706,0.706,0.706,0.725,0.704,0.707,0.698,0.709,0.682,0.237,0.239,0.242,0.245,0.248,0.611,0.613,0.588,0.549,0.487,0.452,0.393,0.435,0.423,0.446,0.459,0.508,0.558,0.737,0.732,0.726,0.72,0.715,0.709,0.705,0.715
699,0.72,0.747,0.743,0.737,0.732,0.726,0.72,0.715,0.69,0.714,0.711,0.691,0.679,0.683,0.686,0.652,0.672,0.65,0.654,0.683,0.679,0.714,0.71,0.686,0.638,0.645,0.653,0.237,0.237,0.237,0.237,0.237,0.432,0.533,0.668,0.705,0.755,0.683,0.617,0.579,0.567,0.573,0.611,0.613,0.588,0.716,0.758,0.797,0.768,0.738,0.724,0.722,0.709
709,0.714,0.685,0.703,0.716,0.758,0.797,0.768,0.738,0.642,0.645,0.696,0.747,0.76,0.706,0.703,0.674,0.637,0.684,0.69,0.714,0.711,0.691,0.679,0.683,0.686,0.652,0.672,0.261,0.273,0.237,0.237,0.237,0.574,0.545,0.501,0.527,0.524,0.483,0.455,0.442,0.387,0.453,0.432,0.533,0.668,0.719,0.734,0.737,0.73,0.745,0.708,0.711,0.724
719,0.737,0.731,0.725,0.719,0.734,0.737,0.73,0.745,0.639,0.633,0.655,0.683,0.683,0.701,0.67,0.695,0.672,0.609,0.642,0.645,0.696,0.747,0.76,0.706,0.703,0.674,0.637,0.266,0.268,0.265,0.263,0.26,0.614,0.647,0.629,0.619,0.674,0.696,0.699,0.7,0.649,0.626,0.574,0.545,0.501,0.76,0.737,0.742,0.747,0.749,0.75,0.744,0.708
729,0.749,0.753,0.756,0.76,0.737,0.742,0.747,0.749,0.75,0.696,0.629,0.629,0.644,0.705,0.751,0.713,0.679,0.664,0.639,0.633,0.655,0.683,0.683,0.701,0.67,0.695,0.672,0.23,0.231,0.233,0.234,0.236,0.698,0.751,0.757,0.676,0.532,0.4,0.287,0.324,0.474,0.592,0.614,0.647,0.629,0.862,0.867,0.848,0.757,0.68,0.684,0.724,0.75
739,0.795,0.814,0.834,0.862,0.867,0.848,0.757,0.68,0.756,0.869,0.942,0.926,0.801,0.612,0.606,0.628,0.672,0.709,0.75,0.696,0.629,0.629,0.644,0.705,0.751,0.713,0.679,0.214,0.216,0.217,0.219,0.22,0.656,0.68,0.687,0.703,0.75,0.658,0.662,0.648,0.662,0.703,0.698,0.751,0.757,0.827,0.837,0.841,0.83,0.819,0.809,0.798,0.684
749,0.806,0.808,0.818,0.827,0.837,0.841,0.83,0.819,0.74,0.759,0.803,0.814,0.802,0.75,0.699,0.676,0.665,0.684,0.756,0.869,0.942,0.926,0.801,0.612,0.606,0.628,0.672,0.2,0.152,0.16,0.168,0.175,0.723,0.743,0.748,0.746,0.732,0.674,0.634,0.613,0.626,0.638,0.656,0.68,0.687,0.829,0.831,0.826,0.818,0.809,0.804,0.805,0.809
759,0.823,0.825,0.827,0.829,0.831,0.826,0.818,0.809,0.731,0.776,0.772,0.805,0.803,0.769,0.73,0.729,0.703,0.707,0.74,0.759,0.803,0.814,0.802,0.75,0.699,0.676,0.665,0.208,0.218,0.234,0.251,0.268,0.701,0.646,0.604,0.656,0.687,0.724,0.709,0.686,0.696,0.719,0.723,0.743,0.748,0.809,0.805,0.814,0.819,0.819,0.819,0.821,0.804
769,0.83,0.823,0.816,0.809,0.805,0.814,0.819,0.819,0.805,0.776,0.733,0.745,0.759,0.767,0.742,0.73,0.729,0.723,0.731,0.776,0.772,0.805,0.803,0.769,0.73,0.729,0.703,0.252,0.238,0.225,0.211,0.201,0.558,0.582,0.622,0.665,0.731,0.744,0.753,0.748,0.75,0.752,0.701,0.646,0.604,0.802,0.823,0.831,0.832,0.834,0.835,0.836,0.819
779,0.811,0.808,0.805,0.802,0.823,0.831,0.832,0.834,0.772,0.761,0.77,0.798,0.81,0.836,0.833,0.835,0.845,0.797,0.805,0.776,0.733,0.745,0.759,0.767,0.742,0.73,0.729,0.222,0.229,0.235,0.242,0.248,0.694,0.716,0.724,0.717,0.683,0.676,0.625,0.597,0.577,0.559,0.558,0.582,0.622,0.831,0.83,0.827,0.824,0.821,0.818,0.814,0.835
789,0.81,0.817,0.824,0.831,0.83,0.827,0.824,0.821,0.76,0.772,0.798,0.799,0.837,0.796,0.823,0.814,0.805,0.77,0.772,0.761,0.77,0.798,0.81,0.836,0.833,0.835,0.845,0.229,0.227,0.224,0.221,0.219,0.745,0.694,0.684,0.638,0.606,0.596,0.605,0.616,0.648,0.678,0.694,0.716,0.724,0.826,0.82,0.809,0.798,0.789,0.796,0.803,0.818
799,0.822,0.831,0.829,0.826,0.82,0.809,0.798,0.789,0.773,0.804,0.785,0.764,0.74,0.735,0.733,0.732,0.747,0.753,0.76,0.772,0.798,0.799,0.837,0.796,0.823,0.814,0.805,0.253,0.241,0.23,0.218,0.206,0.659,0.662,0.657,0.646,0.687,0.72,0.708,0.734,0.701,0.727,0.745,0.694,0.684,0.76,0.777,0.786,0.793,0.8,0.806,0.813,0.796
809,0.768,0.779,0.784,0.76,0.777,0.786,0.793,0.8,0.708,0.668,0.626,0.696,0.71,0.706,0.735,0.721,0.778,0.776,0.773,0.804,0.785,0.764,0.74,0.735,0.733,0.732,0.747,0.259,0.26,0.261,0.262,0.263,0.609,0.595,0.586,0.576,0.582,0.611,0.631,0.657,0.634,0.649,0.659,0.662,0.657,0.76,0.76,0.759,0.759,0.759,0.758,0.758,0.806
819,0.762,0.761,0.761,0.76,0.76,0.759,0.759,0.759,0.702,0.704,0.661,0.655,0.698,0.738,0.703,0.675,0.66,0.695,0.708,0.668,0.626,0.696,0.71,0.706,0.735,0.721,0.778,0.234,0.237,0.239,0.242,0.245,0.742,0.748,0.738,0.754,0.748,0.745,0.733,0.681,0.674,0.642,0.609,0.595,0.586,0.741,0.755,0.764,0.768,0.769,0.762,0.762,0.758
829,0.696,0.712,0.726,0.741,0.755,0.764,0.768,0.769,0.606,0.622,0.644,0.67,0.687,0.683,0.679,0.674,0.674,0.699,0.702,0.704,0.661,0.655,0.698,0.738,0.703,0.675,0.66,0.222,0.216,0.209,0.208,0.209,0.74,0.748,0.702,0.673,0.673,0.653,0.675,0.659,0.72,0.733,0.742,0.748,0.738,0.675,0.672,0.668,0.664,0.66,0.666,0.681,0.762
839,0.685,0.681,0.678,0.675,0.672,0.668,0.664,0.66,0.667,0.67,0.657,0.646,0.63,0.593,0.58,0.629,0.623,0.617,0.606,0.622,0.644,0.67,0.687,0.683,0.679,0.674,0.674,0.229,0.23,0.231,0.232,0.233,0.658,0.684,0.674,0.72,0.74,0.759,0.763,0.748,0.75,0.749,0.74,0.748,0.702,0.671,0.675,0.685,0.695,0.707,0.719,0.731,0.666
849,0.667,0.668,0.67,0.671,0.675,0.685,0.695,0.707,0.669,0.673,0.626,0.628,0.663,0.674,0.665,0.706,0.704,0.677,0.667,0.67,0.657,0.646,0.63,0.593,0.58,0.629,0.623,0.22,0.22,0.221,0.222,0.223,0.553,0.476,0.419,0.438,0.474,0.504,0.509,0.555,0.612,0.621,0.658,0.684,0.674,0.675,0.669,0.663,0.662,0.663,0.665,0.666,0.719
859,0.697,0.687,0.681,0.675,0.669,0.663,0.662,0.663,0.629,0.629,0.629,0.679,0.637,0.642,0.66,0.669,0.665,0.661,0.669,0.673,0.626,0.628,0.663,0.674,0.665,0.706,0.704,0.211,0.212,0.213,0.214,0.214,0.802,0.78,0.783,0.773,0.797,0.807,0.801,0.805,0.757,0.644,0.553,0.476,0.419,0.7,0.719,0.737,0.752,0.738,0.724,0.711,0.665
869,0.693,0.689,0.686,0.7,0.719,0.737,0.752,0.738,0.553,0.555,0.572,0.595,0.638,0.668,0.669,0.638,0.629,0.629,0.629,0.629,0.629,0.679,0.637,0.642,0.66,0.669,0.665,0.2,0.202,0.203,0.205,0.206,0.717,0.776,0.761,0.711,0.77,0.768,0.812,0.809,0.809,0.806,0.802,0.78,0.783,0.672,0.647,0.661,0.686,0.704,0.7,0.696,0.724
879,0.698,0.691,0.684,0.672,0.647,0.661,0.686,0.704,0.666,0.637,0.593,0.582,0.587,0.637,0.662,0.652,0.646,0.604,0.553,0.555,0.572,0.595,0.638,0.668,0.669,0.638,0.629,0.262,0.255,0.249,0.243,0.237,0.699,0.761,0.743,0.688,0.74,0.69,0.789,0.805,0.8,0.753,0.717,0.776,0.761,0.666,0.661,0.65,0.664,0.686,0.713,0.708,0.7
889,0.673,0.703,0.683,0.666,0.661,0.65,0.664,0.686,0.67,0.643,0.611,0.547,0.558,0.599,0.664,0.67,0.67,0.652,0.666,0.637,0.593,0.582,0.587,0.637,0.662,0.652,0.646,0.206,0.205,0.204,0.203,0.202,0.167,0.189,0.238,0.237,0.336,0.396,0.454,0.501,0.585,0.614,0.699,0.761,0.743,0.661,0.659,0.627,0.656,0.653,0.651,0.65,0.713
899,0.657,0.659,0.661,0.661,0.659,0.627,0.656,0.653,0.642,0.631,0.633,0.647,0.662,0.633,0.621,0.588,0.555,0.628,0.67,0.643,0.611,0.547,0.558,0.599,0.664,0.67,0.67,0.22,0.219,0.217,0.216,0.214,0.382,0.331,0.4,0.425,0.381,0.356,0.307,0.265,0.251,0.252,0.167,0.189,0.238,0.69,0.696,0.694,0.692,0.682,0.63,0.648,0.651
909,0.667,0.656,0.673,0.69,0.696,0.694,0.692,0.682,0.595,0.624,0.68,0.727,0.728,0.67,0.654,0.639,0.651,0.657,0.642,0.631,0.633,0.647,0.662,0.633,0.621,0.588,0.555,0.216,0.207,0.198,0.233,0.214,0.496,0.493,0.51,0.465,0.391,0.349,0.338,0.268,0.264,0.277,0.382,0.331,0.4,0.732,0.725,0.565,0.638,0.632,0.664,0.651,0.63
919,0.52,0.57,0.633,0.732,0.725,0.565,0.638,0.632,0.639,0.772,0.718,0.644,0.635,0.636,0.629,0.622,0.653,0.597,0.595,0.624,0.68,0.727,0.728,0.67,0.654,0.639,0.651,0.309,0.3,0.29,0.281,0.272,0.792,0.783,0.694,0.601,0.47,0.401,0.263,0.391,0.498,0.505,0.496,0.493,0.51,0.727,0.725,0.723,0.559,0.424,0.429,0.478,0.664
929,0.702,0.712,0.721,0.727,0.725,0.723,0.559,0.424,0.758,0.775,0.844,0.878,0.676,0.491,0.464,0.451,0.493,0.539,0.639,0.772,0.718,0.644,0.635,0.636,0.629,0.622,0.653,0.249,0.233,0.223,0.234,0.244,0.643,0.709,0.711,0.64,0.672,0.664,0.63,0.692,0.748,0.797,0.792,0.783,0.694,0.682,0.675,0.676,0.675,0.662,0.655,0.682,0.429
939,0.665,0.663,0.701,0.682,0.675,0.676,0.675,0.662,0.74,0.708,0.708,0.717,0.668,0.64,0.62,0.65,0.695,0.718,0.758,0.775,0.844,0.878,0.676,0.491,0.464,0.451,0.493,0.216,0.164,0.146,0.129,0.176,0.612,0.684,0.627,0.685,0.647,0.621,0.632,0.604,0.645,0.671,0.643,0.709,0.711,0.676,0.675,0.674,0.673,0.671,0.669,0.667,0.655
949,0.66,0.701,0.678,0.676,0.675,0.674,0.673,0.671,0.7,0.689,0.695,0.712,0.698,0.7,0.698,0.693,0.673,0.692,0.74,0.708,0.708,0.717,0.668,0.64,0.62,0.65,0.695,0.221,0.23,0.24,0.25,0.259,0.772,0.78,0.713,0.707,0.636,0.633,0.6,0.56,0.602,0.586,0.612,0.684,0.627,0.695,0.694,0.688,0.679,0.67,0.677,0.669,0.669
959,0.681,0.71,0.709,0.695,0.694,0.688,0.679,0.67,0.696,0.696,0.697,0.697,0.699,0.674,0.684,0.695,0.669,0.714,0.7,0.689,0.695,0.712,0.698,0.7,0.698,0.693,0.673,0.222,0.229,0.236,0.242,0.249,0.796,0.801,0.8,0.776,0.752,0.731,0.725,0.72,0.735,0.754,0.772,0.78,0.713,0.723,0.711,0.699,0.688,0.676,0.672,0.669,0.677
969,0.71,0.721,0.723,0.723,0.711,0.699,0.688,0.676,0.771,0.77,0.777,0.714,0.692,0.66,0.662,0.651,0.639,0.684,0.696,0.696,0.697,0.697,0.699,0.674,0.684,0.695,0.669,0.189,0.189,0.191,0.192,0.193,0.702,0.671,0.698,0.701,0.687,0.706,0.701,0.729,0.759,0.772,0.796,0.801,0.8,0.674,0.671,0.669,0.666,0.664,0.671,0.691,0.672
979,0.675,0.679,0.676,0.674,0.671,0.669,0.666,0.664,0.677,0.678,0.669,0.688,0.672,0.663,0.655,0.673,0.697,0.707,0.771,0.77,0.777,0.714,0.692,0.66,0.662,0.651,0.639,0.156,0.151,0.146,0.168,0.212,0.261,0.273,0.326,0.384,0.421,0.466,0.493,0.563,0.579,0.638,0.702,0.671,0.698,0.665,0.677,0.664,0.664,0.663,0.666,0.67,0.671
989,0.657,0.655,0.656,0.665,0.677,0.664,0.664,0.663,0.632,0.68,0.672,0.654,0.664,0.636,0.633,0.632,0.659,0.667,0.677,0.678,0.669,0.688,0.672,0.663,0.655,0.673,0.697,0.197,0.197,0.195,0.19,0.185,0.513,0.421,0.353,0.312,0.272,0.251,0.3,0.246,0.282,0.255,0.261,0.273,0.326,0.686,0.679,0.664,0.661,0.664,0.665,0.661,0.666
999,0.704,0.7,0.693,0.686,0.679,0.664,0.661,0.664,0.7,0.709,0.686,0.649,0.656,0.619,0.666,0.696,0.696,0.659,0.632,0.68,0.672,0.654,0.664,0.636,0.633,0.632,0.659,0.207,0.205,0.202,0.2,0.2,0.801,0.782,0.766,0.744,0.746,0.742,0.769,0.757,0.692,0.615,0.513,0.421,0.353,0.698,0.689,0.682,0.693,0.704,0.711,0.707,0.665
1009,0.712,0.715,0.708,0.698,0.689,0.682,0.693,0.704,0.712,0.679,0.664,0.615,0.645,0.667,0.67,0.701,0.714,0.687,0.7,0.709,0.686,0.649,0.656,0.619,0.666,0.696,0.696,0.244,0.24,0.236,0.232,0.228,0.685,0.717,0.738,0.751,0.778,0.808,0.794,0.8,0.804,0.804,0.801,0.782,0.766,0.687,0.697,0.7,0.703,0.705,0.708,0.71,0.711
1019,0.658,0.668,0.678,0.687,0.697,0.7,0.703,0.705,0.651,0.651,0.651,0.678,0.671,0.688,0.675,0.673,0.712,0.712,0.712,0.679,0.664,0.615,0.645,0.667,0.67,0.701,0.714,0.239,0.242,0.244,0.247,0.249,0.625,0.643,0.702,0.713,0.699,0.679,0.636,0.612,0.619,0.664,0.685,0.717,0.738,0.643,0.657,0.671,0.668,0.652,0.642,0.648,0.708
1029,0.623,0.627,0.63,0.643,0.657,0.671,0.668,0.652,0.644,0.643,0.688,0.675,0.73,0.713,0.642,0.638,0.621,0.64,0.651,0.651,0.651,0.678,0.671,0.688,0.675,0.673,0.712,0.214,0.217,0.219,0.222,0.224,0.79,0.797,0.808,0.757,0.696,0.649,0.589,0.617,0.591,0.607,0.625,0.643,0.702,0.672,0.677,0.657,0.636,0.634,0.632,0.619,0.642
1039,0.657,0.662,0.667,0.672,0.677,0.657,0.636,0.634,0.694,0.721,0.707,0.698,0.676,0.665,0.649,0.656,0.637,0.64,0.644,0.643,0.688,0.675,0.73,0.713,0.642,0.638,0.621,0.201,0.203,0.204,0.205,0.206,0.858,0.842,0.855,0.845,0.798,0.796,0.806,0.798,0.765,0.743,0.79,0.797,0.808,0.688,0.703,0.7,0.698,0.696,0.694,0.67,0.632
1049,0.684,0.671,0.657,0.688,0.703,0.7,0.698,0.696,0.687,0.693,0.719,0.726,0.676,0.72,0.719,0.658,0.608,0.638,0.694,0.721,0.707,0.698,0.676,0.665,0.649,0.656,0.637,0.179,0.175,0.172,0.168,0.173,0.321,0.472,0.688,0.835,1.0,0.988,0.891,0.881,0.867,0.85,0.858,0.842,0.855,0.589,0.661,0.694,0.695,0.696,0.694,0.691,0.694
1059,0.566,0.554,0.571,0.589,0.661,0.694,0.695,0.696,0.548,0.558,0.73,0.713,0.762,0.759,0.729,0.72,0.719,0.75,0.687,0.693,0.719,0.726,0.676,0.72,0.719,0.658,0.608,0.185,0.187,0.189,0.192,0.194,0.325,0.324,0.325,0.317,0.323,0.326,0.25,0.25,0.242,0.251,0.321,0.472,0.688,0.671,0.615,0.61,0.619,0.619,0.562,0.557,0.694
1069,0.659,0.682,0.685,0.671,0.615,0.61,0.619,0.619,0.665,0.712,0.657,0.637,0.672,0.735,0.679,0.592,0.588,0.6,0.548,0.558,0.73,0.713,0.762,0.759,0.729,0.72,0.719,0.208,0.202,0.197,0.191,0.185,0.695,0.691,0.618,0.506,0.491,0.426,0.372,0.379,0.321,0.324,0.325,0.324,0.325,0.67,0.666,0.676,0.646,0.619,0.625,0.63,0.562
1079,0.68,0.677,0.673,0.67,0.666,0.676,0.646,0.619,0.621,0.631,0.662,0.666,0.692,0.601,0.586,0.585,0.599,0.635,0.665,0.712,0.657,0.637,0.672,0.735,0.679,0.592,0.588,0.295,0.33,0.283,0.243,0.217,0.499,0.502,0.505,0.501,0.497,0.503,0.515,0.639,0.797,0.735,0.695,0.691,0.618,0.164,0.141,0.119,0.0962,0.167,0.419,0.625,0.625
1089,0.251,0.216,0.187,0.164,0.141,0.119,0.0962,0.167,0.389,0.4,0.39,0.387,0.295,0.273,0.328,0.478,0.681,0.681,0.621,0.631,0.662,0.666,0.692,0.601,0.586,0.585,0.599,0.226,0.229,0.232,0.235,0.238,0.549,0.573,0.62,0.627,0.587,0.502,0.493,0.498,0.501,0.504,0.499,0.502,0.505,0.508,0.542,0.511,0.458,0.404,0.348,0.291,0.419
1099,0.472,0.469,0.484,0.508,0.542,0.511,0.458,0.404,0.536,0.579,0.652,0.652,0.648,0.573,0.568,0.543,0.494,0.42,0.389,0.4,0.39,0.387,0.295,0.273,0.328,0.478,0.681,0.00843,0.014,0.0363,0.125,0.162,0.407,0.408,0.468,0.504,0.492,0.534,0.557,0.547,0.55,0.552,0.549,0.573,0.62,0.473,0.474,0.472,0.474,0.472,0.47,0.464,0.348
1109,0.501,0.479,0.467,0.473,0.474,0.472,0.474,0.472,0.492,0.49,0.517,0.483,0.515,0.518,0.532,0.532,0.525,0.522,0.536,0.579,0.652,0.652,0.648,0.573,0.568,0.543,0.494,0.108,0.101,0.094,0.087,0.0799,0.401,0.399,0.403,0.4,0.407,0.39,0.404,0.397,0.4,0.401,0.407,0.408,0.468,0.691,0.676,0.656,0.624,0.579,0.546,0.515,0.47
1119,0.679,0.683,0.687,0.691,0.676,0.656,0.624,0.579,0.603,0.597,0.601,0.598,0.6,0.58,0.527,0.519,0.51,0.494,0.492,0.49,0.517,0.483,0.515,0.518,0.532,0.532,0.525,0.179,0.171,0.164,0.157,0.15,0.497,0.497,0.504,0.496,0.508,0.5,0.507,0.404,0.396,0.397,0.401,0.399,0.403,0.782,0.782,0.783,0.795,0.781,0.737,0.693,0.546
1129,0.76,0.78,0.783,0.782,0.782,0.783,0.795,0.781,0.688,0.718,0.668,0.707,0.729,0.746,0.693,0.623,0.595,0.593,0.603,0.597,0.601,0.598,0.6,0.58,0.527,0.519,0.51,0.264,0.255,0.247,0.238,0.23,0.752,0.634,0.625,0.627,0.607,0.546,0.549,0.554,0.553,0.498,0.497,0.497,0.504,0.857,0.836,0.813,0.79,0.767,0.729,0.732,0.737
1139,0.838,0.884,0.871,0.857,0.836,0.813,0.79,0.767,0.78,0.798,0.793,0.725,0.72,0.685,0.647,0.616,0.602,0.641,0.688,0.718,0.668,0.707,0.729,0.746,0.693,0.623,0.595,0.288,0.278,0.265,0.252,0.239,0.501,0.491,0.624,0.619,0.627,0.631,0.622,0.634,0.677,0.758,0.752,0.634,0.625,0.639,0.665,0.7,0.736,0.747,0.758,0.792,0.729
1149,0.699,0.62,0.607,0.639,0.665,0.7,0.736,0.747,0.544,0.546,0.561,0.572,0.575,0.579,0.537,0.6,0.666,0.786,0.78,0.798,0.793,0.725,0.72,0.685,0.647,0.616,0.602,0.244,0.226,0.232,0.237,0.244,0.623,0.622,0.631,0.617,0.631,0.623,0.62,0.633,0.576,0.55,0.501,0.491,0.624,0.754,0.749,0.744,0.738,0.732,0.73,0.731,0.758
1159,0.769,0.763,0.758,0.754,0.749,0.744,0.738,0.732,0.634,0.609,0.61,0.592,0.626,0.608,0.646,0.688,0.651,0.544,0.544,0.546,0.561,0.572,0.575,0.579,0.537,0.6,0.666,0.177,0.225,0.273,0.32,0.368,0.5,0.525,0.625,0.623,0.62,0.623,0.626,0.625,0.629,0.623,0.623,0.622,0.631,0.798,0.803,0.805,0.799,0.791,0.784,0.776,0.73
1169,0.794,0.772,0.785,0.798,0.803,0.805,0.799,0.791,0.556,0.596,0.635,0.645,0.672,0.676,0.64,0.641,0.632,0.631,0.634,0.609,0.61,0.592,0.626,0.608,0.646,0.688,0.651,0.26,0.254,0.248,0.24,0.226,0.595,0.607,0.598,0.602,0.602,0.554,0.555,0.545,0.503,0.503,0.5,0.525,0.625,0.732,0.737,0.74,0.742,0.767,0.776,0.785,0.784
1179,0.719,0.723,0.728,0.732,0.737,0.74,0.742,0.767,0.478,0.509,0.527,0.558,0.598,0.597,0.608,0.618,0.58,0.56,0.556,0.596,0.635,0.645,0.672,0.676,0.64,0.641,0.632,0.317,0.311,0.306,0.3,0.294,0.681,0.681,0.678,0.674,0.677,0.59,0.596,0.604,0.611,0.598,0.595,0.607,0.598,0.734,0.741,0.728,0.716,0.705,0.71,0.714,0.776
1189,0.714,0.727,0.74,0.734,0.741,0.728,0.716,0.705,0.519,0.519,0.546,0.517,0.496,0.488,0.489,0.491,0.473,0.475,0.478,0.509,0.527,0.558,0.598,0.597,0.608,0.618,0.58,0.364,0.368,0.367,0.36,0.354,0.831,0.804,0.742,0.72,0.603,0.603,0.62,0.673,0.669,0.677,0.681,0.681,0.678,0.757,0.736,0.698,0.661,0.673,0.686,0.7,0.71
1199,0.707,0.727,0.751,0.757,0.736,0.698,0.661,0.673,0.545,0.552,0.548,0.463,0.378,0.388,0.401,0.402,0.442,0.503,0.519,0.519,0.546,0.517,0.496,0.488,0.489,0.491,0.473,0.351,0.35,0.349,0.348,0.347,0.877,0.884,0.869,0.876,0.875,0.876,0.881,0.88,0.881,0.827,0.831,0.804,0.742,0.729,0.726,0.72,0.715,0.709,0.703,0.703,0.686
1209,0.727,0.725,0.726,0.729,0.726,0.72,0.715,0.709,0.5,0.476,0.497,0.493,0.475,0.475,0.478,0.471,0.459,0.491,0.545,0.552,0.548,0.463,0.378,0.388,0.401,0.402,0.442,0.299,0.294,0.317,0.34,0.358,0.876,0.879,0.869,0.881,0.873,0.874,0.872,0.879,0.88,0.878,0.877,0.884,0.869,0.766,0.752,0.738,0.735,0.733,0.731,0.729,0.703
1219,0.791,0.795,0.781,0.766,0.752,0.738,0.735,0.733,0.608,0.585,0.573,0.515,0.511,0.502,0.5,0.5,0.491,0.467,0.5,0.476,0.497,0.493,0.475,0.475,0.478,0.471,0.459,0.395,0.386,0.378,0.369,0.36,0.88,0.881,0.873,0.875,0.877,0.881,0.876,0.878,0.88,0.883,0.876,0.879,0.869,0.79,0.785,0.779,0.774,0.768,0.775,0.783,0.731
1229,0.694,0.74,0.785,0.79,0.785,0.779,0.774,0.768,0.491,0.529,0.567,0.545,0.534,0.533,0.532,0.53,0.563,0.614,0.608,0.585,0.573,0.515,0.511,0.502,0.5,0.5,0.491,0.337,0.329,0.321,0.313,0.322,0.878,0.883,0.867,0.879,0.879,0.881,0.869,0.876,0.876,0.878,0.88,0.881,0.873,0.538,0.555,0.571,0.587,0.603,0.619,0.649,0.775
1239,0.568,0.518,0.521,0.538,0.555,0.571,0.587,0.603,0.345,0.328,0.342,0.342,0.342,0.325,0.306,0.298,0.337,0.4,0.491,0.529,0.567,0.545,0.534,0.533,0.532,0.53,0.563,0.501,0.484,0.468,0.452,0.435,0.954,0.957,0.942,0.879,0.858,0.88,0.876,0.881,0.881,0.874,0.878,0.883,0.867,0.676,0.685,0.694,0.696,0.684,0.667,0.617,0.619
1249,0.679,0.677,0.676,0.676,0.685,0.694,0.696,0.684,0.457,0.462,0.464,0.524,0.516,0.543,0.54,0.534,0.493,0.414,0.345,0.328,0.342,0.342,0.342,0.325,0.306,0.298,0.337,0.253,0.256,0.292,0.358,0.424,0.948,0.948,0.949,0.95,0.954,0.952,0.953,0.954,0.96,0.953,0.954,0.957,0.942,0.628,0.638,0.648,0.658,0.667,0.677,0.68,0.667
1259,0.606,0.613,0.621,0.628,0.638,0.648,0.658,0.667,0.374,0.398,0.375,0.417,0.418,0.417,0.418,0.419,0.461,0.465,0.457,0.462,0.464,0.524,0.516,0.543,0.54,0.534,0.493,0.351,0.326,0.3,0.274,0.249,0.844,0.864,0.86,0.954,0.951,0.954,0.953,0.955,0.955,0.953,0.948,0.948,0.949,0.58,0.563,0.56,0.582,0.588,0.594,0.6,0.677
1269,0.587,0.614,0.597,0.58,0.563,0.56,0.582,0.588,0.414,0.392,0.345,0.346,0.338,0.383,0.373,0.36,0.378,0.362,0.374,0.398,0.375,0.417,0.418,0.417,0.418,0.419,0.461,0.357,0.36,0.362,0.364,0.367,0.744,0.751,0.751,0.758,0.747,0.781,0.853,0.852,0.855,0.858,0.844,0.864,0.86,0.414,0.35,0.315,0.392,0.469,0.519,0.553,0.594
1279,0.502,0.507,0.489,0.414,0.35,0.315,0.392,0.469,0.445,0.419,0.309,0.222,0.249,0.26,0.31,0.332,0.352,0.404,0.414,0.392,0.345,0.346,0.338,0.383,0.373,0.36,0.378,0.315,0.307,0.299,0.295,0.304,0.823,0.82,0.833,0.826,0.752,0.753,0.757,0.751,0.749,0.755,0.744,0.751,0.751,0.529,0.422,0.331,0.291,0.336,0.402,0.458,0.519
1289,0.686,0.664,0.621,0.529,0.422,0.331,0.291,0.336,0.589,0.483,0.431,0.311,0.238,0.232,0.261,0.275,0.343,0.4,0.445,0.419,0.309,0.222,0.249,0.26,0.31,0.332,0.352,0.206,0.24,0.274,0.294,0.302,0.819,0.826,0.827,0.823,0.825,0.826,0.828,0.822,0.836,0.821,0.823,0.82,0.833,0.701,0.708,0.728,0.741,0.735,0.73,0.708,0.402
1299,0.749,0.746,0.71,0.701,0.708,0.728,0.741,0.735,0.458,0.417,0.417,0.497,0.53,0.533,0.484,0.461,0.461,0.524,0.589,0.483,0.431,0.311,0.238,0.232,0.261,0.275,0.343,0.24,0.233,0.226,0.258,0.262,0.829,0.827,0.83,0.829,0.831,0.828,0.827,0.832,0.828,0.832,0.819,0.826,0.827,0.667,0.649,0.666,0.693,0.721,0.748,0.751,0.73
1309,0.738,0.705,0.685,0.667,0.649,0.666,0.693,0.721,0.432,0.417,0.342,0.379,0.414,0.505,0.549,0.565,0.564,0.514,0.458,0.417,0.417,0.497,0.53,0.533,0.484,0.461,0.461,0.436,0.437,0.419,0.401,0.382,0.831,0.821,0.831,0.825,0.835,0.829,0.829,0.826,0.826,0.829,0.829,0.827,0.83,0.643,0.612,0.617,0.662,0.716,0.752,0.759,0.748
1319,0.628,0.691,0.693,0.643,0.612,0.617,0.662,0.716,0.466,0.411,0.303,0.308,0.361,0.435,0.531,0.561,0.551,0.495,0.432,0.417,0.342,0.379,0.414,0.505,0.549,0.565,0.564,0.53,0.536,0.509,0.481,0.454,0.779,0.828,0.831,0.82,0.797,0.835,0.822,0.822,0.829,0.828,0.831,0.821,0.831,0.554,0.593,0.619,0.645,0.649,0.655,0.654,0.752
1329,0.378,0.435,0.495,0.554,0.593,0.619,0.645,0.649,0.286,0.338,0.349,0.374,0.423,0.424,0.405,0.379,0.412,0.478,0.466,0.411,0.303,0.308,0.361,0.435,0.531,0.561,0.551,0.381,0.456,0.511,0.488,0.466,0.727,0.728,0.67,0.679,0.754,0.753,0.751,0.748,0.749,0.765,0.779,0.828,0.831,0.537,0.458,0.41,0.39,0.387,0.384,0.381,0.655
1339,0.744,0.725,0.648,0.537,0.458,0.41,0.39,0.387,0.616,0.467,0.393,0.352,0.344,0.35,0.357,0.355,0.328,0.286,0.286,0.338,0.349,0.374,0.423,0.424,0.405,0.379,0.412,0.207,0.215,0.226,0.214,0.202,0.776,0.782,0.781,0.775,0.772,0.776,0.779,0.738,0.722,0.718,0.727,0.728,0.67,0.823,0.821,0.819,0.814,0.802,0.783,0.764,0.384
1349,0.778,0.786,0.811,0.823,0.821,0.819,0.814,0.802,0.621,0.672,0.697,0.693,0.695,0.693,0.687,0.666,0.657,0.666,0.616,0.467,0.393,0.352,0.344,0.35,0.357,0.355,0.328,0.107,0.0902,0.0735,0.0689,0.0851,0.898,0.899,0.903,0.903,0.908,0.89,0.825,0.823,0.796,0.774,0.776,0.782,0.781,0.731,0.773,0.814,0.809,0.801,0.794,0.786,0.783
1359,0.703,0.709,0.714,0.731,0.773,0.814,0.809,0.801,0.495,0.508,0.598,0.68,0.695,0.654,0.618,0.573,0.57,0.591,0.621,0.672,0.697,0.693,0.695,0.693,0.687,0.666,0.657,0.625,0.576,0.526,0.471,0.406,0.498,0.529,0.631,0.643,0.752,0.793,0.922,0.948,0.953,0.962,0.898,0.899,0.903,0.359,0.409,0.464,0.526,0.589,0.651,0.697,0.794
1369,0.41,0.357,0.358,0.359,0.409,0.464,0.526,0.589,0.263,0.206,0.157,0.134,0.15,0.206,0.326,0.45,0.452,0.462,0.495,0.508,0.598,0.68,0.695,0.654,0.618,0.573,0.57,0.781,0.813,0.782,0.782,0.782,0.502,0.5,0.508,0.503,0.499,0.5,0.502,0.501,0.497,0.502,0.498,0.529,0.631,0.509,0.502,0.496,0.489,0.482,0.476,0.469,0.651
1379,0.496,0.489,0.5,0.509,0.502,0.496,0.489,0.482,0.361,0.403,0.409,0.409,0.387,0.372,0.42,0.42,0.358,0.292,0.263,0.206,0.157,0.134,0.15,0.206,0.326,0.45,0.452,0.241,0.365,0.474,0.526,0.579,0.596,0.574,0.529,0.507,0.5,0.504,0.503,0.497,0.498,0.5,0.502,0.5,0.508,0.646,0.624,0.602,0.581,0.56,0.538,0.517,0.476
1389,0.648,0.666,0.671,0.646,0.624,0.602,0.581,0.56,0.513,0.492,0.455,0.414,0.442,0.414,0.426,0.409,0.382,0.373,0.361,0.403,0.409,0.409,0.387,0.372,0.42,0.42,0.358,0.254,0.246,0.238,0.231,0.225,0.625,0.633,0.604,0.599,0.605,0.602,0.6,0.605,0.608,0.602,0.596,0.574,0.529,0.633,0.62,0.606,0.593,0.601,0.615,0.63,0.538
1399,0.616,0.623,0.629,0.633,0.62,0.606,0.593,0.601,0.432,0.436,0.435,0.434,0.375,0.362,0.362,0.402,0.447,0.479,0.513,0.492,0.455,0.414,0.442,0.414,0.426,0.409,0.382,0.336,0.325,0.316,0.308,0.3,0.701,0.632,0.624,0.624,0.63,0.631,0.625,0.628,0.625,0.63,0.625,0.633,0.604,0.611,0.599,0.593,0.59,0.597,0.603,0.61,0.615
1409,0.671,0.68,0.645,0.611,0.599,0.593,0.59,0.597,0.482,0.459,0.395,0.394,0.393,0.398,0.4,0.426,0.402,0.415,0.432,0.436,0.435,0.434,0.375,0.362,0.362,0.402,0.447,0.364,0.373,0.381,0.39,0.398,0.814,0.754,0.815,0.878,0.879,0.805,0.795,0.793,0.8,0.718,0.701,0.632,0.624,0.562,0.582,0.589,0.596,0.613,0.64,0.657,0.603
1419,0.507,0.507,0.52,0.562,0.582,0.589,0.596,0.613,0.332,0.378,0.378,0.378,0.378,0.348,0.417,0.472,0.505,0.509,0.482,0.459,0.395,0.394,0.393,0.398,0.4,0.426,0.402,0.352,0.346,0.34,0.334,0.327,0.936,0.926,0.928,0.931,0.936,0.938,0.809,0.81,0.815,0.819,0.814,0.754,0.815,0.498,0.486,0.497,0.477,0.455,0.458,0.466,0.64
1429,0.533,0.522,0.51,0.498,0.486,0.497,0.477,0.455,0.377,0.369,0.369,0.41,0.376,0.361,0.32,0.319,0.382,0.332,0.332,0.378,0.378,0.378,0.378,0.348,0.417,0.472,0.505,0.327,0.338,0.348,0.359,0.37,0.932,0.932,0.927,0.941,0.942,0.94,0.931,0.928,0.931,0.923,0.936,0.926,0.928,0.572,0.575,0.579,0.581,0.569,0.557,0.545,0.458
1439,0.554,0.559,0.568,0.572,0.575,0.579,0.581,0.569,0.38,0.356,0.36,0.373,0.371,0.373,0.375,0.394,0.384,0.366,0.377,0.369,0.369,0.41,0.376,0.361,0.32,0.319,0.382,0.242,0.239,0.241,0.251,0.262,0.694,0.691,0.708,0.705,0.7,0.712,0.71,0.705,0.702,0.695,0.932,0.932,0.927,0.713,0.713,0.714,0.715,0.711,0.682,0.595,0.557
1449,0.714,0.713,0.712,0.713,0.713,0.714,0.715,0.711,0.451,0.46,0.453,0.494,0.529,0.556,0.527,0.413,0.386,0.384,0.38,0.356,0.36,0.373,0.371,0.373,0.375,0.394,0.384,0.232,0.235,0.238,0.241,0.244,0.695,0.698,0.698,0.711,0.695,0.701,0.691,0.697,0.701,0.696,0.694,0.691,0.708,0.722,0.722,0.721,0.719,0.718,0.717,0.716,0.682
1459,0.721,0.721,0.722,0.722,0.722,0.721,0.719,0.718,0.464,0.469,0.467,0.462,0.466,0.492,0.499,0.476,0.454,0.456,0.451,0.46,0.453,0.494,0.529,0.556,0.527,0.413,0.386,0.366,0.362,0.337,0.309,0.281,0.812,0.803,0.809,0.814,0.825,0.698,0.699,0.698,0.693,0.701,0.695,0.698,0.698,0.662,0.679,0.719,0.719,0.72,0.72,0.721,0.717
1469,0.651,0.655,0.659,0.662,0.679,0.719,0.719,0.72,0.371,0.373,0.412,0.467,0.467,0.467,0.445,0.462,0.453,0.48,0.464,0.469,0.467,0.462,0.466,0.492,0.499,0.476,0.454,0.4,0.396,0.393,0.39,0.386,0.811,0.795,0.801,0.81,0.816,0.812,0.812,0.811,0.812,0.81,0.812,0.803,0.809,0.66,0.66,0.661,0.661,0.662,0.656,0.652,0.72
1479,0.666,0.659,0.659,0.66,0.66,0.661,0.661,0.662,0.407,0.403,0.4,0.395,0.391,0.387,0.38,0.414,0.423,0.386,0.371,0.373,0.412,0.467,0.467,0.467,0.445,0.462,0.453,0.434,0.431,0.427,0.424,0.42,0.696,0.69,0.733,0.762,0.763,0.754,0.75,0.757,0.758,0.809,0.811,0.795,0.801,0.71,0.684,0.681,0.683,0.685,0.681,0.674,0.656
1489,0.7,0.707,0.713,0.71,0.684,0.681,0.683,0.685,0.453,0.499,0.455,0.451,0.447,0.434,0.413,0.415,0.417,0.417,0.407,0.403,0.4,0.395,0.391,0.387,0.38,0.414,0.423,0.33,0.382,0.369,0.356,0.344,0.684,0.692,0.688,0.688,0.688,0.688,0.687,0.698,0.7,0.691,0.696,0.69,0.733,0.627,0.629,0.631,0.633,0.635,0.645,0.672,0.681
1499,0.622,0.624,0.625,0.627,0.629,0.631,0.633,0.635,0.427,0.399,0.423,0.432,0.401,0.379,0.398,0.418,0.443,0.46,0.453,0.499,0.455,0.451,0.447,0.434,0.413,0.415,0.417,0.34,0.336,0.333,0.329,0.325,0.693,0.695,0.702,0.699,0.689,0.698,0.694,0.691,0.694,0.691,0.684,0.692,0.688,0.643,0.647,0.651,0.648,0.618,0.62,0.621,0.645
1509,0.578,0.601,0.625,0.643,0.647,0.651,0.648,0.618,0.363,0.39,0.409,0.435,0.42,0.406,0.39,0.41,0.373,0.396,0.427,0.399,0.423,0.432,0.401,0.379,0.398,0.418,0.443,0.299,0.325,0.35,0.355,0.36,0.654,0.648,0.642,0.636,0.64,0.64,0.585,0.571,0.691,0.7,0.693,0.695,0.702,0.658,0.622,0.607,0.586,0.562,0.539,0.554,0.62
1519,0.733,0.721,0.697,0.658,0.622,0.607,0.586,0.562,0.537,0.49,0.466,0.459,0.412,0.336,0.332,0.329,0.342,0.339,0.363,0.39,0.409,0.435,0.42,0.406,0.39,0.41,0.373,0.305,0.311,0.316,0.322,0.328,0.697,0.702,0.707,0.671,0.665,0.662,0.662,0.662,0.662,0.655,0.654,0.648,0.642,0.777,0.792,0.791,0.779,0.767,0.756,0.744,0.539
1529,0.732,0.746,0.761,0.777,0.792,0.791,0.779,0.767,0.528,0.568,0.568,0.577,0.579,0.564,0.534,0.568,0.551,0.528,0.537,0.49,0.466,0.459,0.412,0.336,0.332,0.329,0.342,0.335,0.313,0.29,0.268,0.27,0.7,0.699,0.708,0.702,0.697,0.701,0.704,0.702,0.708,0.702,0.697,0.702,0.707,0.639,0.65,0.661,0.675,0.689,0.703,0.717,0.756
1539,0.609,0.618,0.627,0.639,0.65,0.661,0.675,0.689,0.357,0.344,0.358,0.322,0.349,0.405,0.418,0.431,0.45,0.491,0.528,0.568,0.568,0.577,0.579,0.564,0.534,0.568,0.551,0.619,0.584,0.549,0.514,0.479,0.705,0.699,0.703,0.644,0.64,0.694,0.701,0.702,0.706,0.702,0.7,0.699,0.708,0.547,0.549,0.544,0.541,0.544,0.547,0.586,0.703
1549,0.525,0.537,0.544,0.547,0.549,0.544,0.541,0.544,0.407,0.398,0.35,0.321,0.346,0.34,0.325,0.33,0.343,0.367,0.357,0.344,0.358,0.322,0.349,0.405,0.418,0.431,0.45,0.487,0.524,0.561,0.597,0.63,0.701,0.703,0.699,0.696,0.698,0.701,0.698,0.706,0.697,0.702,0.705,0.699,0.703,0.48,0.476,0.471,0.475,0.487,0.5,0.512,0.547
1559,0.498,0.489,0.485,0.48,0.476,0.471,0.475,0.487,0.315,0.311,0.307,0.295,0.301,0.307,0.309,0.296,0.336,0.372,0.407,0.398,0.35,0.321,0.346,0.34,0.325,0.33,0.343,0.242,0.238,0.252,0.275,0.298,0.703,0.698,0.705,0.698,0.707,0.696,0.705,0.707,0.701,0.697,0.701,0.703,0.699,0.542,0.555,0.555,0.555,0.549,0.526,0.508,0.5
1569,0.503,0.51,0.524,0.542,0.555,0.555,0.555,0.549,0.324,0.359,0.359,0.37,0.376,0.376,0.376,0.337,0.337,0.326,0.315,0.311,0.307,0.295,0.301,0.307,0.309,0.296,0.336,0.279,0.278,0.274,0.27,0.266,0.699,0.706,0.698,0.703,0.698,0.7,0.711,0.701,0.704,0.709,0.703,0.698,0.705,0.585,0.557,0.528,0.523,0.524,0.517,0.509,0.526
1579,0.645,0.627,0.609,0.585,0.557,0.528,0.523,0.524,0.474,0.494,0.442,0.409,0.417,0.385,0.34,0.359,0.342,0.323,0.324,0.359,0.359,0.37,0.376,0.376,0.376,0.337,0.337,0.278,0.271,0.265,0.259,0.253,0.707,0.704,0.701,0.709,0.698,0.699,0.702,0.7,0.7,0.696,0.699,0.706,0.698,0.69,0.686,0.682,0.678,0.674,0.67,0.666,0.517
1589,0.746,0.727,0.709,0.69,0.686,0.682,0.678,0.674,0.484,0.498,0.478,0.486,0.463,0.502,0.494,0.496,0.491,0.472,0.474,0.494,0.442,0.409,0.417,0.385,0.34,0.359,0.342,0.248,0.253,0.258,0.263,0.268,0.749,0.753,0.708,0.705,0.699,0.703,0.694,0.699,0.703,0.713,0.707,0.704,0.701,0.758,0.734,0.715,0.72,0.733,0.74,0.747,0.67
1599,0.731,0.741,0.752,0.758,0.734,0.715,0.72,0.733,0.485,0.496,0.461,0.457,0.459,0.461,0.47,0.516,0.512,0.513,0.484,0.498,0.478,0.486,0.463,0.502,0.494,0.496,0.491,0.287,0.28,0.274,0.267,0.261,0.827,0.822,0.82,0.822,0.82,0.757,0.749,0.756,0.751,0.751,0.749,0.753,0.708,0.49,0.575,0.625,0.682,0.702,0.71,0.721,0.74
1609,0.147,0.315,0.404,0.49,0.575,0.625,0.682,0.702,0.165,0.188,0.26,0.339,0.353,0.399,0.419,0.454,0.437,0.483,0.485,0.496,0.461,0.457,0.459,0.461,0.47,0.516,0.512,0.406,0.412,0.407,0.394,0.38,0.208,0.203,0.21,0.211,0.208,0.211,0.177,0.174,0.824,0.828,0.827,0.822,0.82,0.352,0.371,0.396,0.352,0.00125,0.0,0.0519,0.71
1619,0.284,0.3,0.34,0.352,0.371,0.396,0.352,0.00125,0.12,0.147,0.202,0.28,0.19,0.0731,0.0963,0.137,0.0784,0.171,0.165,0.188,0.26,0.339,0.353,0.399,0.419,0.454,0.437,0.324,0.365,0.38,0.391,0.402,0.21,0.205,0.203,0.21,0.198,0.189,0.192,0.193,0.196,0.206,0.208,0.203,0.21,0.419,0.386,0.311,0.271,0.251,0.232,0.25,0.0
1629,0.472,0.458,0.425,0.419,0.386,0.311,0.271,0.251,0.192,0.193,0.163,0.101,0.0859,0.0252,0.0101,0.0,0.0409,0.0987,0.12,0.147,0.202,0.28,0.19,0.0731,0.0963,0.137,0.0784,0.137,0.124,0.0524,0.0543,0.0829,0.548,0.373,0.375,0.378,0.381,0.387,0.379,0.372,0.374,0.375,0.21,0.205,0.203,0.766,0.763,0.723,0.682,0.641,0.517,0.456,0.232
1639,0.718,0.775,0.768,0.766,0.763,0.723,0.682,0.641,0.49,0.527,0.5,0.483,0.419,0.336,0.26,0.213,0.185,0.222,0.192,0.193,0.163,0.101,0.0859,0.0252,0.0101,0.0,0.0409,0.0725,0.0404,0.0506,0.0792,0.108,0.881,0.882,0.812,0.798,0.763,0.751,0.75,0.752,0.743,0.745,0.548,0.373,0.375,0.729,0.748,0.719,0.723,0.702,0.628,0.623,0.517
1649,0.688,0.709,0.741,0.729,0.748,0.719,0.723,0.702,0.467,0.476,0.453,0.433,0.416,0.379,0.335,0.338,0.436,0.486,0.49,0.527,0.5,0.483,0.419,0.336,0.26,0.213,0.185,0.554,0.441,0.328,0.292,0.265,0.946,0.951,0.954,0.952,0.952,0.953,0.951,0.955,0.947,0.895,0.881,0.882,0.812,0.679,0.675,0.683,0.691,0.663,0.677,0.708,0.628
1659,0.713,0.715,0.688,0.679,0.675,0.683,0.691,0.663,0.439,0.476,0.454,0.434,0.382,0.379,0.384,0.404,0.442,0.447,0.467,0.476,0.453,0.433,0.416,0.379,0.335,0.338,0.436,0.509,0.539,0.569,0.663,0.826,0.952,0.957,0.946,0.951,0.953,0.954,0.949,0.953,0.946,0.966,0.946,0.951,0.954,0.669,0.679,0.685,0.69,0.695,0.701,0.707,0.677
1669,0.636,0.651,0.664,0.669,0.679,0.685,0.69,0.695,0.415,0.411,0.426,0.443,0.431,0.453,0.454,0.455,0.457,0.458,0.439,0.476,0.454,0.434,0.382,0.379,0.384,0.404,0.442,0.327,0.346,0.364,0.382,0.401,0.953,0.958,0.945,0.949,0.95,0.955,0.947,0.949,0.956,0.946,0.952,0.957,0.946,0.596,0.6,0.607,0.615,0.627,0.641,0.655,0.701
1679,0.611,0.603,0.6,0.596,0.6,0.607,0.615,0.627,0.381,0.379,0.378,0.376,0.368,0.354,0.376,0.372,0.408,0.402,0.415,0.411,0.426,0.443,0.431,0.453,0.454,0.455,0.457,0.307,0.302,0.296,0.357,0.345,0.928,0.927,0.916,0.922,0.931,0.958,0.95,0.95,0.955,0.95,0.953,0.958,0.945,0.571,0.573,0.578,0.585,0.591,0.598,0.604,0.641
1689,0.565,0.567,0.569,0.571,0.573,0.578,0.585,0.591,0.379,0.385,0.39,0.396,0.393,0.404,0.396,0.412,0.414,0.383,0.381,0.379,0.378,0.376,0.368,0.354,0.376,0.372,0.408,0.304,0.306,0.309,0.311,0.314,0.873,0.892,0.905,0.937,0.933,0.927,0.917,0.924,0.933,0.934,0.928,0.927,0.916,0.548,0.55,0.553,0.555,0.558,0.56,0.563,0.598
1699,0.506,0.521,0.535,0.548,0.55,0.553,0.555,0.558,0.339,0.352,0.401,0.391,0.386,0.362,0.389,0.356,0.374,0.353,0.379,0.385,0.39,0.396,0.393,0.404,0.396,0.412,0.414,0.278,0.281,0.283,0.286,0.288,0.849,0.859,0.854,0.827,0.832,0.833,0.817,0.856,0.852,0.869,0.873,0.892,0.905,0.611,0.584,0.558,0.532,0.505,0.479,0.492,0.56
1709,0.639,0.633,0.626,0.611,0.584,0.558,0.532,0.505,0.457,0.423,0.425,0.408,0.391,0.356,0.353,0.351,0.339,0.339,0.339,0.352,0.401,0.391,0.386,0.362,0.389,0.356,0.374,0.273,0.273,0.272,0.271,0.271,0.783,0.803,0.803,0.832,0.839,0.853,0.85,0.852,0.853,0.853,0.849,0.859,0.854,0.591,0.597,0.608,0.618,0.629,0.64,0.646,0.479
1719,0.597,0.595,0.593,0.591,0.597,0.608,0.618,0.629,0.391,0.387,0.383,0.379,0.411,0.407,0.398,0.416,0.436,0.441,0.457,0.423,0.425,0.408,0.391,0.356,0.353,0.351,0.339,0.28,0.28,0.279,0.278,0.278,0.778,0.782,0.774,0.781,0.772,0.777,0.779,0.779,0.776,0.781,0.783,0.803,0.803,0.613,0.611,0.609,0.606,0.604,0.602,0.6,0.64
1729,0.62,0.618,0.615,0.613,0.611,0.609,0.606,0.604,0.404,0.385,0.389,0.393,0.402,0.395,0.423,0.407,0.409,0.397,0.391,0.387,0.383,0.379,0.411,0.407,0.398,0.416,0.436,0.272,0.273,0.274,0.275,0.276,0.778,0.784,0.775,0.778,0.776,0.772,0.781,0.777,0.781,0.776,0.778,0.782,0.774,0.593,0.593,0.6,0.612,0.623,0.624,0.622,0.602
1739,0.582,0.592,0.592,0.593,0.593,0.6,0.612,0.623,0.395,0.399,0.395,0.367,0.36,0.347,0.394,0.421,0.43,0.42,0.404,0.385,0.389,0.393,0.402,0.395,0.423,0.407,0.409,0.263,0.264,0.265,0.266,0.267,0.764,0.757,0.756,0.749,0.747,0.755,0.754,0.745,0.787,0.783,0.778,0.784,0.775,0.527,0.516,0.505,0.495,0.501,0.528,0.555,0.624
1749,0.586,0.579,0.567,0.527,0.516,0.505,0.495,0.501,0.43,0.4,0.4,0.369,0.358,0.312,0.352,0.344,0.383,0.395,0.395,0.399,0.395,0.367,0.36,0.347,0.394,0.421,0.43,0.253,0.254,0.255,0.256,0.257,0.749,0.754,0.745,0.754,0.745,0.759,0.755,0.76,0.757,0.748,0.764,0.757,0.756,0.607,0.625,0.612,0.61,0.608,0.601,0.594,0.528
1759,0.556,0.573,0.59,0.607,0.625,0.612,0.61,0.608,0.444,0.437,0.448,0.45,0.439,0.443,0.443,0.44,0.437,0.434,0.43,0.4,0.4,0.369,0.358,0.312,0.352,0.344,0.383,0.213,0.217,0.222,0.226,0.23,0.646,0.651,0.656,0.652,0.73,0.759,0.748,0.746,0.751,0.752,0.749,0.754,0.745,0.392,0.353,0.389,0.427,0.465,0.503,0.539,0.601
1769,0.561,0.516,0.469,0.392,0.353,0.389,0.427,0.465,0.438,0.353,0.293,0.324,0.33,0.359,0.365,0.413,0.433,0.407,0.444,0.437,0.448,0.45,0.439,0.443,0.443,0.44,0.437,0.233,0.238,0.243,0.248,0.252,0.745,0.756,0.752,0.752,0.751,0.744,0.747,0.755,0.657,0.653,0.646,0.651,0.656,0.678,0.662,0.655,0.626,0.628,0.627,0.599,0.503
1779,0.701,0.695,0.689,0.678,0.662,0.655,0.626,0.628,0.488,0.491,0.459,0.467,0.424,0.467,0.467,0.442,0.444,0.437,0.438,0.353,0.293,0.324,0.33,0.359,0.365,0.413,0.433,0.175,0.164,0.158,0.152,0.146,0.808,0.799,0.803,0.8,0.794,0.768,0.75,0.757,0.753,0.758,0.745,0.756,0.752,0.742,0.736,0.73,0.724,0.718,0.713,0.707,0.627
1789,0.738,0.738,0.748,0.742,0.736,0.73,0.724,0.718,0.507,0.532,0.534,0.536,0.538,0.486,0.489,0.478,0.484,0.486,0.488,0.491,0.459,0.467,0.424,0.467,0.467,0.442,0.444,0.27,0.269,0.265,0.254,0.242,0.883,0.881,0.877,0.883,0.871,0.88,0.879,0.867,0.797,0.798,0.808,0.799,0.803,0.689,0.696,0.703,0.716,0.728,0.727,0.746,0.713
1799,0.671,0.676,0.683,0.689,0.696,0.703,0.716,0.728,0.362,0.399,0.418,0.461,0.497,0.508,0.476,0.491,0.508,0.523,0.507,0.532,0.534,0.536,0.538,0.486,0.489,0.478,0.484,0.283,0.277,0.276,0.275,0.275,0.886,0.9,0.873,0.869,0.847,0.837,0.812,0.83,0.842,0.873,0.883,0.881,0.877,0.699,0.713,0.723,0.732,0.731,0.705,0.68,0.727
1809,0.678,0.675,0.672,0.699,0.713,0.723,0.732,0.731,0.447,0.451,0.475,0.526,0.548,0.531,0.428,0.428,0.441,0.35,0.362,0.399,0.418,0.461,0.497,0.508,0.476,0.491,0.508,0.356,0.349,0.342,0.334,0.327,0.872,0.882,0.864,0.88,0.879,0.881,0.874,0.877,0.88,0.873,0.886,0.9,0.873,0.633,0.651,0.668,0.686,0.699,0.685,0.681,0.705
1819,0.51,0.557,0.605,0.633,0.651,0.668,0.686,0.699,0.37,0.406,0.41,0.436,0.45,0.48,0.491,0.443,0.443,0.436,0.447,0.451,0.475,0.526,0.548,0.531,0.428,0.428,0.441,0.29,0.276,0.263,0.25,0.237,0.878,0.881,0.876,0.881,0.872,0.877,0.881,0.875,0.875,0.883,0.872,0.882,0.864,0.324,0.338,0.35,0.361,0.372,0.416,0.462,0.685
1829,0.299,0.304,0.31,0.324,0.338,0.35,0.361,0.372,0.326,0.316,0.312,0.323,0.319,0.312,0.318,0.319,0.321,0.344,0.37,0.406,0.41,0.436,0.45,0.48,0.491,0.443,0.443,0.288,0.298,0.301,0.301,0.301,0.678,0.684,0.675,0.672,0.676,0.662,0.689,0.626,0.769,0.835,0.878,0.881,0.876,0.669,0.637,0.568,0.479,0.344,0.256,0.278,0.416
1839,0.696,0.705,0.702,0.669,0.637,0.568,0.479,0.344,0.516,0.546,0.538,0.548,0.515,0.387,0.246,0.274,0.317,0.311,0.326,0.316,0.312,0.323,0.319,0.312,0.318,0.319,0.321,0.182,0.193,0.203,0.214,0.224,0.666,0.678,0.683,0.674,0.672,0.675,0.675,0.678,0.675,0.678,0.678,0.684,0.675,0.742,0.713,0.691,0.669,0.667,0.676,0.686,0.256
1849,0.769,0.787,0.772,0.742,0.713,0.691,0.669,0.667,0.595,0.562,0.514,0.462,0.42,0.431,0.424,0.435,0.469,0.49,0.516,0.546,0.538,0.548,0.515,0.387,0.246,0.274,0.317,0.288,0.221,0.186,0.165,0.153,0.678,0.675,0.682,0.684,0.673,0.675,0.676,0.673,0.692,0.668,0.666,0.678,0.683,0.723,0.706,0.695,0.7,0.71,0.73,0.75,0.676
1859,0.731,0.746,0.741,0.723,0.706,0.695,0.7,0.71,0.531,0.505,0.458,0.423,0.409,0.444,0.475,0.523,0.56,0.591,0.595,0.562,0.514,0.462,0.42,0.431,0.424,0.435,0.469,0.331,0.334,0.337,0.34,0.343,0.68,0.671,0.682,0.674,0.679,0.674,0.674,0.679,0.676,0.687,0.678,0.675,0.682,0.717,0.708,0.699,0.69,0.684,0.7,0.715,0.73
1869,0.751,0.738,0.726,0.717,0.708,0.699,0.69,0.684,0.525,0.473,0.471,0.43,0.393,0.413,0.451,0.465,0.477,0.525,0.531,0.505,0.458,0.423,0.409,0.444,0.475,0.523,0.56,0.393,0.401,0.408,0.416,0.423,0.673,0.674,0.674,0.67,0.675,0.656,0.672,0.672,0.679,0.694,0.68,0.671,0.682,0.719,0.71,0.694,0.694,0.702,0.713,0.732,0.7
1879,0.73,0.746,0.736,0.719,0.71,0.694,0.694,0.702,0.502,0.467,0.476,0.395,0.396,0.432,0.485,0.518,0.569,0.511,0.525,0.473,0.471,0.43,0.393,0.413,0.451,0.465,0.477,0.337,0.342,0.347,0.351,0.356,0.676,0.694,0.658,0.684,0.682,0.676,0.672,0.67,0.67,0.678,0.673,0.674,0.674,0.597,0.62,0.642,0.665,0.681,0.698,0.714,0.713
1889,0.581,0.585,0.59,0.597,0.62,0.642,0.665,0.681,0.347,0.329,0.334,0.358,0.386,0.399,0.419,0.452,0.475,0.475,0.502,0.467,0.476,0.395,0.396,0.432,0.485,0.518,0.569,0.348,0.369,0.389,0.396,0.378,0.681,0.675,0.673,0.66,0.679,0.685,0.675,0.68,0.678,0.669,0.676,0.694,0.658,0.509,0.551,0.569,0.586,0.592,0.586,0.582,0.698
1899,0.408,0.43,0.471,0.509,0.551,0.569,0.586,0.592,0.292,0.293,0.298,0.341,0.376,0.381,0.385,0.39,0.345,0.366,0.347,0.329,0.334,0.358,0.386,0.399,0.419,0.452,0.475,0.306,0.316,0.325,0.324,0.322,0.635,0.632,0.623,0.621,0.626,0.618,0.627,0.624,0.633,0.628,0.681,0.675,0.673,0.539,0.529,0.52,0.501,0.46,0.432,0.42,0.586
1909,0.569,0.559,0.549,0.539,0.529,0.52,0.501,0.46,0.409,0.419,0.385,0.395,0.41,0.392,0.356,0.339,0.301,0.315,0.292,0.293,0.298,0.341,0.376,0.381,0.385,0.39,0.345,0.205,0.218,0.228,0.237,0.247,0.629,0.628,0.62,0.628,0.626,0.626,0.62,0.631,0.624,0.631,0.635,0.632,0.623,0.577,0.569,0.558,0.559,0.564,0.571,0.578,0.432
1919,0.617,0.6,0.583,0.577,0.569,0.558,0.559,0.564,0.466,0.452,0.46,0.412,0.41,0.411,0.411,0.448,0.418,0.413,0.409,0.419,0.385,0.395,0.41,0.392,0.356,0.339,0.301,0.139,0.135,0.13,0.126,0.122,0.619,0.616,0.616,0.624,0.629,0.621,0.625,0.629,0.599,0.632,0.629,0.628,0.62,0.646,0.657,0.674,0.692,0.675,0.65,0.634,0.571
1929,0.659,0.656,0.634,0.646,0.657,0.674,0.692,0.675,0.425,0.425,0.463,0.498,0.521,0.524,0.492,0.498,0.458,0.484,0.466,0.452,0.46,0.412,0.41,0.411,0.411,0.448,0.418,0.179,0.176,0.172,0.168,0.164,0.533,0.551,0.545,0.546,0.609,0.631,0.639,0.615,0.602,0.634,0.619,0.616,0.616,0.517,0.582,0.646,0.694,0.723,0.716,0.664,0.65
1939,0.378,0.393,0.455,0.517,0.582,0.646,0.694,0.723,0.264,0.236,0.286,0.352,0.447,0.513,0.522,0.5,0.477,0.453,0.425,0.425,0.463,0.498,0.521,0.524,0.492,0.498,0.458,0.204,0.202,0.2,0.199,0.197,0.57,0.521,0.52,0.53,0.494,0.449,0.452,0.459,0.452,0.45,0.533,0.551,0.545,0.825,0.841,0.849,0.79,0.695,0.582,0.431,0.716
1949,0.792,0.798,0.808,0.825,0.841,0.849,0.79,0.695,0.723,0.774,0.845,0.851,0.825,0.748,0.659,0.46,0.343,0.293,0.264,0.236,0.286,0.352,0.447,0.513,0.522,0.5,0.477,0.249,0.264,0.257,0.249,0.24,0.559,0.574,0.573,0.584,0.575,0.578,0.576,0.57,0.583,0.572,0.57,0.521,0.52,0.729,0.72,0.711,0.731,0.752,0.773,0.787,0.582
1959,0.759,0.764,0.762,0.729,0.72,0.711,0.731,0.752,0.671,0.617,0.596,0.554,0.588,0.575,0.625,0.67,0.695,0.695,0.723,0.774,0.845,0.851,0.825,0.748,0.659,0.46,0.343,0.201,0.167,0.133,0.0983,0.0713,0.621,0.563,0.576,0.578,0.581,0.569,0.58,0.574,0.568,0.579,0.559,0.574,0.573,0.869,0.838,0.807,0.777,0.746,0.749,0.754,0.773
1969,0.852,0.874,0.897,0.869,0.838,0.807,0.777,0.746,0.8,0.814,0.814,0.753,0.719,0.67,0.628,0.628,0.658,0.675,0.671,0.617,0.596,0.554,0.588,0.575,0.625,0.67,0.695,0.206,0.206,0.217,0.227,0.237,0.562,0.695,0.698,0.702,0.703,0.701,0.701,0.62,0.63,0.624,0.621,0.563,0.576,0.504,0.586,0.658,0.712,0.748,0.784,0.82,0.749
1979,0.196,0.305,0.422,0.504,0.586,0.658,0.712,0.748,0.393,0.414,0.446,0.535,0.585,0.59,0.618,0.645,0.691,0.724,0.8,0.814,0.814,0.753,0.719,0.67,0.628,0.628,0.658,0.325,0.313,0.302,0.29,0.278,0.759,0.76,0.6,0.569,0.562,0.558,0.545,0.552,0.552,0.555,0.562,0.695,0.698,0.061,0.0546,0.0695,0.0871,0.116,0.146,0.174,0.784
1989,0.0049,0.0675,0.0675,0.061,0.0546,0.0695,0.0871,0.116,0.336,0.307,0.291,0.287,0.284,0.312,0.312,0.312,0.287,0.314,0.393,0.414,0.446,0.535,0.585,0.59,0.618,0.645,0.691,0.32,0.345,0.37,0.395,0.411,0.698,0.651,0.665,0.686,0.64,0.642,0.643,0.647,0.646,0.703,0.759,0.76,0.6,0.199,0.18,0.161,0.135,0.0876,0.0425,0.00891,0.146
1999,0.327,0.276,0.219,0.199,0.18,0.161,0.135,0.0876,0.427,0.395,0.396,0.389,0.384,0.359,0.347,0.285,0.303,0.321,0.336,0.307,0.291,0.287,0.284,0.312,0.312,0.312,0.287,0.239,0.24,0.241,0.242,0.242,0.744,0.748,0.706,0.708,0.703,0.7,0.7,0.705,0.702,0.7,0.698,0.651,0.665,0.655,0.623,0.591,0.559,0.489,0.418,0.347,0.0425
2009,0.726,0.721,0.7,0.655,0.623,0.591,0.559,0.489,0.692,0.633,0.602,0.593,0.553,0.545,0.51,0.471,0.471,0.472,0.427,0.395,0.396,0.389,0.384,0.359,0.347,0.285,0.303,0.24,0.231,0.221,0.212,0.202,0.619,0.747,0.753,0.753,0.743,0.755,0.762,0.749,0.754,0.751,0.744,0.748,0.706,0.729,0.734,0.739,0.744,0.748,0.74,0.732,0.418
2019,0.717,0.724,0.727,0.729,0.734,0.739,0.744,0.748,0.611,0.647,0.639,0.628,0.66,0.67,0.683,0.667,0.624,0.663,0.692,0.633,0.602,0.593,0.553,0.545,0.51,0.471,0.471,0.328,0.318,0.349,0.32,0.298,0.662,0.628,0.736,0.746,0.676,0.552,0.546,0.553,0.55,0.551,0.619,0.747,0.753,0.602,0.639,0.671,0.704,0.719,0.731,0.742,0.74
2029,0.518,0.53,0.557,0.602,0.639,0.671,0.704,0.719,0.311,0.387,0.468,0.497,0.526,0.55,0.574,0.552,0.54,0.575,0.611,0.647,0.639,0.628,0.66,0.67,0.683,0.667,0.624,0.477,0.502,0.483,0.464,0.444,0.632,0.64,0.689,0.688,0.686,0.689,0.7,0.596,0.568,0.576,0.662,0.628,0.736,0.423,0.408,0.404,0.428,0.445,0.457,0.47,0.731
2039,0.44,0.444,0.438,0.423,0.408,0.404,0.428,0.445,0.458,0.458,0.396,0.38,0.417,0.409,0.352,0.294,0.28,0.287,0.311,0.387,0.468,0.497,0.526,0.55,0.574,0.552,0.54,0.507,0.506,0.506,0.505,0.505,0.378,0.382,0.374,0.367,0.455,0.509,0.502,0.51,0.547,0.592,0.632,0.64,0.689,0.29,0.275,0.299,0.333,0.369,0.405,0.437,0.457
2049,0.335,0.32,0.305,0.29,0.275,0.299,0.333,0.369,0.358,0.319,0.326,0.333,0.35,0.355,0.35,0.383,0.437,0.42,0.458,0.458,0.396,0.38,0.417,0.409,0.352,0.294,0.28,0.22,0.229,0.252,0.289,0.326,0.38,0.382,0.382,0.377,0.369,0.387,0.377,0.381,0.38,0.377,0.378,0.382,0.374,0.445,0.429,0.413,0.398,0.382,0.365,0.35,0.405
2059,0.515,0.483,0.461,0.445,0.429,0.413,0.398,0.382,0.496,0.456,0.451,0.423,0.403,0.425,0.421,0.406,0.377,0.367,0.358,0.319,0.326,0.333,0.35,0.355,0.35,0.383,0.437,0.269,0.267,0.266,0.265,0.263,0.527,0.517,0.524,0.53,0.528,0.539,0.456,0.378,0.377,0.38,0.38,0.382,0.382,0.596,0.596,0.597,0.635,0.608,0.577,0.547,0.365
2069,0.595,0.595,0.595,0.596,0.596,0.597,0.635,0.608,0.525,0.53,0.526,0.559,0.585,0.579,0.574,0.565,0.497,0.505,0.496,0.456,0.451,0.423,0.403,0.425,0.421,0.406,0.377,0.314,0.312,0.309,0.304,0.299,0.527,0.532,0.529,0.529,0.525,0.532,0.529,0.532,0.529,0.523,0.527,0.517,0.524,0.568,0.576,0.585,0.593,0.594,0.594,0.594,0.577
2079,0.53,0.544,0.557,0.568,0.576,0.585,0.593,0.594,0.481,0.52,0.576,0.53,0.503,0.517,0.552,0.539,0.541,0.538,0.525,0.53,0.526,0.559,0.585,0.579,0.574,0.565,0.497,0.356,0.341,0.326,0.31,0.295,0.247,0.239,0.262,0.314,0.505,0.556,0.554,0.558,0.628,0.623,0.527,0.532,0.529,0.35,0.32,0.373,0.407,0.414,0.441,0.491,0.594
2089,0.525,0.475,0.418,0.35,0.32,0.373,0.407,0.414,0.468,0.381,0.34,0.392,0.402,0.382,0.39,0.459,0.467,0.462,0.481,0.52,0.576,0.53,0.503,0.517,0.552,0.539,0.541,0.284,0.288,0.292,0.296,0.301,0.372,0.367,0.375,0.378,0.374,0.374,0.353,0.374,0.37,0.256,0.247,0.239,0.262,0.645,0.653,0.661,0.655,0.645,0.635,0.589,0.441
2099,0.651,0.629,0.637,0.645,0.653,0.661,0.655,0.645,0.528,0.546,0.555,0.577,0.574,0.574,0.607,0.593,0.529,0.521,0.468,0.381,0.34,0.392,0.402,0.382,0.39,0.459,0.467,0.243,0.247,0.251,0.255,0.259,0.63,0.621,0.622,0.628,0.546,0.455,0.439,0.378,0.359,0.373,0.372,0.367,0.375,0.609,0.62,0.639,0.659,0.678,0.66,0.659,0.635
2109,0.584,0.591,0.599,0.609,0.62,0.639,0.659,0.678,0.48,0.477,0.505,0.54,0.581,0.566,0.528,0.563,0.524,0.535,0.528,0.546,0.555,0.577,0.574,0.574,0.607,0.593,0.529,0.395,0.402,0.396,0.369,0.341,0.614,0.551,0.552,0.627,0.611,0.619,0.624,0.626,0.634,0.63,0.63,0.621,0.622,0.431,0.44,0.45,0.467,0.503,0.539,0.576,0.66
2119,0.472,0.482,0.444,0.431,0.44,0.45,0.467,0.503,0.435,0.405,0.389,0.366,0.401,0.406,0.44,0.488,0.479,0.474,0.48,0.477,0.505,0.54,0.581,0.566,0.528,0.563,0.524,0.329,0.335,0.342,0.349,0.355,0.594,0.606,0.604,0.601,0.598,0.599,0.609,0.6,0.597,0.598,0.614,0.551,0.552,0.434,0.442,0.448,0.451,0.455,0.458,0.463,0.539
2129,0.411,0.419,0.427,0.434,0.442,0.448,0.451,0.455,0.405,0.406,0.409,0.403,0.397,0.401,0.41,0.415,0.443,0.475,0.435,0.405,0.389,0.366,0.401,0.406,0.44,0.488,0.479,0.285,0.288,0.292,0.295,0.299,0.376,0.371,0.366,0.389,0.488,0.604,0.602,0.606,0.602,0.602,0.594,0.606,0.604,0.48,0.382,0.383,0.389,0.395,0.4,0.406,0.458
2139,0.544,0.551,0.524,0.48,0.382,0.383,0.389,0.395,0.52,0.447,0.388,0.362,0.352,0.379,0.405,0.39,0.401,0.408,0.405,0.406,0.409,0.403,0.397,0.401,0.41,0.415,0.443,0.287,0.283,0.28,0.277,0.273,0.547,0.538,0.496,0.373,0.378,0.377,0.381,0.369,0.375,0.37,0.376,0.371,0.366,0.625,0.593,0.569,0.532,0.531,0.53,0.536,0.4
2149,0.607,0.626,0.658,0.625,0.593,0.569,0.532,0.531,0.593,0.561,0.519,0.495,0.457,0.464,0.435,0.476,0.478,0.512,0.52,0.447,0.388,0.362,0.352,0.379,0.405,0.39,0.401,0.32,0.316,0.313,0.31,0.307,0.544,0.534,0.522,0.531,0.529,0.526,0.551,0.547,0.578,0.577,0.547,0.538,0.496,0.565,0.54,0.536,0.531,0.532,0.563,0.593,0.53
2159,0.564,0.556,0.548,0.565,0.54,0.536,0.531,0.532,0.476,0.467,0.409,0.431,0.363,0.361,0.385,0.402,0.47,0.539,0.593,0.561,0.519,0.495,0.457,0.464,0.435,0.476,0.478,0.313,0.291,0.345,0.342,0.339,0.521,0.52,0.514,0.522,0.528,0.527,0.523,0.52,0.523,0.525,0.544,0.534,0.522,0.592,0.589,0.582,0.578,0.578,0.577,0.572,0.563
2169,0.597,0.592,0.569,0.592,0.589,0.582,0.578,0.578,0.457,0.475,0.476,0.478,0.482,0.484,0.479,0.483,0.514,0.476,0.476,0.467,0.409,0.431,0.363,0.361,0.385,0.402,0.47,0.318,0.321,0.359,0.396,0.434,0.528,0.526,0.523,0.521,0.531,0.533,0.53,0.522,0.524,0.526,0.521,0.52,0.514,0.617,0.6,0.599,0.597,0.577,0.587,0.592,0.577
2179,0.653,0.648,0.641,0.617,0.6,0.599,0.597,0.577,0.549,0.56,0.503,0.482,0.467,0.48,0.457,0.479,0.48,0.461,0.457,0.475,0.476,0.478,0.482,0.484,0.479,0.483,0.514,0.31,0.306,0.301,0.297,0.293,0.532,0.525,0.512,0.536,0.522,0.527,0.519,0.526,0.525,0.524,0.528,0.526,0.523,0.678,0.696,0.696,0.692,0.678,0.662,0.657,0.587
2189,0.708,0.681,0.664,0.678,0.696,0.696,0.692,0.678,0.501,0.507,0.505,0.542,0.522,0.541,0.516,0.535,0.525,0.555,0.549,0.56,0.503,0.482,0.467,0.48,0.457,0.479,0.48,0.344,0.341,0.337,0.334,0.331,0.378,0.377,0.518,0.525,0.526,0.527,0.525,0.524,0.524,0.529,0.532,0.525,0.512,0.437,0.531,0.589,0.672,0.688,0.701,0.714,0.662
2199,0.392,0.365,0.346,0.437,0.531,0.589,0.672,0.688,0.364,0.316,0.359,0.408,0.437,0.496,0.552,0.542,0.507,0.492,0.501,0.507,0.505,0.542,0.522,0.541,0.516,0.535,0.525,0.376,0.373,0.37,0.367,0.364,0.325,0.329,0.253,0.262,0.25,0.364,0.378,0.37,0.379,0.383,0.378,0.377,0.518,0.502,0.423,0.364,0.366,0.369,0.374,0.392,0.701
2209,0.61,0.598,0.558,0.502,0.423,0.364,0.366,0.369,0.556,0.55,0.455,0.395,0.382,0.393,0.428,0.473,0.464,0.403,0.364,0.316,0.359,0.408,0.437,0.496,0.552,0.542,0.507,0.346,0.389,0.4,0.397,0.394,0.498,0.496,0.497,0.503,0.5,0.487,0.452,0.451,0.445,0.327,0.325,0.329,0.253,0.534,0.57,0.594,0.604,0.62,0.632,0.622,0.374
2219,0.427,0.462,0.498,0.534,0.57,0.594,0.604,0.62,0.402,0.429,0.466,0.47,0.499,0.503,0.551,0.513,0.545,0.599,0.556,0.55,0.455,0.395,0.382,0.393,0.428,0.473,0.464,0.238,0.215,0.203,0.193,0.183,0.502,0.502,0.503,0.492,0.492,0.493,0.501,0.502,0.507,0.51,0.498,0.496,0.497,0.506,0.482,0.458,0.438,0.426,0.415,0.403,0.632
2229,0.577,0.554,0.53,0.506,0.482,0.458,0.438,0.426,0.467,0.451,0.448,0.45,0.454,0.431,0.431,0.414,0.401,0.388,0.402,0.429,0.466,0.47,0.499,0.503,0.551,0.513,0.545,0.377,0.37,0.362,0.353,0.344,0.625,0.625,0.632,0.626,0.633,0.612,0.514,0.509,0.5,0.499,0.502,0.502,0.503,0.706,0.664,0.663,0.661,0.644,0.622,0.599,0.415
2239,0.732,0.73,0.729,0.706,0.664,0.663,0.661,0.644,0.613,0.552,0.553,0.55,0.536,0.514,0.516,0.518,0.479,0.499,0.467,0.451,0.448,0.45,0.454,0.431,0.431,0.414,0.401,0.301,0.282,0.286,0.297,0.308,0.602,0.621,0.624,0.628,0.628,0.671,0.7,0.67,0.627,0.62,0.625,0.625,0.632,0.591,0.579,0.542,0.581,0.665,0.706,0.733,0.622
2249,0.559,0.566,0.581,0.591,0.579,0.542,0.581,0.665,0.381,0.354,0.267,0.236,0.271,0.45,0.592,0.652,0.661,0.623,0.613,0.552,0.553,0.55,0.536,0.514,0.516,0.518,0.479,0.489,0.47,0.451,0.432,0.414,0.605,0.601,0.594,0.606,0.604,0.603,0.606,0.598,0.595,0.594,0.602,0.621,0.624,0.702,0.713,0.724,0.701,0.677,0.628,0.575,0.706
2259,0.678,0.68,0.691,0.702,0.713,0.724,0.701,0.677,0.513,0.565,0.585,0.611,0.684,0.617,0.537,0.497,0.387,0.357,0.381,0.354,0.267,0.236,0.271,0.45,0.592,0.652,0.661,0.482,0.629,0.74,0.789,0.731,0.6,0.598,0.601,0.6,0.604,0.597,0.594,0.6,0.606,0.601,0.605,0.601,0.594,0.687,0.688,0.69,0.692,0.692,0.687,0.683,0.628
2269,0.682,0.685,0.684,0.687,0.688,0.69,0.692,0.692,0.544,0.516,0.521,0.497,0.505,0.524,0.555,0.53,0.499,0.508,0.513,0.565,0.585,0.611,0.684,0.617,0.537,0.497,0.387,0.426,0.393,0.329,0.309,0.309,0.65,0.594,0.574,0.577,0.553,0.557,0.536,0.558,0.563,0.6,0.6,0.598,0.601,0.735,0.734,0.728,0.691,0.677,0.676,0.686,0.687
2279,0.744,0.785,0.744,0.735,0.734,0.728,0.691,0.677,0.688,0.689,0.716,0.685,0.588,0.566,0.496,0.486,0.508,0.533,0.544,0.516,0.521,0.497,0.505,0.524,0.555,0.53,0.499,0.404,0.417,0.419,0.42,0.421,0.753,0.749,0.748,0.752,0.749,0.754,0.754,0.751,0.754,0.754,0.65,0.594,0.574,0.68,0.686,0.687,0.689,0.69,0.687,0.691,0.676
2289,0.629,0.637,0.657,0.68,0.686,0.687,0.689,0.69,0.424,0.49,0.549,0.546,0.519,0.509,0.535,0.616,0.68,0.642,0.688,0.689,0.716,0.685,0.588,0.566,0.496,0.486,0.508,0.488,0.465,0.441,0.418,0.395,0.575,0.573,0.58,0.579,0.576,0.57,0.625,0.628,0.681,0.709,0.753,0.749,0.748,0.616,0.629,0.64,0.638,0.621,0.613,0.621,0.687
2299,0.626,0.619,0.625,0.616,0.629,0.64,0.638,0.621,0.492,0.498,0.48,0.467,0.495,0.496,0.459,0.428,0.409,0.394,0.424,0.49,0.549,0.546,0.519,0.509,0.535,0.616,0.68,0.564,0.611,0.657,0.704,0.718,0.604,0.601,0.602,0.575,0.58,0.574,0.577,0.581,0.58,0.576,0.575,0.573,0.58,0.682,0.649,0.646,0.643,0.641,0.638,0.633,0.613
2309,0.71,0.711,0.711,0.682,0.649,0.646,0.643,0.641,0.681,0.637,0.533,0.513,0.511,0.501,0.523,0.503,0.509,0.473,0.492,0.498,0.48,0.467,0.495,0.496,0.459,0.428,0.409,0.346,0.313,0.312,0.31,0.338,0.602,0.582,0.599,0.596,0.598,0.615,0.599,0.604,0.601,0.602,0.604,0.601,0.602,0.658,0.659,0.66,0.669,0.679,0.685,0.694,0.638
2319,0.654,0.655,0.656,0.658,0.659,0.66,0.669,0.679,0.517,0.511,0.545,0.52,0.503,0.518,0.542,0.536,0.61,0.654,0.681,0.637,0.533,0.513,0.511,0.501,0.523,0.503,0.509,0.391,0.378,0.366,0.36,0.358,0.603,0.597,0.598,0.609,0.602,0.596,0.594,0.593,0.6,0.604,0.602,0.582,0.599,0.664,0.664,0.669,0.679,0.682,0.667,0.657,0.685
2329,0.691,0.678,0.663,0.664,0.664,0.669,0.679,0.682,0.537,0.518,0.507,0.529,0.584,0.621,0.611,0.632,0.547,0.478,0.517,0.511,0.545,0.52,0.503,0.518,0.542,0.536,0.61,0.361,0.378,0.394,0.479,0.467,0.593,0.592,0.608,0.602,0.604,0.599,0.597,0.598,0.602,0.599,0.603,0.597,0.598,0.533,0.515,0.555,0.597,0.64,0.668,0.679,0.667
2339,0.683,0.644,0.55,0.533,0.515,0.555,0.597,0.64,0.566,0.514,0.48,0.467,0.494,0.545,0.596,0.603,0.609,0.581,0.537,0.518,0.507,0.529,0.584,0.621,0.611,0.632,0.547,0.334,0.332,0.329,0.326,0.327,0.601,0.598,0.602,0.596,0.599,0.606,0.608,0.601,0.598,0.607,0.593,0.592,0.608,0.743,0.742,0.741,0.74,0.735,0.727,0.712,0.668
2349,0.718,0.721,0.733,0.743,0.742,0.741,0.74,0.735,0.609,0.603,0.632,0.653,0.652,0.63,0.639,0.68,0.693,0.658,0.566,0.514,0.48,0.467,0.494,0.545,0.596,0.603,0.609,0.234,0.283,0.315,0.318,0.322,0.573,0.577,0.596,0.675,0.672,0.673,0.677,0.675,0.669,0.596,0.601,0.598,0.602,0.647,0.677,0.697,0.709,0.71,0.728,0.723,0.727
2359,0.642,0.628,0.614,0.647,0.677,0.697,0.709,0.71,0.54,0.495,0.488,0.531,0.563,0.621,0.662,0.671,0.633,0.609,0.609,0.603,0.632,0.653,0.652,0.63,0.639,0.68,0.693,0.456,0.424,0.391,0.359,0.327,0.873,0.88,0.874,0.838,0.749,0.749,0.75,0.754,0.743,0.575,0.573,0.577,0.596,0.717,0.717,0.672,0.649,0.64,0.659,0.661,0.728
2369,0.596,0.669,0.698,0.717,0.717,0.672,0.649,0.64,0.65,0.685,0.662,0.622,0.605,0.609,0.683,0.621,0.619,0.553,0.54,0.495,0.488,0.531,0.563,0.621,0.662,0.671,0.633,0.395,0.43,0.456,0.44,0.425,0.548,0.65,0.64,0.651,0.67,0.705,0.706,0.697,0.706,0.724,0.873,0.88,0.874,0.608,0.622,0.636,0.625,0.613,0.6,0.579,0.659
2379,0.506,0.559,0.595,0.608,0.622,0.636,0.625,0.613,0.52,0.519,0.477,0.504,0.539,0.556,0.495,0.45,0.445,0.543,0.65,0.685,0.662,0.622,0.605,0.609,0.683,0.621,0.619,0.333,0.314,0.296,0.278,0.259,0.527,0.451,0.447,0.449,0.454,0.45,0.444,0.534,0.551,0.552,0.548,0.65,0.64,0.661,0.604,0.525,0.45,0.438,0.463,0.489,0.6
2389,0.808,0.757,0.708,0.661,0.604,0.525,0.45,0.438,0.745,0.745,0.719,0.668,0.555,0.521,0.531,0.515,0.494,0.507,0.52,0.519,0.477,0.504,0.539,0.556,0.495,0.45,0.445,0.292,0.302,0.312,0.323,0.363,0.754,0.752,0.741,0.753,0.751,0.746,0.747,0.672,0.631,0.631,0.527,0.451,0.447,0.719,0.731,0.738,0.745,0.758,0.775,0.791,0.463
