,1286,1288,1290,1292,1294,1296,1710,1712,1714,1716,1718,1720,1722,1228,1230,1232,1234,1236,1238,1240,1242,1244,1246,1248,1250,1252,1254,1256,1196,1198,1200,1202,1204,1206,1208,1210,1212,1214,1662,1664
0,2.626428,2.627238,2.627584,2.626371,2.622834,2.616514,5.082839,5.053379,5.003588,4.976145,4.922381,4.902951,4.839038,3.522235,3.435702,3.357171,3.283826,3.218839,3.15768,3.10082,3.049975,3.001697,2.958485,2.919518,2.883139,2.851143,2.821516,2.794505,4.216204,4.270933,4.320805,4.355996,4.377138,4.382211,4.375066,4.35256,4.314492,4.25477,5.548862,5.564296
1,2.619094,2.61993,2.620318,2.61921,2.615834,2.609761,5.049038,5.029262,4.981252,4.946454,4.899571,4.866728,4.815051,3.489783,3.404906,3.328214,3.256705,3.193397,3.133889,3.078507,3.029104,2.982208,2.940215,2.902411,2.867117,2.836115,2.807457,2.781293,4.168724,4.223098,4.272199,4.308259,4.328505,4.333819,4.327203,4.306072,4.268209,4.209788,5.499906,5.512123
2,2.656351,2.657135,2.657489,2.656326,2.652893,2.64678,5.093774,5.069546,5.030011,4.991765,4.953219,4.903268,4.871758,3.537701,3.452349,3.374959,3.302794,3.238741,3.178669,3.122758,3.072788,3.025351,2.982905,2.944622,2.908873,2.877473,2.848391,2.821858,4.220988,4.27518,4.324589,4.360152,4.38079,4.384746,4.378904,4.356845,4.319992,4.260391,5.542351,5.556761
3,2.698339,2.699173,2.699538,2.698314,2.694737,2.688339,5.189831,5.154536,5.102935,5.063832,5.029192,4.986159,4.950016,3.632313,3.541841,3.460073,3.383462,3.315278,3.251249,3.191893,3.138924,3.088665,3.043698,3.003199,2.965401,2.932162,2.901404,2.873403,4.347271,4.403848,4.455423,4.493479,4.515447,4.521824,4.515565,4.494131,4.455153,4.393845,5.707661,5.735387
4,2.507373,2.507866,2.508134,2.507233,2.504459,2.49952,5.162083,5.113055,5.076824,5.015376,5.003443,4.937797,4.922612,3.32446,3.24579,3.174969,3.108907,3.050309,2.995245,2.943961,2.898038,2.854351,2.815037,2.779662,2.746493,2.717381,2.690359,2.665665,3.91985,3.970253,4.017225,4.053227,4.0747,4.082324,4.07763,4.059599,4.026187,3.974593,5.21862,5.268286
5,2.690545,2.691043,2.691109,2.689675,2.686046,2.679713,5.225703,5.208797,5.16362,5.120673,5.079594,5.040312,5.022338,3.57973,3.494465,3.417315,3.344975,3.280763,3.220511,3.164466,3.114353,3.066742,3.024044,2.985581,2.949563,2.917856,2.888503,2.861725,4.262789,4.316734,4.365679,4.401604,4.421743,4.427042,4.420061,4.398696,4.360475,4.301688,5.56059,5.58009
6,2.60414,2.604739,2.604921,2.603672,2.600321,2.594387,5.088272,5.056561,5.009338,4.970322,4.926953,4.88603,4.849961,3.435118,3.354333,3.281734,3.214138,3.154227,3.097818,3.045317,2.998404,2.953873,2.913958,2.878044,2.844401,2.814851,2.787471,2.762497,4.08737,4.138938,4.186621,4.220989,4.241321,4.246649,4.240195,4.219328,4.182169,4.126216,5.372365,5.399365
7,2.551522,2.552694,2.553533,2.553104,2.55065,2.545809,5.125866,5.101844,5.065895,5.025206,4.97211,4.89955,4.870116,3.392549,3.310022,3.235958,3.166901,3.105515,3.048139,2.994611,2.946932,2.901647,2.860882,2.824323,2.790217,2.760166,2.732477,2.707176,4.027686,4.080806,4.129913,4.166493,4.187244,4.192981,4.185974,4.16502,4.129066,4.07391,5.471827,5.510202
8,2.545647,2.545688,2.545511,2.544182,2.541086,2.53592,5.121476,5.04751,5.021191,4.943911,4.914098,4.844611,4.806938,3.422073,3.338102,3.262525,3.192005,3.129249,3.070356,3.015391,2.966254,2.919442,2.877242,2.839289,2.80382,2.772502,2.74357,2.717074,3.999163,4.050969,4.101653,4.143006,4.171339,4.185343,4.187524,4.176296,4.148684,4.09986,5.348161,5.376935
9,2.608238,2.607403,2.606317,2.604066,2.600031,2.593836,5.064884,5.013911,4.977106,4.939996,4.89565,4.855994,4.811595,3.492245,3.407761,3.331761,3.260917,3.197952,3.138886,3.083659,3.03437,2.987469,2.945199,2.907223,2.871717,2.840301,2.811248,2.784631,4.083497,4.135601,4.186333,4.227939,4.257875,4.273772,4.279492,4.268809,4.241799,4.191582,5.325214,5.344331
10,2.703712,2.705857,2.707379,2.707247,2.704621,2.699142,5.251541,5.199184,5.162675,5.134423,5.095793,5.048656,5.01443,3.509382,3.429471,3.357567,3.290486,3.230909,3.175202,3.123354,3.077256,3.033565,2.994373,2.959307,2.926541,2.897699,2.871161,2.847009,4.231711,4.284724,4.330097,4.358217,4.368527,4.362172,4.343768,4.31205,4.266303,4.202779,5.679327,5.70049
11,2.628799,2.626437,2.624001,2.620572,2.615668,2.608978,5.125685,5.094225,5.037646,5.016823,4.981276,4.949561,4.904024,3.547002,3.461542,3.384399,3.312251,3.24796,3.18775,3.131344,3.080837,3.032692,2.989211,2.950053,2.913352,2.880812,2.850651,2.822905,4.092037,4.142789,4.193511,4.238615,4.274082,4.298406,4.311311,4.308209,4.286865,4.241699,5.121455,5.147686
12,2.572315,2.571453,2.570364,2.568067,2.563921,2.55766,5.032957,4.996051,4.961226,4.920329,4.873065,4.82841,4.795382,3.465604,3.380012,3.303045,3.231523,3.167862,3.108058,3.052236,3.002383,2.955001,2.912326,2.873932,2.838068,2.80636,2.777059,2.750181,4.067753,4.12091,4.171728,4.214158,4.243977,4.261284,4.266036,4.255399,4.227219,4.176424,5.321683,5.338649
13,2.624119,2.626746,2.628721,2.629003,2.626691,2.621318,5.037374,4.991847,4.946638,4.907097,4.861859,4.82654,4.775695,3.435907,3.353863,3.280283,3.212045,3.151466,3.094763,3.042026,2.995225,2.950967,2.911328,2.875854,2.842861,2.813864,2.787191,2.762953,4.172491,4.228203,4.275999,4.305292,4.318418,4.312616,4.294061,4.262021,4.21612,4.151417,5.642118,5.647689
14,2.670857,2.673091,2.674716,2.674697,2.67211,2.666591,5.223654,5.169956,5.131035,5.079647,5.047749,5.00131,4.959862,3.480242,3.399789,3.327454,3.260107,3.20029,3.144291,3.092181,3.045798,3.001924,2.962564,2.927271,2.894341,2.865446,2.838795,2.814474,4.207354,4.260793,4.306431,4.334963,4.346149,4.340389,4.321958,4.29011,4.243958,4.180236,5.657019,5.692077
15,2.689625,2.688485,2.687125,2.684537,2.680059,2.673329,5.23838,5.202182,5.161438,5.129771,5.086246,5.050111,5.024553,3.632219,3.543622,3.463743,3.38879,3.321782,3.258816,3.20011,3.147712,3.097815,3.052821,3.01229,2.974352,2.940796,2.909698,2.881146,4.253369,4.307315,4.359267,4.401417,4.431217,4.447829,4.452416,4.441692,4.41277,4.360269,5.478335,5.503291
16,2.593375,2.595599,2.597207,2.597237,2.594829,2.589591,5.030489,5.021379,4.970703,4.937248,4.890795,4.853822,4.80589,3.3555,3.278895,3.21055,3.146952,3.090298,3.037323,2.988058,2.944259,2.902817,2.865715,2.832457,2.80149,2.774266,2.749192,2.726356,4.056262,4.108044,4.152389,4.179303,4.190557,4.184123,4.16543,4.135024,4.090896,4.028977,5.504567,5.517031
17,2.749359,2.751543,2.753083,2.75293,2.75021,2.744637,5.330168,5.292547,5.226778,5.2143,5.144896,5.109681,5.067302,3.566532,3.485965,3.413287,3.34532,3.284857,3.2283,3.175689,3.128946,3.084645,3.044899,3.009262,2.976055,2.946774,2.919831,2.895215,4.29589,4.348813,4.394508,4.421978,4.433126,4.426167,4.407135,4.376136,4.329591,4.265522,5.746271,5.763854
18,2.59765,2.596663,2.595484,2.593124,2.588917,2.582529,5.072731,5.025894,4.994011,4.959587,4.908964,4.862366,4.829673,3.498585,3.41255,3.335034,3.262815,3.198621,3.138394,3.082095,3.031813,2.984024,2.940959,2.902248,2.86605,2.834078,2.804478,2.777369,4.099635,4.15251,4.204086,4.246351,4.276203,4.293192,4.29829,4.28891,4.261007,4.210098,5.332456,5.352172
19,2.635622,2.633346,2.631007,2.627696,2.622896,2.616315,5.116226,5.080861,5.047581,5.016593,4.971788,4.925932,4.89477,3.549525,3.463979,3.386867,3.314738,3.250484,3.190324,3.134056,3.083699,3.035755,2.992518,2.953547,2.917042,2.884769,2.854818,2.827271,4.091023,4.141907,4.193453,4.2388,4.274374,4.29907,4.312392,4.310219,4.289609,4.244547,5.141223,5.17434
20,2.656122,2.655788,2.655162,2.653288,2.649425,2.643205,5.10513,5.086516,5.040319,5.009296,4.962194,4.933631,4.88925,3.541086,3.456337,3.379842,3.308509,3.244978,3.1855,3.129985,3.080375,3.033226,2.99082,2.952673,2.917036,2.885544,2.856424,2.829753,4.165359,4.218271,4.267547,4.306849,4.33276,4.343737,4.343705,4.330494,4.298992,4.245418,5.421722,5.460855
21,2.604379,2.604199,2.60371,2.601931,2.598185,2.592078,5.042112,5.009767,4.963058,4.925814,4.89535,4.84574,4.79692,3.472066,3.388172,3.312709,3.242625,3.180227,3.121634,3.067003,3.018239,2.971952,2.930302,2.892872,2.857924,2.827086,2.798586,2.772503,4.092192,4.144543,4.193836,4.232627,4.258733,4.269625,4.26974,4.255489,4.224228,4.171629,5.363846,5.38158
22,2.762611,2.764925,2.766611,2.766591,2.763906,2.758304,5.284242,5.265105,5.207253,5.165656,5.13364,5.08834,5.052829,3.600791,3.517822,3.443139,3.373234,3.310953,3.252712,3.198609,3.150577,3.105081,3.064267,3.027672,2.993564,2.963582,2.935944,2.910726,4.345839,4.400163,4.446105,4.474802,4.486871,4.479449,4.461043,4.428707,4.381845,4.317183,5.777779,5.795912
23,2.588208,2.587867,2.587223,2.585385,2.581656,2.575664,5.065366,5.033928,4.990546,4.958223,4.909565,4.879615,4.839313,3.430286,3.349264,3.276463,3.208884,3.14866,3.092084,3.039265,2.992148,2.947335,2.906991,2.870734,2.836846,2.806885,2.779212,2.753843,4.035987,4.087271,4.135537,4.173061,4.197778,4.20951,4.209842,4.194217,4.16366,4.111746,5.2803,5.307679
24,2.612358,2.611358,2.610148,2.60779,2.603627,2.597284,5.072061,5.038918,4.989675,4.951629,4.915176,4.873408,4.806684,3.511877,3.426108,3.348757,3.276688,3.21264,3.152473,3.09633,3.046161,2.998446,2.955496,2.916854,2.880713,2.848797,2.819268,2.792185,4.106953,4.159884,4.211154,4.253432,4.283687,4.3012,4.3072,4.297235,4.270617,4.220389,5.325107,5.344609
25,2.860465,2.86326,2.865375,2.865599,2.862814,2.856839,5.388165,5.384499,5.318151,5.295136,5.250313,5.212025,5.16503,3.782654,3.691746,3.609848,3.533313,3.46488,3.400614,3.34063,3.287398,3.237125,3.192057,3.151684,3.114021,3.080872,3.05037,3.022527,4.579795,4.637137,4.686477,4.71635,4.728324,4.721953,4.702791,4.669692,4.621379,4.551524,5.966423,5.980188
26,2.619571,2.620625,2.621167,2.620309,2.617224,2.611528,5.089853,5.054243,5.010816,4.985064,4.943089,4.889976,4.854871,3.439716,3.359122,3.286819,3.219666,3.159902,3.103828,3.051623,3.005129,2.961001,2.921368,2.885832,2.852638,2.823378,2.796416,2.771762,4.10608,4.158381,4.205438,4.238154,4.255746,4.258163,4.248011,4.224979,4.186403,4.128539,5.481465,5.500302
27,2.631613,2.630519,2.629221,2.626773,2.622532,2.616154,5.10531,5.067977,5.016714,4.984086,4.953869,4.903794,4.859118,3.532363,3.446798,3.36966,3.297624,3.233586,3.173591,3.117497,3.067383,3.019674,2.976713,2.938065,2.901901,2.86994,2.840338,2.813154,4.125216,4.17831,4.229764,4.272047,4.302768,4.320889,4.327026,4.316704,4.289837,4.239648,5.326841,5.344049
28,2.572134,2.574383,2.576018,2.576095,2.573799,2.568648,5.014994,4.965662,4.937835,4.899868,4.850672,4.809036,4.760044,3.330402,3.253957,3.185731,3.122248,3.065799,3.012979,2.963865,2.920254,2.879016,2.842085,2.80899,2.778197,2.75113,2.726228,2.703551,4.028036,4.080233,4.124686,4.152656,4.163097,4.15764,4.139945,4.109453,4.065252,4.003864,5.490649,5.501177
29,2.846104,2.850957,2.854812,2.856596,2.855083,2.850016,5.345885,5.30972,5.25654,5.202458,5.186237,5.128084,5.084951,3.644613,3.562363,3.488687,3.419886,3.358515,3.301173,3.24809,3.201252,3.157015,3.117552,3.082301,3.049547,3.020832,2.994539,2.970659,4.49032,4.546152,4.590743,4.611788,4.610771,4.588883,4.554816,4.509987,4.450418,4.375829,5.959016,5.981759
30,2.639078,2.638713,2.638064,2.636174,2.632357,2.626218,5.117474,5.077445,5.055274,5.008526,4.971692,4.916505,4.896819,3.510818,3.427295,3.351945,3.281707,3.219315,3.16076,3.106073,3.057257,3.010875,2.969108,2.931571,2.896467,2.865457,2.836799,2.810519,4.130486,4.182456,4.23173,4.269813,4.295602,4.307189,4.307446,4.292217,4.261567,4.208402,5.378623,5.41145
31,2.636716,2.634448,2.632104,2.628761,2.623886,2.617208,5.117136,5.078011,5.034032,5.001504,4.969689,4.934162,4.890865,3.562004,3.475459,3.39732,3.32421,3.259108,3.198146,3.141075,3.090045,3.041422,2.997566,2.958062,2.921041,2.888294,2.857954,2.830035,4.110606,4.162209,4.213635,4.259474,4.294794,4.319727,4.331919,4.329301,4.309106,4.263268,5.181363,5.20131
32,2.587597,2.587557,2.58717,2.585484,2.581765,2.575622,5.019582,4.983541,4.950719,4.900021,4.853674,4.806841,4.775711,3.474351,3.3883,3.31097,3.239008,3.175074,3.115082,3.059129,3.009243,2.961847,2.919242,2.880989,2.845272,2.813765,2.784656,2.758018,4.109334,4.163816,4.214949,4.255223,4.281026,4.294396,4.29536,4.279716,4.24822,4.194118,5.459488,5.48418
33,3.038321,3.043517,3.047668,3.049566,3.047827,3.042182,5.569224,5.53006,5.489242,5.435442,5.404481,5.358323,5.352628,3.925422,3.835501,3.754484,3.678592,3.611032,3.547758,3.488942,3.436795,3.387576,3.343516,3.30421,3.267697,3.235668,3.206303,3.179593,4.824646,4.882856,4.928789,4.949382,4.94913,4.92937,4.89501,4.84776,4.786211,4.706991,6.228524,6.228634
34,2.649598,2.652045,2.65385,2.653989,2.651558,2.646158,5.080379,5.047713,5.010871,4.971084,4.917154,4.895554,4.843927,3.457184,3.376152,3.303374,3.235796,3.175816,3.119595,3.06733,3.020869,2.976971,2.937587,2.902304,2.869472,2.840595,2.814024,2.789818,4.185297,4.239096,4.285909,4.314902,4.326672,4.320745,4.30157,4.270624,4.224787,4.161366,5.61545,5.629132
35,2.626828,2.625639,2.624238,2.621681,2.617359,2.610909,5.123031,5.076296,5.045065,4.990794,4.952577,4.914021,4.877431,3.526377,3.441292,3.364531,3.292693,3.228884,3.169034,3.11304,3.062985,3.015368,2.972443,2.933826,2.897655,2.865673,2.836099,2.808904,4.118044,4.170341,4.220428,4.2619,4.292418,4.308935,4.314929,4.304371,4.277395,4.228015,5.310568,5.329899
36,2.619699,2.61873,2.617533,2.615171,2.610986,2.604602,5.102656,5.054097,5.002806,4.972086,4.927587,4.905338,4.857233,3.519812,3.43417,3.356877,3.284775,3.22071,3.160529,3.104352,3.05413,3.006371,2.963341,2.92465,2.888404,2.856441,2.826852,2.799695,4.118145,4.17096,4.221151,4.262962,4.293047,4.30911,4.3144,4.303451,4.275823,4.225876,5.329941,5.3491
37,2.593708,2.594762,2.595307,2.594499,2.591515,2.585989,5.057453,5.019599,4.979415,4.939808,4.905901,4.856744,4.809095,3.39297,3.314038,3.243385,3.177796,3.119349,3.064634,3.013637,2.96825,2.925205,2.886584,2.851963,2.819635,2.79117,2.764932,2.740976,4.04655,4.098718,4.14482,4.177607,4.195276,4.197651,4.188251,4.164834,4.127319,4.071126,5.409278,5.443132
38,2.766248,2.769279,2.771493,2.771817,2.769229,2.763363,5.27542,5.224254,5.181668,5.127586,5.092652,5.051842,5.010458,3.659989,3.571092,3.491229,3.41643,3.349632,3.287117,3.229059,3.177536,3.128745,3.085048,3.045902,3.009403,2.977308,2.947776,2.920876,4.450199,4.507864,4.557289,4.587736,4.600474,4.59343,4.573875,4.540467,4.492005,4.423204,5.962735,5.973012
39,2.635939,2.635057,2.633899,2.63153,2.627289,2.620794,5.097285,5.063384,5.019315,4.979512,4.941581,4.907034,4.860921,3.563125,3.474739,3.39503,3.320465,3.254111,3.192098,3.134104,3.082357,3.033154,2.988874,2.949064,2.911796,2.878878,2.848494,2.820584,4.178675,4.233291,4.286158,4.32952,4.360389,4.378287,4.383655,4.37377,4.345324,4.293504,5.455823,5.483632
40,2.570571,2.571737,2.572399,2.571652,2.56869,2.563116,5.016732,4.985966,4.951512,4.904333,4.868044,4.816704,4.771689,3.379822,3.299611,3.227963,3.161335,3.102054,3.046521,2.994819,2.948824,2.905206,2.866108,2.831034,2.798311,2.769495,2.742977,2.718723,4.043382,4.096543,4.14403,4.177526,4.196233,4.198434,4.190286,4.16627,4.128259,4.070989,5.461244,5.483794
41,2.606759,2.606419,2.605747,2.603839,2.599961,2.593781,5.085394,5.052218,5.022552,4.977572,4.931645,4.892552,4.867124,3.472119,3.388917,3.31411,3.244453,3.182575,3.124459,3.070186,3.02172,2.975688,2.93429,2.89703,2.862174,2.831412,2.802979,2.77692,4.091486,4.142975,4.191993,4.230362,4.255613,4.267243,4.267159,4.252775,4.220971,4.168281,5.34126,5.358342
42,2.595296,2.593108,2.590804,2.587512,2.582645,2.576027,5.088235,5.053653,5.006244,4.980527,4.931861,4.892352,4.858675,3.50642,3.421219,3.344438,3.272729,3.20891,3.149014,3.092881,3.042609,2.994733,2.951526,2.912619,2.876112,2.843802,2.813873,2.786322,4.04788,4.09936,4.150035,4.195547,4.230883,4.254815,4.26789,4.265308,4.245245,4.199327,5.120235,5.144827
43,2.579298,2.57906,2.57848,2.576658,2.572916,2.566901,5.052207,5.027599,4.965311,4.939013,4.897239,4.870315,4.801531,3.428951,3.346884,3.273298,3.204867,3.143888,3.086691,3.03326,2.98561,2.940323,2.899595,2.862999,2.828748,2.798512,2.770617,2.745026,4.040566,4.092341,4.140916,4.17906,4.204298,4.215582,4.215323,4.200989,4.16989,4.117841,5.309266,5.330403
44,2.542434,2.542298,2.541956,2.540515,2.537306,2.5321,5.156009,5.129725,5.084405,5.030352,5.006577,4.977503,4.908106,3.411479,3.328365,3.253587,3.183764,3.121711,3.063487,3.009046,2.960374,2.914043,2.872247,2.83462,2.799406,2.768375,2.739712,2.71342,3.984536,4.03618,4.085838,4.127132,4.15533,4.169412,4.171931,4.159794,4.132052,4.083389,5.314471,5.348511
45,2.525795,2.525557,2.525128,2.523666,2.520485,2.515352,5.102021,5.052805,5.012584,4.985017,4.926219,4.877179,4.824294,3.388273,3.305527,3.231109,3.161759,3.100072,3.04221,2.988197,2.93991,2.893959,2.852504,2.815207,2.780329,2.749551,2.721148,2.695107,3.952655,4.003905,4.053321,4.093832,4.122083,4.136392,4.139456,4.128314,4.10121,4.053504,5.257796,5.297527
46,2.691473,2.689129,2.686701,2.683267,2.6783,2.671521,5.24597,5.212452,5.176293,5.13666,5.097343,5.053934,5.015635,3.632831,3.545264,3.466413,3.392376,3.32619,3.264077,3.206145,3.154285,3.10487,3.060317,3.020147,2.982495,2.949151,2.918254,2.88976,4.187312,4.239373,4.2911,4.336786,4.37269,4.39681,4.409404,4.406105,4.385329,4.339361,5.247462,5.267394
47,2.547415,2.545444,2.543478,2.54067,2.536489,2.530707,5.153825,5.122235,5.079565,5.04221,4.993906,4.940088,4.898883,3.486265,3.398299,3.319068,3.245014,3.179039,3.117182,3.05937,3.007516,2.958077,2.913386,2.873121,2.835379,2.802019,2.771159,2.742779,4.000738,4.05255,4.105893,4.154371,4.192749,4.219773,4.236885,4.237058,4.219065,4.177483,5.143815,5.186748
48,2.674215,2.67374,2.672962,2.670945,2.667021,2.660859,5.228802,5.182202,5.143477,5.100383,5.077136,5.029347,4.998575,3.545428,3.462366,3.387458,3.317403,3.255072,3.19671,3.142209,3.093557,3.047307,3.005685,2.968277,2.933198,2.90221,2.873631,2.847428,4.165333,4.217437,4.26606,4.30443,4.329769,4.341523,4.341182,4.326328,4.2947,4.241176,5.412552,5.440744
49,2.680545,2.683053,2.684869,2.685023,2.682572,2.677174,5.164538,5.122994,5.079339,5.050878,5.004275,4.952521,4.916162,3.493884,3.412374,3.339122,3.27094,3.210415,3.153839,3.10122,3.054422,3.010155,2.970504,2.93499,2.901884,2.872798,2.846103,2.821707,4.225944,4.280143,4.326823,4.355632,4.366981,4.36098,4.342552,4.311178,4.265086,4.200931,5.690098,5.711978
50,2.528813,2.528797,2.528535,2.527169,2.524005,2.51881,5.144365,5.112707,5.06287,5.011646,4.991366,4.927117,4.889397,3.400144,3.316693,3.241718,3.1717,3.109456,3.051065,2.996476,2.947677,2.901202,2.859291,2.821576,2.786288,2.755154,2.726417,2.700036,3.977266,4.029569,4.079562,4.120584,4.148972,4.162667,4.164942,4.153239,4.124756,4.075273,5.321911,5.357017
51,3.067018,3.07279,3.077461,3.079728,3.078206,3.072567,5.514762,5.510762,5.479104,5.41803,5.390897,5.350527,5.318767,3.974015,3.882011,3.799048,3.721313,3.651887,3.586886,3.52651,3.472937,3.422331,3.37711,3.336727,3.299171,3.266282,3.236173,3.208871,4.879722,4.937387,4.9827,5.004058,5.003272,4.98417,4.95065,4.904983,4.84478,4.766132,6.174872,6.180165
52,2.623735,2.622676,2.621411,2.618943,2.614628,2.608096,5.100393,5.056859,5.02199,4.978771,4.937569,4.917643,4.85821,3.552159,3.463801,3.384009,3.309515,3.243221,3.181188,3.1232,3.071411,3.02216,2.977883,2.938033,2.900758,2.867823,2.837394,2.809422,4.163996,4.218701,4.271103,4.315477,4.346745,4.36558,4.372691,4.362375,4.335063,4.282949,5.416747,5.456645
53,2.592966,2.595261,2.596906,2.596961,2.594533,2.589216,5.05926,5.005653,4.978698,4.934856,4.887531,4.851893,4.802448,3.368375,3.290557,3.221037,3.156317,3.098732,3.04483,2.994698,2.950136,2.907978,2.870221,2.836398,2.804877,2.77716,2.75167,2.728408,4.077751,4.130447,4.175231,4.20326,4.213717,4.208234,4.190648,4.159482,4.114555,4.052108,5.520614,5.53917
54,2.558366,2.558012,2.557503,2.55596,2.552684,2.547415,5.196866,5.152549,5.1178,5.083463,5.044794,5.0132,4.972139,3.419072,3.337042,3.263223,3.19434,3.13304,3.07559,3.021871,2.973808,2.928043,2.886743,2.849544,2.814734,2.784027,2.755625,2.729552,3.989152,4.039927,4.088759,4.128356,4.155939,4.168745,4.170314,4.158405,4.130277,4.081964,5.275676,5.312316
55,2.569398,2.567342,2.565182,2.562048,2.557442,2.550988,5.007334,4.986808,4.944845,4.90317,4.860272,4.816607,4.784089,3.47634,3.390726,3.31356,3.241864,3.178045,3.117997,3.061914,3.011789,2.964038,2.920979,2.882234,2.845965,2.813876,2.784179,2.756874,4.016558,4.068708,4.120387,4.16621,4.20206,4.226961,4.240199,4.238025,4.217762,4.173295,5.09688,5.122552
56,2.671845,2.674203,2.6759,2.675951,2.673448,2.668032,5.196272,5.158074,5.114562,5.07366,5.04158,5.003144,4.956831,3.472604,3.392477,3.320462,3.253494,3.194086,3.138493,3.086758,3.040776,2.997318,2.958358,2.923435,2.890909,2.862361,2.836089,2.812063,4.200814,4.254348,4.300429,4.328775,4.339728,4.332863,4.314047,4.282295,4.235798,4.171932,5.667858,5.693989
57,2.589962,2.587869,2.585602,2.58232,2.577455,2.570813,5.074327,5.026401,4.997179,4.950941,4.922691,4.860692,4.82755,3.506667,3.420866,3.343403,3.271108,3.206791,3.14633,3.089761,3.039123,2.990827,2.947335,2.908114,2.871365,2.838858,2.808745,2.781021,4.049947,4.10188,4.153007,4.198601,4.23393,4.257956,4.270682,4.268188,4.24854,4.202931,5.15009,5.182153
58,2.63169,2.629486,2.627169,2.623834,2.61889,2.612097,5.106748,5.068951,5.016733,4.990191,4.950628,4.910194,4.870235,3.57664,3.488466,3.408742,3.334053,3.267468,3.205102,3.146773,3.094557,3.044802,2.999961,2.959528,2.921645,2.888142,2.857069,2.828507,4.132756,4.18515,4.237951,4.283654,4.320463,4.344236,4.358141,4.355208,4.334742,4.289157,5.228119,5.247789
59,2.679219,2.67796,2.676482,2.673847,2.669445,2.662908,5.218462,5.180588,5.14077,5.114872,5.062196,5.030238,5.005981,3.592611,3.506491,3.428719,3.355886,3.290954,3.230039,3.173216,3.122466,3.074146,3.03061,2.991472,2.954788,2.922335,2.892286,2.864762,4.192089,4.244784,4.295433,4.337466,4.367415,4.385258,4.390579,4.379807,4.352532,4.301991,5.375963,5.407041
60,2.623457,2.622482,2.621258,2.618838,2.61455,2.608014,5.117022,5.061812,5.030297,4.991035,4.950741,4.89341,4.852062,3.54543,3.457841,3.378707,3.304821,3.239015,3.177453,3.119835,3.068409,3.019479,2.975423,2.93581,2.898721,2.865971,2.835672,2.807867,4.158288,4.212407,4.26421,4.307437,4.337758,4.354021,4.359168,4.349296,4.321834,4.26923,5.400281,5.449267
61,2.557662,2.556724,2.55571,2.553694,2.550111,2.544651,5.18133,5.138451,5.102735,5.053938,5.02757,4.982033,4.939335,3.449629,3.365213,3.289137,3.218206,3.154944,3.095679,3.040231,2.99063,2.943295,2.900619,2.862145,2.82614,2.794333,2.764937,2.737904,4.000892,4.051673,4.102499,4.145488,4.176527,4.194759,4.202784,4.193697,4.169967,4.124155,5.255971,5.293903
62,2.637883,2.63672,2.635356,2.632831,2.628558,2.622195,5.122397,5.090225,5.054944,5.018318,4.987053,4.930018,4.898294,3.52614,3.442037,3.366093,3.295207,3.232074,3.173021,3.11775,3.068358,3.021353,2.979026,2.940947,2.905273,2.873761,2.844591,2.817776,4.115479,4.167329,4.21734,4.258391,4.288456,4.304828,4.310236,4.300756,4.273047,4.223009,5.298393,5.320338
63,2.607482,2.605226,2.602849,2.599434,2.594448,2.587676,5.09064,5.0681,5.033016,4.986328,4.951914,4.917364,4.875889,3.533948,3.447721,3.369832,3.296934,3.23205,3.171237,3.11418,3.06312,3.014451,2.970545,2.930958,2.893812,2.86099,2.830513,2.802457,4.083631,4.13471,4.186626,4.232239,4.267385,4.291971,4.305694,4.302706,4.281569,4.235344,5.167326,5.194125
64,2.550632,2.548601,2.54654,2.543618,2.539363,2.533513,5.191698,5.146637,5.111997,5.066193,5.036855,4.991705,4.960415,3.469254,3.383662,3.306517,3.234525,3.17029,3.110042,3.053645,3.003079,2.95479,2.911179,2.871778,2.834863,2.802203,2.771982,2.744121,3.974971,4.025928,4.077622,4.124467,4.161576,4.187999,4.203784,4.20273,4.185593,4.144118,5.079909,5.113197
65,2.501143,2.499135,2.497139,2.494328,2.490251,2.484647,5.113744,5.076857,5.051869,4.981235,4.953315,4.893794,4.853189,3.39372,3.310069,3.234763,3.164507,3.102011,3.043325,2.988437,2.939309,2.89243,2.850022,2.811808,2.776023,2.74436,2.715045,2.688055,3.883919,3.934095,3.98487,4.031077,4.067842,4.094017,4.10976,4.109511,4.09252,4.052429,4.962505,4.995902
66,2.698449,2.700719,2.702324,2.702242,2.699569,2.693928,5.236134,5.194963,5.15457,5.120156,5.074203,5.032125,4.996458,3.526781,3.444572,3.370591,3.301412,3.240076,3.182692,3.129294,3.08184,3.036919,2.996608,2.960533,2.92683,2.897188,2.869951,2.845129,4.263667,4.31758,4.364187,4.393621,4.404483,4.398436,4.380707,4.349583,4.303584,4.239031,5.701619,5.717345
67,2.634336,2.63422,2.63377,2.631966,2.62811,2.621758,5.064339,5.037537,4.99416,4.943187,4.910687,4.866479,4.835847,3.552269,3.463789,3.383977,3.309348,3.242985,3.180981,3.123018,3.07136,3.022292,2.978162,2.938543,2.90152,2.868856,2.838714,2.811135,4.199204,4.254858,4.306851,4.347782,4.375191,4.387563,4.388367,4.374057,4.342592,4.287375,5.53604,5.553967
68,3.051012,3.056992,3.061787,3.064114,3.062506,3.056691,5.510068,5.500538,5.45313,5.431782,5.375753,5.34687,5.291204,3.980596,3.886057,3.800681,3.720773,3.649393,3.58265,3.520699,3.465747,3.413911,3.367551,3.326199,3.28781,3.254088,3.223259,3.195309,4.913327,4.97015,5.016083,5.037745,5.037792,5.017115,4.983939,4.936615,4.875195,4.794895,6.222847,6.213981
69,2.483327,2.48137,2.479386,2.476576,2.472458,2.466814,5.084469,5.053915,5.020331,4.977595,4.927846,4.876263,4.828879,3.382291,3.298137,3.22239,3.15169,3.088808,3.029719,2.974437,2.924919,2.877649,2.834918,2.796394,2.760273,2.728347,2.698784,2.67159,3.875345,3.925718,3.977089,4.023501,4.060401,4.08682,4.102951,4.102495,4.085381,4.044967,4.990689,5.020777
70,2.668432,2.670906,2.672671,2.672753,2.670271,2.664862,5.16413,5.130619,5.092101,5.040453,5.006064,4.964896,4.926753,3.470594,3.390138,3.317869,3.250626,3.191005,3.135153,3.083207,3.037028,2.993421,2.954293,2.919252,2.886583,2.857952,2.831606,2.807548,4.197516,4.251112,4.297323,4.325524,4.336349,4.329639,4.310709,4.279138,4.23315,4.169544,5.678152,5.688663
71,2.662309,2.663427,2.664015,2.663119,2.65994,2.654093,5.182839,5.157688,5.111592,5.077006,5.02307,4.985107,4.951909,3.508057,3.425344,3.350812,3.281294,3.219557,3.161721,3.107803,3.059769,3.014217,2.973314,2.936594,2.902305,2.872113,2.844323,2.81885,4.190607,4.244066,4.29169,4.324987,4.342913,4.344409,4.334718,4.310384,4.27107,4.212014,5.580674,5.599893
72,2.619029,2.620188,2.620828,2.620029,2.617015,2.611404,5.066748,5.029454,4.990225,4.946615,4.907509,4.868065,4.826136,3.441189,3.360053,3.287271,3.219553,3.15945,3.103112,3.050589,3.003911,2.959616,2.919865,2.884242,2.850986,2.821696,2.794722,2.770082,4.110395,4.163469,4.210918,4.244287,4.262848,4.26538,4.255712,4.233315,4.194795,4.136298,5.493598,5.502972
73,2.747579,2.750129,2.751976,2.752081,2.749504,2.743896,5.249625,5.216147,5.175095,5.131854,5.096306,5.050951,5.005918,3.599853,3.515183,3.438995,3.367682,3.304216,3.244846,3.189747,3.140778,3.094405,3.052863,3.015648,2.980963,2.950445,2.922371,2.896785,4.353777,4.409141,4.456748,4.486413,4.498431,4.492931,4.474407,4.442921,4.396635,4.330137,5.795306,5.814264
74,2.685234,2.685029,2.684457,2.68256,2.678593,2.672199,5.191899,5.15469,5.102817,5.076911,5.029846,4.979521,4.940008,3.608801,3.520497,3.440905,3.36625,3.299628,3.237243,3.179067,3.1272,3.077909,3.03352,2.99367,2.95638,2.923434,2.893053,2.865244,4.256815,4.311286,4.362432,4.402403,4.428564,4.440711,4.44074,4.426167,4.3945,4.33922,5.558887,5.575573
75,2.693672,2.692459,2.691016,2.688322,2.683772,2.677011,5.241431,5.223744,5.191607,5.152323,5.108356,5.087411,5.026003,3.626073,3.538361,3.459314,3.385118,3.318734,3.256599,3.198561,3.146675,3.097349,3.052895,3.012844,2.975332,2.942153,2.911444,2.883213,4.243962,4.297462,4.348363,4.390639,4.420106,4.436688,4.440821,4.430446,4.401773,4.349174,5.456249,5.477202
76,2.544014,2.541907,2.539849,2.536918,2.532661,2.526834,5.173543,5.141966,5.101598,5.065329,5.035108,4.985151,4.936832,3.460063,3.374506,3.297461,3.225517,3.161414,3.101369,3.045096,2.994678,2.946558,2.903092,2.863835,2.82706,2.794535,2.764419,2.736691,3.96474,4.015871,4.067332,4.114399,4.151577,4.178078,4.194044,4.193935,4.177125,4.135443,5.045033,5.088319
77,2.659961,2.661186,2.661883,2.66101,2.657773,2.651755,5.140081,5.101738,5.063172,5.022464,4.981676,4.935562,4.895381,3.521135,3.436783,3.360848,3.289922,3.227003,3.168114,3.113215,3.064238,3.017903,2.976264,2.938886,2.903975,2.873258,2.84493,2.819019,4.220775,4.275818,4.325061,4.359495,4.377892,4.380599,4.370764,4.345883,4.305014,4.243967,5.619549,5.63392
78,2.701083,2.703628,2.70553,2.705631,2.703022,2.697316,5.210908,5.178699,5.135688,5.098177,5.056164,5.026834,4.965992,3.54742,3.462887,3.386841,3.315839,3.252731,3.193828,3.139044,3.090306,3.044269,3.003026,2.966066,2.931618,2.901338,2.873526,2.848222,4.306174,4.362655,4.410928,4.440952,4.453239,4.447602,4.428774,4.396842,4.349555,4.282755,5.803144,5.817577
79,2.71986,2.720737,2.721116,2.719979,2.716545,2.710486,5.275434,5.281273,5.215508,5.179148,5.139306,5.090796,5.056292,3.571905,3.489326,3.414825,3.345104,3.282972,3.22489,3.170767,3.12255,3.076812,3.035713,2.998795,2.9643,2.933884,2.905811,2.880104,4.258829,4.311458,4.358305,4.391323,4.407334,4.409523,4.398713,4.374567,4.334408,4.275146,5.613451,5.652309
80,2.593657,2.592736,2.591566,2.589189,2.584988,2.578596,5.035549,4.996879,4.958066,4.909983,4.862241,4.831058,4.787872,3.498931,3.4121,3.33396,3.261102,3.196406,3.135718,3.079012,3.028403,2.980347,2.93707,2.898221,2.861878,2.829803,2.800149,2.773002,4.100588,4.154848,4.207205,4.251001,4.281673,4.30102,4.307267,4.298316,4.270845,4.219951,5.349379,5.364277
81,2.752244,2.755001,2.757011,2.75719,2.754623,2.74898,5.223834,5.191398,5.150428,5.117853,5.062532,5.03574,4.983204,3.594736,3.510863,3.435365,3.364678,3.301705,3.242898,3.188243,3.139681,3.093708,3.052517,3.015629,2.981263,2.951005,2.923209,2.897859,4.34278,4.397777,4.444279,4.472853,4.484928,4.477783,4.459509,4.427818,4.381045,4.316398,5.776475,5.786498
82,2.543002,2.542224,2.541339,2.539406,2.535827,2.530337,5.132884,5.081327,5.0308,4.995522,4.955135,4.896215,4.852131,3.453186,3.366419,3.288331,3.215518,3.150612,3.089909,3.033133,2.982287,2.933934,2.890305,2.851026,2.814279,2.781869,2.751931,2.724463,4.013381,4.066398,4.119293,4.164171,4.196257,4.216918,4.22465,4.21848,4.194206,4.147308,5.310481,5.352972
83,2.644737,2.645646,2.646091,2.6451,2.641896,2.636132,5.115517,5.095931,5.047953,5.011385,4.963202,4.942191,4.897671,3.466512,3.385926,3.313616,3.246318,3.186533,3.130535,3.078283,3.031698,2.987587,2.947942,2.912328,2.879097,2.849789,2.822795,2.798062,4.132203,4.18386,4.231028,4.263556,4.280898,4.283941,4.27419,4.251705,4.212899,4.154818,5.49217,5.505904
84,2.626913,2.625926,2.624716,2.622299,2.618065,2.611678,5.092166,5.052215,5.01184,4.984313,4.937198,4.90008,4.855566,3.524014,3.438522,3.361511,3.289581,3.225689,3.165807,3.109808,3.059773,3.012204,2.96935,2.930814,2.894763,2.862917,2.833482,2.806455,4.120521,4.173556,4.22458,4.266545,4.296312,4.314267,4.319872,4.309191,4.281943,4.231556,5.341786,5.359649
85,2.626185,2.625862,2.625229,2.623332,2.619548,2.613497,5.077779,5.03513,5.00566,4.96892,4.920951,4.866728,4.840117,3.481315,3.398989,3.324945,3.255961,3.194631,3.137137,3.083388,3.035451,2.989888,2.948894,2.912028,2.877581,2.847134,2.819044,2.793286,4.089772,4.140856,4.189909,4.227942,4.253144,4.265157,4.266136,4.251849,4.221159,4.169427,5.338566,5.353303
86,2.686818,2.688039,2.688704,2.68784,2.684673,2.678855,5.199418,5.176206,5.128052,5.099498,5.05897,5.015745,4.972177,3.523943,3.441964,3.368175,3.29933,3.238101,3.1809,3.127553,3.080015,3.034982,2.994524,2.958242,2.924312,2.894442,2.866922,2.841813,4.202912,4.25594,4.303656,4.336806,4.35448,4.356792,4.346591,4.322401,4.2828,4.223649,5.595106,5.630978
87,2.700587,2.699529,2.698232,2.695654,2.691141,2.684378,5.219273,5.186138,5.146324,5.103688,5.069954,5.025197,4.991706,3.652599,3.562639,3.48169,3.40561,3.337583,3.273801,3.214266,3.161124,3.110601,3.065089,3.024116,2.985773,2.951867,2.920496,2.891703,4.276938,4.331161,4.383965,4.426346,4.457106,4.47379,4.479493,4.468679,4.440599,4.388071,5.523314,5.54488
88,2.721866,2.722894,2.723433,2.722453,2.719146,2.713239,5.238365,5.21711,5.168786,5.14291,5.099624,5.059192,5.025296,3.575802,3.492663,3.41771,3.347667,3.285265,3.22695,3.172602,3.124233,3.07837,3.037114,3.000138,2.965555,2.935077,2.906954,2.881248,4.261123,4.314366,4.362398,4.39608,4.413767,4.415923,4.406079,4.382723,4.342886,4.28353,5.637131,5.67202
89,2.576883,2.576049,2.574961,2.572686,2.56856,2.562243,5.034324,4.989377,4.951107,4.914061,4.875794,4.834406,4.774811,3.467016,3.381529,3.304714,3.233263,3.169686,3.110035,3.054371,3.004606,2.957359,2.914789,2.876534,2.840767,2.809177,2.779959,2.753194,4.06702,4.120363,4.171285,4.213645,4.243895,4.260589,4.265678,4.255467,4.22751,4.176871,5.318082,5.338099
90,2.644836,2.647461,2.649398,2.649593,2.64717,2.641753,5.058435,5.021821,4.982072,4.937174,4.895697,4.855729,4.821379,3.45061,3.369502,3.296835,3.229294,3.169273,3.113084,3.060864,3.014386,2.970465,2.931089,2.895867,2.86304,2.834187,2.807658,2.783488,4.179128,4.233636,4.280061,4.309997,4.321406,4.315433,4.297278,4.26591,4.220231,4.156199,5.609312,5.619261
91,2.694122,2.693118,2.691867,2.689388,2.685074,2.678545,5.216768,5.181108,5.152822,5.119672,5.064605,5.028183,4.995461,3.613574,3.526468,3.448104,3.374543,3.308855,3.247373,3.190014,3.138746,3.090019,3.046108,3.006596,2.969619,2.936925,2.906682,2.878909,4.222244,4.275898,4.327337,4.369452,4.399281,4.415546,4.420626,4.409753,4.381718,4.330225,5.460304,5.482721
92,2.684561,2.685919,2.686721,2.685914,2.682752,2.676846,5.181034,5.166731,5.116478,5.07145,5.040101,4.986984,4.955024,3.533072,3.450081,3.375264,3.305362,3.243178,3.184983,3.13084,3.082524,3.036772,2.995631,2.958775,2.924314,2.893987,2.866007,2.840519,4.221658,4.275611,4.323449,4.356567,4.37439,4.375705,4.36523,4.340158,4.300077,4.240404,5.634615,5.664854
93,2.700834,2.699694,2.698318,2.69571,2.691278,2.684665,5.233359,5.203833,5.158251,5.114917,5.083236,5.03651,4.995804,3.623384,3.53623,3.457731,3.384084,3.318295,3.256698,3.199113,3.147771,3.098943,3.054899,3.015283,2.978204,2.945405,2.915055,2.887196,4.231382,4.284522,4.335759,4.378127,4.407881,4.424162,4.429368,4.41931,4.392102,4.339823,5.453722,5.474567
94,2.646638,2.645588,2.644322,2.641828,2.637482,2.630889,5.09478,5.062469,5.024431,4.990242,4.939662,4.898599,4.864535,3.572635,3.484711,3.405375,3.331149,3.264911,3.203085,3.145213,3.093531,3.044384,3.000116,2.960295,2.923045,2.890145,2.859707,2.831795,4.179281,4.232757,4.284961,4.327828,4.357902,4.376538,4.382444,4.372694,4.344933,4.294318,5.388529,5.416425
95,2.673442,2.67199,2.670372,2.667557,2.66297,2.656286,5.220743,5.191413,5.137543,5.107274,5.062708,5.01823,4.981241,3.598546,3.511619,3.433159,3.359641,3.293949,3.232443,3.174969,3.123595,3.074665,3.030571,2.99088,2.953697,2.9208,2.890335,2.862454,4.194847,4.247547,4.298624,4.341736,4.372508,4.391737,4.397097,4.38844,4.362129,4.312018,5.367401,5.396862
96,2.676091,2.677074,2.677575,2.676553,2.673266,2.667358,5.218492,5.177426,5.134027,5.101521,5.059851,5.013923,4.974127,3.519899,3.437558,3.363404,3.294238,3.232699,3.175131,3.121449,3.073628,3.028262,2.987561,2.95098,2.916818,2.886702,2.85904,2.833633,4.198112,4.250867,4.298293,4.331599,4.349315,4.351813,4.3418,4.318304,4.279154,4.220352,5.558084,5.578472
97,2.624633,2.624345,2.623686,2.621703,2.617683,2.611226,5.125798,5.085997,5.048622,5.014762,4.973444,4.934026,4.884364,3.521702,3.43572,3.358182,3.285746,3.221449,3.161085,3.104757,3.05442,3.006663,2.963653,2.92501,2.888829,2.856921,2.827447,2.800401,4.162967,4.216671,4.267006,4.306805,4.333714,4.343635,4.343533,4.329717,4.296903,4.241498,5.467892,5.492535
98,2.580217,2.579231,2.577992,2.575583,2.571367,2.565021,5.027102,5.008563,4.959005,4.914454,4.875507,4.844369,4.800299,3.463863,3.379381,3.303411,3.232736,3.169837,3.110747,3.055604,3.006285,2.959427,2.917181,2.879242,2.843701,2.81231,2.783297,2.756663,4.053134,4.105844,4.155784,4.197578,4.227221,4.244082,4.249311,4.239943,4.213013,4.163211,5.262186,5.294746
99,2.623385,2.625816,2.627561,2.627678,2.625217,2.619802,5.05803,5.029912,4.973473,4.93772,4.891112,4.860196,4.828437,3.418413,3.338328,3.266638,3.200119,3.140873,3.085514,3.033974,2.988209,2.944944,2.906172,2.871454,2.839128,2.810688,2.784569,2.760771,4.143106,4.197069,4.243062,4.271486,4.281817,4.276364,4.258051,4.227082,4.181081,4.117965,5.579439,5.597319
100,2.737554,2.739863,2.741509,2.741433,2.738731,2.733042,5.256763,5.223511,5.196688,5.143821,5.102733,5.069439,5.025538,3.569469,3.487012,3.412713,3.343167,3.281319,3.223615,3.169941,3.122222,3.07711,3.036629,3.000372,2.966543,2.93677,2.909367,2.88438,4.316792,4.371419,4.417657,4.446216,4.45753,4.450968,4.431886,4.400128,4.352643,4.287032,5.746149,5.764291
101,2.569668,2.571162,2.572065,2.57141,2.568431,2.562701,4.996223,4.952737,4.903003,4.874732,4.828182,4.781952,4.741915,3.391857,3.31032,3.23736,3.169571,3.109103,3.052515,2.999773,2.952819,2.908382,2.868448,2.832672,2.799314,2.76995,2.742902,2.71823,4.070571,4.124229,4.172017,4.205344,4.223536,4.225558,4.215001,4.190946,4.15177,4.093091,5.515454,5.537974
102,2.606666,2.604489,2.60221,2.598878,2.59393,2.58712,5.094469,5.061973,5.031362,4.979897,4.952772,4.903428,4.863926,3.547069,3.458871,3.379236,3.304849,3.238579,3.176604,3.118518,3.066568,3.017155,2.972577,2.932428,2.894843,2.861562,2.830758,2.802422,4.109984,4.163542,4.216962,4.264277,4.301054,4.326688,4.340419,4.337259,4.316285,4.268786,5.222631,5.246489
103,2.559829,2.559533,2.559002,2.557346,2.553955,2.548542,5.199411,5.164298,5.12407,5.082481,5.04851,5.00899,4.966775,3.428037,3.345523,3.2713,3.201947,3.140138,3.082261,3.028065,2.979552,2.933333,2.891625,2.854062,2.818873,2.787814,2.759125,2.732778,4.002446,4.05294,4.102146,4.142018,4.168816,4.182413,4.184519,4.171865,4.143718,4.094948,5.306841,5.341864
104,2.536795,2.534866,2.532946,2.530137,2.525951,2.520121,5.143455,5.083499,5.055835,5.016271,4.951961,4.914455,4.866215,3.475082,3.386977,3.307502,3.233348,3.167246,3.105347,3.047396,2.995505,2.946016,2.901332,2.861056,2.823343,2.790031,2.759198,2.730865,3.989304,4.042044,4.095459,4.144061,4.182632,4.210444,4.227155,4.227342,4.210516,4.168413,5.147796,5.187871
105,2.561414,2.559285,2.557171,2.554207,2.54993,2.544086,5.181167,5.146965,5.111245,5.061591,5.031155,4.992017,4.940963,3.479834,3.39413,3.316961,3.24486,3.180578,3.120243,3.063833,3.013225,2.964975,2.921314,2.881932,2.845004,2.812372,2.78216,2.754336,3.98305,4.033577,4.084625,4.13231,4.169432,4.195639,4.21154,4.211615,4.194292,4.152982,5.064802,5.10476
106,2.660698,2.663405,2.665346,2.665505,2.662965,2.657283,5.171131,5.120327,5.078451,5.035248,4.989938,4.943251,4.911843,3.490412,3.407409,3.332839,3.263394,3.201673,3.144026,3.090271,3.042466,2.997294,2.956732,2.920435,2.886563,2.856855,2.829516,2.804557,4.237901,4.293697,4.341582,4.371449,4.383942,4.377715,4.359275,4.327333,4.279818,4.214116,5.749326,5.766243
107,3.032235,3.03771,3.042069,3.043998,3.042212,3.036324,5.552924,5.531125,5.46525,5.46256,5.395725,5.336081,5.329859,3.94034,3.848233,3.76523,3.687525,3.618116,3.553363,3.493117,3.43957,3.389123,3.343939,3.303654,3.266225,3.233387,3.203221,3.175911,4.860452,4.918554,4.965266,4.986941,4.98628,4.965919,4.931231,4.884213,4.821331,4.740664,6.228376,6.230342
108,2.591988,2.594536,2.596339,2.596467,2.594092,2.588715,5.036951,5.013803,4.964674,4.924169,4.884924,4.847934,4.804406,3.369822,3.291502,3.221621,3.156425,3.09846,3.044263,2.99378,2.948927,2.906526,2.868513,2.834508,2.802775,2.774916,2.749287,2.725974,4.085832,4.138407,4.184108,4.211972,4.222756,4.216138,4.197959,4.166165,4.120764,4.058035,5.55807,5.584836
109,3.054967,3.060724,3.065333,3.067478,3.065764,3.059826,5.558022,5.522314,5.494812,5.43555,5.401787,5.356192,5.331793,3.989168,3.894607,3.809272,3.729254,3.657789,3.591067,3.528967,3.473794,3.421784,3.375256,3.333709,3.295019,3.261209,3.230156,3.202002,4.923465,4.98194,5.029117,5.051148,5.051362,5.029945,4.99837,4.951231,4.888992,4.806961,6.23803,6.259774
110,2.683899,2.686582,2.688559,2.68876,2.686285,2.680668,5.17558,5.139342,5.086249,5.049145,5.002048,4.963112,4.921644,3.525569,3.441212,3.365259,3.294363,3.231512,3.172887,3.118268,3.069759,3.023901,2.982813,2.946035,2.911753,2.881625,2.854042,2.82882,4.281992,4.338518,4.387655,4.417303,4.42989,4.424264,4.406276,4.375288,4.327517,4.260942,5.793043,5.799982
111,2.74782,2.750291,2.752002,2.751925,2.749139,2.74335,5.301887,5.253422,5.204601,5.163615,5.116865,5.074902,5.041508,3.585329,3.502507,3.427793,3.357874,3.295608,3.23744,3.183346,3.135254,3.089659,3.04889,3.012267,2.978161,2.9481,2.920426,2.895175,4.338767,4.393287,4.439294,4.467745,4.478038,4.470657,4.451044,4.418346,4.370649,4.304682,5.784833,5.807443
112,2.898517,2.900954,2.902636,2.902454,2.899417,2.893301,5.529557,5.504691,5.441734,5.408924,5.364344,5.319796,5.283398,3.796601,3.708407,3.628855,3.554543,3.48822,3.425856,3.367748,3.315997,3.267107,3.223384,3.18414,3.147571,3.11532,3.085657,3.058568,4.584142,4.640236,4.687521,4.716611,4.727625,4.719155,4.699852,4.66617,4.617806,4.547768,5.98958,6.008501
113,2.637895,2.636775,2.635394,2.632808,2.628414,2.621881,5.108702,5.082798,5.032182,5.013591,4.955413,4.91802,4.892074,3.546379,3.460258,3.382468,3.309789,3.245064,3.184509,3.127833,3.077216,3.029073,2.985744,2.946684,2.910191,2.877898,2.848083,2.820662,4.150498,4.203592,4.254552,4.296645,4.326409,4.343246,4.348403,4.338041,4.310935,4.25945,5.352787,5.375275
114,2.617619,2.616639,2.61538,2.612914,2.608573,2.602046,5.089871,5.057695,5.001573,4.968344,4.937808,4.891612,4.852953,3.524626,3.438705,3.360959,3.288332,3.223757,3.163157,3.106504,3.055876,3.007671,2.964346,2.925283,2.888766,2.856475,2.826607,2.799202,4.130536,4.183275,4.23442,4.275973,4.305779,4.322545,4.327217,4.316132,4.287913,4.236357,5.349568,5.370016
115,2.647963,2.649016,2.649532,2.648519,2.645221,2.639242,5.121718,5.094228,5.062304,5.018335,4.982752,4.938849,4.906343,3.488762,3.406687,3.332788,3.263782,3.202567,3.145159,3.09163,3.043907,2.998605,2.958009,2.92149,2.88739,2.857342,2.829643,2.804283,4.172316,4.225652,4.272388,4.30566,4.323045,4.324612,4.314987,4.289896,4.250252,4.190986,5.525157,5.544223
116,2.71374,2.716027,2.717615,2.717538,2.714917,2.709405,5.229986,5.192762,5.147804,5.122202,5.084529,5.040843,5.005397,3.521394,3.440981,3.368518,3.301058,3.241102,3.185111,3.133022,3.086702,3.042832,3.003576,2.968347,2.935541,2.906629,2.880058,2.85588,4.254027,4.307543,4.353258,4.381464,4.391465,4.384732,4.365418,4.333278,4.286806,4.222157,5.693903,5.714162
117,2.788092,2.790982,2.793079,2.793307,2.790628,2.784715,5.288219,5.251388,5.187759,5.140044,5.106387,5.067109,5.039536,3.679105,3.590263,3.510408,3.435678,3.368934,3.306505,3.248519,3.197098,3.148467,3.104977,3.065974,3.029675,2.997736,2.968347,2.941597,4.470812,4.52855,4.577702,4.608368,4.62081,4.614104,4.59454,4.561229,4.511908,4.443174,5.972754,5.955633
118,2.917162,2.922562,2.926913,2.928941,2.927393,2.921958,5.445662,5.399053,5.355404,5.320231,5.270185,5.221408,5.183913,3.776967,3.688222,3.60894,3.534784,3.468845,3.407123,3.349749,3.299022,3.251373,3.208723,3.170833,3.13555,3.104603,3.076269,3.05055,4.668609,4.72716,4.773574,4.794471,4.794575,4.77451,4.741004,4.695408,4.634062,4.554585,6.058619,6.045321
119,2.589721,2.59109,2.591898,2.591162,2.588137,2.582427,5.054555,5.005454,4.968593,4.922829,4.878765,4.839334,4.80477,3.40167,3.32152,3.249894,3.18318,3.123785,3.068166,3.016277,2.970059,2.926288,2.886877,2.85164,2.818717,2.789676,2.762963,2.73853,4.068337,4.120679,4.167276,4.200263,4.21755,4.218704,4.20866,4.184847,4.146044,4.088291,5.479199,5.493777
120,2.549022,2.54697,2.544925,2.542017,2.537766,2.531897,5.191548,5.160649,5.110523,5.060296,5.039186,4.99806,4.944808,3.480547,3.393501,3.315255,3.242064,3.176868,3.115822,3.058667,3.007402,2.958546,2.914243,2.874418,2.837032,2.803943,2.773339,2.745149,3.993534,4.04498,4.098092,4.146258,4.184204,4.21261,4.228806,4.228936,4.211662,4.169085,5.102722,5.129713
121,2.563801,2.561691,2.559619,2.556691,2.552446,2.54664,5.201694,5.158478,5.109659,5.081625,5.051415,5.003855,4.951568,3.484799,3.398956,3.321809,3.249565,3.185192,3.124861,3.068405,3.017705,2.969378,2.925537,2.886108,2.849066,2.816326,2.78599,2.758063,3.986022,4.03655,4.088139,4.135559,4.173668,4.200682,4.216116,4.217077,4.199967,4.159548,5.060902,5.10434
122,2.643602,2.643344,2.642725,2.640756,2.636875,2.630682,5.135458,5.09104,5.053072,4.995175,4.983368,4.941545,4.898056,3.503254,3.420867,3.346862,3.277646,3.216134,3.158509,3.104593,3.056378,3.01065,2.969361,2.932313,2.89762,2.866971,2.838648,2.812673,4.116136,4.16768,4.215823,4.253507,4.278256,4.28934,4.289101,4.273161,4.242012,4.18972,5.377245,5.400459
123,2.597371,2.596441,2.595273,2.592906,2.588739,2.582441,5.065676,5.052742,4.998792,4.968371,4.920141,4.867058,4.842709,3.481055,3.396634,3.320869,3.250123,3.187356,3.128413,3.073323,3.024107,2.977354,2.935107,2.897233,2.861765,2.830368,2.801379,2.774747,4.072509,4.124965,4.175011,4.217093,4.246399,4.263464,4.268792,4.258368,4.23119,4.181099,5.278499,5.308598
124,2.805817,2.80318,2.800436,2.796566,2.791102,2.783731,5.436457,5.419045,5.366915,5.348279,5.301494,5.24749,5.201528,3.826532,3.732415,3.647714,3.568183,3.497061,3.429934,3.366979,3.310578,3.256917,3.208436,3.164904,3.123976,3.087695,3.054075,3.023079,4.415576,4.469666,4.523268,4.571206,4.608801,4.63266,4.645733,4.642333,4.620737,4.57158,5.505782,5.525756
125,2.618305,2.616204,2.61399,2.61069,2.605798,2.599027,5.073088,5.055993,5.001443,4.971366,4.926521,4.881646,4.848698,3.563734,3.475039,3.395082,3.320165,3.253439,3.191027,3.13263,3.080327,3.030597,2.985656,2.945291,2.907425,2.873919,2.842913,2.814399,4.123031,4.176488,4.229717,4.276782,4.314202,4.338232,4.351491,4.349104,4.3289,4.282608,5.230646,5.252939
126,2.652096,2.651673,2.650945,2.648905,2.64497,2.638673,5.132847,5.102317,5.063649,5.030516,4.989684,4.950539,4.904658,3.534193,3.449868,3.374014,3.303026,3.239854,3.180804,3.125573,3.07618,3.029284,2.987002,2.949022,2.913458,2.882031,2.853006,2.826384,4.158191,4.210656,4.259932,4.298811,4.32466,4.336653,4.33733,4.321698,4.289501,4.236392,5.400712,5.448958
127,2.855277,2.860219,2.864131,2.865892,2.86428,2.859026,5.401971,5.34753,5.306382,5.270426,5.216406,5.178137,5.139014,3.687787,3.602437,3.525993,3.454431,3.390517,3.330892,3.275562,3.22665,3.180625,3.139408,3.102682,3.068473,3.038475,3.010977,2.986047,4.558727,4.616251,4.662049,4.682828,4.68113,4.660542,4.625939,4.579319,4.518536,4.441296,6.002564,6.010581
128,3.176183,3.182333,3.187331,3.189668,3.187953,3.181789,5.648629,5.612714,5.573222,5.544018,5.494021,5.467956,5.409407,4.146423,4.049704,3.962174,3.879683,3.80582,3.736545,3.671897,3.614461,3.560274,3.511712,3.46833,3.427911,3.3924,3.359829,3.330247,5.089212,5.144136,5.189323,5.209624,5.209517,5.189159,5.158061,5.112705,5.051443,4.971632,6.281947,6.276706
129,2.581123,2.579048,2.576878,2.573693,2.568999,2.562494,5.037092,5.000587,4.952,4.930775,4.887281,4.82913,4.805309,3.491359,3.405492,3.328318,3.256216,3.192214,3.132142,3.075923,3.025641,2.977839,2.934637,2.895853,2.859446,2.827264,2.797493,2.77009,4.034692,4.086814,4.138711,4.184474,4.220493,4.245479,4.259604,4.256928,4.236238,4.191081,5.107001,5.136686
130,2.659136,2.658698,2.657973,2.655963,2.65212,2.645988,5.126062,5.099983,5.05963,5.027077,4.988129,4.945775,4.906201,3.528163,3.44498,3.370142,3.300073,3.237841,3.179631,3.125218,3.076592,3.030401,2.988761,2.951408,2.916406,2.885515,2.856919,2.830765,4.142114,4.194108,4.242755,4.281241,4.30663,4.319311,4.319765,4.304249,4.273032,4.220948,5.367544,5.39216
131,2.620283,2.621331,2.621881,2.620917,2.617774,2.611963,5.110589,5.076099,5.037399,4.985162,4.955658,4.915796,4.871174,3.44384,3.363025,3.290671,3.22312,3.163171,3.106936,3.054495,3.007764,2.963471,2.923595,2.887923,2.854546,2.825113,2.798012,2.773229,4.115665,4.167658,4.214029,4.246351,4.263556,4.264517,4.253815,4.229909,4.190972,4.132787,5.498033,5.510173
132,2.686609,2.687525,2.687926,2.686789,2.683306,2.677013,5.145969,5.10259,5.064354,5.030021,4.984952,4.935214,4.905591,3.605105,3.516288,3.435963,3.360675,3.293634,3.230767,3.172298,3.120179,3.070695,3.026347,2.98646,2.949163,2.916407,2.88608,2.858528,4.30438,4.360253,4.41057,4.447276,4.468361,4.474941,4.469043,4.448525,4.410436,4.351083,5.64641,5.665247
133,2.584573,2.585398,2.585783,2.584751,2.581599,2.57592,4.989909,4.958195,4.926347,4.873205,4.830712,4.777714,4.749538,3.411018,3.329821,3.256809,3.189054,3.128826,3.072224,3.019641,2.972725,2.928201,2.888365,2.852542,2.819124,2.789746,2.762617,2.737887,4.059599,4.112094,4.160027,4.195052,4.215475,4.221013,4.21488,4.194974,4.159314,4.103856,5.355206,5.376186
134,2.644544,2.645538,2.646009,2.644989,2.641678,2.63565,5.047775,5.008108,4.957236,4.924409,4.878598,4.829731,4.808048,3.52757,3.441613,3.363746,3.29099,3.226597,3.166128,3.109851,3.059655,3.012023,2.969373,2.931007,2.895204,2.86376,2.834682,2.808195,4.206424,4.260258,4.310278,4.346281,4.367854,4.374024,4.367462,4.347683,4.310729,4.252697,5.498682,5.506031
135,2.957119,2.958473,2.959241,2.958101,2.954066,2.946814,5.504036,5.454445,5.38681,5.367558,5.29913,5.270627,5.222143,4.067222,3.962089,3.866383,3.776096,3.695354,3.619326,3.548457,3.485132,3.424917,3.370799,3.322182,3.276783,3.23692,3.199981,3.16642,4.853777,4.912956,4.968095,5.006048,5.030364,5.036815,5.030681,5.010975,4.973241,4.90712,6.275685,6.299425
136,2.975605,2.977169,2.978097,2.977098,2.973121,2.965822,5.454964,5.425871,5.360622,5.330496,5.279318,5.216188,5.156963,4.105528,3.998857,3.901509,3.809422,3.727149,3.649446,3.577082,3.512447,3.451004,3.395815,3.346151,3.299761,3.259091,3.221471,3.187236,4.893692,4.952292,5.002779,5.040727,5.064886,5.070299,5.066632,5.045381,5.008324,4.948351,6.274619,6.287305
137,2.627771,2.628456,2.628667,2.627406,2.623895,2.617673,5.142087,5.105942,5.062041,5.024773,4.979487,4.936029,4.905014,3.492279,3.408655,3.33323,3.262802,3.200489,3.141776,3.087138,3.038341,2.991945,2.950352,2.912904,2.87788,2.847083,2.818536,2.792458,4.169661,4.223696,4.27222,4.308056,4.328285,4.332655,4.325666,4.303803,4.265185,4.206256,5.508381,5.521748
138,2.724404,2.725266,2.725659,2.724427,2.720814,2.714359,5.268512,5.217571,5.172163,5.121187,5.086021,5.044162,5.008694,3.651455,3.562015,3.481408,3.405643,3.338205,3.274883,3.216036,3.163514,3.113706,3.069035,3.028878,2.991307,2.958288,2.927658,2.899754,4.365565,4.421682,4.473038,4.510855,4.532655,4.538515,4.531431,4.509557,4.469694,4.407877,5.741885,5.754242
139,2.717603,2.718332,2.718603,2.717322,2.713711,2.707351,5.245329,5.222196,5.180441,5.132152,5.101266,5.06012,5.030519,3.628135,3.540526,3.461427,3.38717,3.321156,3.259042,3.201435,3.149992,3.101085,3.057255,3.017811,2.980895,2.948451,2.918363,2.890909,4.330543,4.385859,4.436548,4.473555,4.494621,4.500161,4.493031,4.470989,4.431314,4.37096,5.705171,5.725855
140,2.607557,2.608122,2.608239,2.606847,2.603299,2.597045,5.053168,5.029317,4.974556,4.946635,4.90441,4.85448,4.819979,3.485307,3.400143,3.323408,3.251747,3.188236,3.128533,3.07297,3.023294,2.976176,2.933905,2.895923,2.860337,2.829076,2.800143,2.773758,4.165153,4.218594,4.266993,4.302532,4.322966,4.32797,4.321538,4.299451,4.2617,4.203702,5.445891,5.479782
141,2.663211,2.663808,2.663929,2.662538,2.658926,2.652567,5.103518,5.069379,5.03869,4.991599,4.96409,4.922444,4.889293,3.561546,3.475063,3.396688,3.323281,3.258152,3.197088,3.14024,3.089436,3.041203,2.997939,2.959015,2.922563,2.890531,2.860875,2.833836,4.249953,4.304648,4.353613,4.389141,4.408628,4.414993,4.407284,4.386683,4.347998,4.289094,5.510405,5.525275
142,2.567406,2.568077,2.568299,2.567059,2.563651,2.557626,4.994555,4.952707,4.919875,4.864882,4.82939,4.775925,4.741318,3.42822,3.344222,3.268676,3.198444,3.135924,3.077209,3.022575,2.973784,2.92751,2.885992,2.848715,2.813812,2.78317,2.754811,2.728984,4.100015,4.15301,4.201488,4.236793,4.257179,4.262574,4.255688,4.234625,4.197891,4.14037,5.376513,5.405807
143,2.661569,2.662439,2.662783,2.66152,2.6579,2.651381,5.062915,5.02766,4.988364,4.943903,4.905154,4.844996,4.812098,3.600187,3.509163,3.426806,3.349575,3.280956,3.216694,3.157002,3.103712,3.053129,3.007816,2.967071,2.928973,2.895511,2.864603,2.836458,4.31998,4.375708,4.426887,4.463732,4.4849,4.491287,4.485494,4.462422,4.423917,4.363719,5.625466,5.636001
144,2.673717,2.674557,2.674895,2.673646,2.670056,2.66357,5.124282,5.097394,5.056389,5.016066,4.957609,4.918159,4.881004,3.605079,3.514704,3.4332,3.356649,3.288619,3.224888,3.165663,3.112802,3.062653,3.017716,2.977358,2.939589,2.906413,2.875753,2.847886,4.319345,4.375618,4.426032,4.462685,4.484114,4.490442,4.482971,4.461762,4.422922,4.36276,5.637387,5.66783
145,2.691088,2.691646,2.691744,2.690316,2.686664,2.680269,5.193942,5.162789,5.124195,5.081906,5.043719,4.999494,4.965271,3.596164,3.509095,3.430373,3.356442,3.290745,3.229182,3.171899,3.120739,3.072177,3.028557,2.989386,2.952704,2.920424,2.890548,2.863389,4.289125,4.343139,4.392632,4.427923,4.448174,4.454112,4.447175,4.425568,4.387301,4.3286,5.570878,5.590723
146,2.892833,2.893809,2.894238,2.89285,2.888805,2.881671,5.441387,5.394924,5.355141,5.312605,5.25352,5.175379,5.177398,3.942098,3.84227,3.751662,3.666431,3.590498,3.518905,3.452137,3.392309,3.335538,3.284592,3.238897,3.196126,3.158527,3.123732,3.092028,4.707866,4.764927,4.816483,4.853468,4.874222,4.879655,4.8736,4.85151,4.811335,4.748615,5.961303,5.969075
147,2.64897,2.649617,2.649808,2.648557,2.645142,2.639074,5.065683,5.030828,4.9911,4.93623,4.913301,4.861659,4.820215,3.520518,3.435839,3.359357,3.287864,3.224579,3.165129,3.109839,3.060444,3.013588,2.97159,2.933845,2.898501,2.867469,2.838792,2.812634,4.193594,4.247003,4.29535,4.330721,4.350165,4.356685,4.348507,4.328583,4.291488,4.23414,5.490581,5.499431
148,2.472497,2.473602,2.474381,2.473917,2.471389,2.466529,4.928765,4.867131,4.82035,4.765273,4.721908,4.674665,4.647443,3.34158,3.256536,3.179848,3.108471,3.045132,2.985651,2.930394,2.881041,2.834147,2.792135,2.754302,2.719019,2.688076,2.659448,2.633389,3.971281,4.026149,4.077554,4.11696,4.14151,4.150846,4.147594,4.129113,4.095329,4.041353,5.415213,5.461348
149,2.686166,2.687045,2.687415,2.686232,2.682678,2.676351,5.171916,5.132806,5.089487,5.034401,5.001335,4.954417,4.918125,3.603829,3.515293,3.435147,3.360018,3.293209,3.230437,3.172177,3.120157,3.070713,3.026445,2.986603,2.94936,2.916581,2.88629,2.858705,4.301585,4.35717,4.407725,4.444251,4.465868,4.471249,4.465815,4.444481,4.406575,4.34716,5.673163,5.686996
150,2.48566,2.486343,2.486756,2.485956,2.483284,2.478364,5.122518,5.048627,5.03186,4.963585,4.919547,4.868629,4.818155,3.322405,3.24129,3.168268,3.100245,3.039812,2.983155,2.930407,2.883211,2.838375,2.798081,2.761812,2.727912,2.698114,2.670525,2.645342,3.928094,3.980442,4.029242,4.066969,4.089952,4.098693,4.095713,4.077565,4.044333,3.992183,5.300184,5.334463
151,2.524219,2.524712,2.524965,2.524024,2.521212,2.516143,5.168905,5.132978,5.104514,5.04152,5.016386,4.989388,4.929499,3.367539,3.286429,3.213303,3.145034,3.084455,3.027564,2.97454,2.927087,2.881971,2.841389,2.804799,2.770597,2.7405,2.712636,2.687159,3.97625,4.027852,4.07595,4.113187,4.135607,4.1438,4.14007,4.12189,4.088345,4.035905,5.295474,5.328577
152,2.523345,2.52379,2.524005,2.523037,2.520215,2.51518,5.169226,5.124276,5.091344,5.044885,4.996627,4.973383,4.923465,3.359879,3.279386,3.206825,3.139132,3.079072,3.022637,2.970069,2.922996,2.878242,2.837993,2.801708,2.767781,2.737943,2.710291,2.685025,3.962462,4.014132,4.061551,4.098349,4.121656,4.128685,4.12573,4.107621,4.074716,4.022606,5.275593,5.3094
153,2.461162,2.461725,2.462021,2.461128,2.458387,2.453456,5.051872,5.028533,4.962294,4.930315,4.873216,4.814074,4.770614,3.28793,3.207889,3.135891,3.068732,3.009123,2.953194,2.901135,2.854565,2.810288,2.770523,2.734694,2.701199,2.671762,2.644502,2.619614,3.887045,3.93805,3.985984,4.022801,4.045644,4.053393,4.049774,4.031916,3.999096,3.947128,5.184287,5.229757
154,2.523663,2.524047,2.524216,2.523248,2.520506,2.515625,5.173573,5.13318,5.101351,5.063628,5.014398,4.973265,4.938775,3.333499,3.255681,3.18568,3.120378,3.062482,3.008065,2.95738,2.911973,2.868765,2.829896,2.794861,2.762055,2.733204,2.706433,2.681952,3.915018,3.964753,4.011278,4.046792,4.069255,4.076946,4.073508,4.056262,4.024105,3.973789,5.178319,5.217406
