,1628,1186,1188,1190,1192,1194,1196,1198,1200,1202,1204,1206,1208,1210,1212,1214,1216,1218,1220,1222,1224,1226,1228,1230,1232,1558,1560,1562,1564,1566,1568,1570,1572,1574,1576,1578,1580,1582,1584
sample_1,4.023496,4.027669,4.058805,4.087259,4.120443,4.163572,4.216204,4.270933,4.320805,4.355996,4.377138,4.382211,4.375066,4.35256,4.314492,4.25477,4.174959,4.072215,3.959533,3.839689,3.723878,3.620223,3.522235,3.435702,3.357171,4.031155,4.096766,4.16658,4.23804,4.305229,4.367905,4.41669,4.452632,4.470943,4.475333,4.463753,4.439612,4.407814,4.370835
sample_2,3.979908,3.981189,4.011813,4.040453,4.073833,4.11667,4.168724,4.223098,4.272199,4.308259,4.328505,4.333819,4.327203,4.306072,4.268209,4.209788,4.131436,4.029961,3.918935,3.80084,3.687338,3.585732,3.489783,3.404906,3.328214,3.987406,4.051187,4.119305,4.18942,4.255749,4.316875,4.365081,4.399457,4.41868,4.422987,4.41141,4.387842,4.356315,4.320778
sample_3,4.032785,4.03399,4.064634,4.093021,4.125665,4.168517,4.220988,4.27518,4.324589,4.360152,4.38079,4.384746,4.378904,4.356845,4.319992,4.260391,4.181451,4.079871,3.969044,3.850816,3.736451,3.634237,3.537701,3.452349,3.374959,4.043541,4.107897,4.175885,4.245985,4.31285,4.373837,4.422831,4.457089,4.475067,4.479366,4.467281,4.445343,4.412815,4.376249
sample_4,4.153589,4.152332,4.184787,4.214191,4.248231,4.292641,4.347271,4.403848,4.455423,4.493479,4.515447,4.521824,4.515565,4.494131,4.455153,4.393845,4.310918,4.203765,4.088272,3.964236,3.843139,3.734747,3.632313,3.541841,3.460073,4.168293,4.23653,4.308536,4.382883,4.452601,4.517855,4.569114,4.605779,4.625153,4.628237,4.616374,4.590659,4.557201,4.519363
sample_5,3.725992,3.750209,3.778548,3.804372,3.833957,3.87232,3.91985,3.970253,4.017225,4.053227,4.0747,4.082324,4.07763,4.059599,4.026187,3.974593,3.904287,3.813384,3.714739,3.609821,3.506749,3.41327,3.32446,3.24579,3.174969,3.740472,3.798487,3.860433,3.924355,3.985194,4.041249,4.086708,4.120175,4.138015,4.143356,4.133275,4.112419,4.082989,4.049263
sample_6,4.032208,4.080812,4.109933,4.136938,4.169171,4.211097,4.262789,4.316734,4.365679,4.401604,4.421743,4.427042,4.420061,4.398696,4.360475,4.301688,4.222538,4.120715,4.010487,3.892851,3.778618,3.676231,3.57973,3.494465,3.417315,4.055577,4.118392,4.185405,4.254283,4.319007,4.378641,4.426158,4.459234,4.476503,4.47983,4.467725,4.44383,4.411089,4.375404
sample_7,3.880338,3.909566,3.9373,3.963886,3.995183,4.03637,4.08737,4.138938,4.186621,4.220989,4.241321,4.246649,4.240195,4.219328,4.182169,4.126216,4.050028,3.951528,3.843988,3.731425,3.623053,3.52642,3.435118,3.354333,3.281734,3.905647,3.966408,4.030689,4.096683,4.158789,4.215694,4.261294,4.291856,4.308695,4.312047,4.299665,4.27611,4.244798,4.21022
sample_8,3.896662,3.844451,3.875714,3.904116,3.936183,3.97718,4.027686,4.080806,4.129913,4.166493,4.187244,4.192981,4.185974,4.16502,4.129066,4.07391,4.000431,3.904922,3.801612,3.691576,3.583309,3.485465,3.392549,3.310022,3.235958,3.87877,3.942981,4.011236,4.082598,4.150175,4.215502,4.268079,4.305458,4.327188,4.333467,4.32633,4.305056,4.274815,4.238153
sample_9,3.884906,3.824623,3.855447,3.882329,3.912002,3.950299,3.999163,4.050969,4.101653,4.143006,4.171339,4.185343,4.187524,4.176296,4.148684,4.09986,4.030335,3.937517,3.834923,3.724668,3.615539,3.516456,3.422073,3.338102,3.262525,3.874968,3.933673,3.996558,4.061586,4.123965,4.181387,4.228134,4.262625,4.279982,4.285501,4.277607,4.257926,4.230023,4.197593
sample_10,3.911819,3.912531,3.941234,3.966697,3.995824,4.034422,4.083497,4.135601,4.186333,4.227939,4.257875,4.273772,4.279492,4.268809,4.241799,4.191582,4.119788,4.023346,3.915591,3.80005,3.687707,3.587169,3.492245,3.407761,3.331761,3.916884,3.973163,4.032127,4.093192,4.150626,4.203489,4.245307,4.274854,4.289812,4.292546,4.282206,4.262286,4.234179,4.203066
sample_11,4.069706,4.04493,4.073335,4.101341,4.13527,4.179083,4.231711,4.284724,4.330097,4.358217,4.368527,4.362172,4.343768,4.31205,4.266303,4.202779,4.122786,4.023067,3.915903,3.803637,3.69565,3.599632,3.509382,3.429471,3.357567,4.07268,4.141685,4.21526,4.290713,4.361904,4.428954,4.481929,4.519536,4.53945,4.544406,4.532846,4.508302,4.474086,4.435113
sample_12,3.838823,3.934609,3.961779,3.984659,4.011158,4.046619,4.092037,4.142789,4.193511,4.238615,4.274082,4.298406,4.311311,4.308209,4.286865,4.241699,4.173357,4.078866,3.97299,3.857664,3.7445,3.643131,3.547002,3.461542,3.384399,3.859525,3.908499,3.960929,4.012975,4.062278,4.107656,4.142376,4.166385,4.179276,4.180657,4.170529,4.151478,4.126397,4.098598
sample_13,3.878967,3.895092,3.924366,3.950028,3.979723,4.018821,4.067753,4.12091,4.171728,4.214158,4.243977,4.261284,4.266036,4.255399,4.227219,4.176424,4.10358,4.004733,3.894706,3.777439,3.663609,3.561868,3.465604,3.380012,3.303045,3.885236,3.942218,4.002125,4.064039,4.122659,4.176149,4.218229,4.248453,4.264279,4.266791,4.256248,4.23458,4.20677,4.174838
sample_14,4.066063,3.97658,4.007321,4.036816,4.072419,4.118003,4.172491,4.228203,4.275999,4.305292,4.318418,4.312616,4.294061,4.262021,4.21612,4.151417,4.069417,3.965793,3.854095,3.738362,3.627171,3.5286,3.435907,3.353863,3.280283,4.055147,4.127887,4.205454,4.285586,4.361278,4.432322,4.489416,4.528777,4.551928,4.557967,4.546381,4.519472,4.484392,4.446182
sample_15,4.059083,4.019391,4.048123,4.076178,4.109988,4.153925,4.207354,4.260793,4.306431,4.334963,4.346149,4.340389,4.321958,4.29011,4.243958,4.180236,4.099319,3.998398,3.889669,3.7765,3.667639,3.571,3.480242,3.399789,3.327454,4.064032,4.133983,4.208143,4.284899,4.35688,4.424408,4.478337,4.516917,4.536882,4.542402,4.529642,4.504797,4.468605,4.42995
sample_16,4.041091,4.080957,4.110294,4.13552,4.165199,4.204287,4.253369,4.307315,4.359267,4.401417,4.431217,4.447829,4.452416,4.441692,4.41277,4.360269,4.284976,4.184571,4.074246,3.955031,3.837481,3.731954,3.632219,3.543622,3.463743,4.055644,4.113643,4.175141,4.238336,4.297343,4.351262,4.393874,4.424103,4.438405,4.441284,4.430188,4.408229,4.378516,4.346019
sample_17,3.917833,3.871469,3.899689,3.926975,3.960838,4.004072,4.056262,4.108044,4.152389,4.179303,4.190557,4.184123,4.16543,4.135024,4.090896,4.028977,3.951015,3.851796,3.746767,3.638531,3.534713,3.44244,3.3555,3.278895,3.21055,3.919182,3.986596,4.05844,4.132233,4.203035,4.268091,4.319811,4.355917,4.37628,4.381597,4.369127,4.345536,4.312395,4.274479
sample_18,4.140548,4.108266,4.136685,4.164412,4.198667,4.242502,4.29589,4.348813,4.394508,4.421978,4.433126,4.426167,4.407135,4.376136,4.329591,4.265522,4.184508,4.084206,3.977135,3.864146,3.754925,3.657831,3.566532,3.485965,3.413287,4.146156,4.215645,4.289979,4.366316,4.438673,4.505813,4.55966,4.597445,4.618402,4.622795,4.610494,4.585782,4.551211,4.511312
sample_19,3.902023,3.926775,3.956134,3.981888,4.011584,4.050602,4.099635,4.15251,4.204086,4.246351,4.276203,4.293192,4.29829,4.28891,4.261007,4.210098,4.137325,4.039219,3.929531,3.81191,3.69759,3.59522,3.498585,3.41255,3.335034,3.90649,3.963061,4.022704,4.084385,4.142256,4.195775,4.237185,4.267102,4.282871,4.285264,4.275597,4.254335,4.226074,4.194871
sample_20,3.858189,3.931554,3.959522,3.982607,4.009214,4.045072,4.091023,4.141907,4.193453,4.2388,4.274374,4.29907,4.312392,4.310219,4.289609,4.244547,4.176272,4.082134,3.976451,3.86095,3.747527,3.645827,3.549525,3.463979,3.386867,3.873286,3.922654,3.974509,4.027482,4.077194,4.122371,4.157396,4.182468,4.19485,4.196259,4.186944,4.168227,4.14313,4.115619
sample_21,3.977115,3.991698,4.020692,4.046405,4.076659,4.116195,4.165359,4.218271,4.267547,4.306849,4.33276,4.343737,4.343705,4.330494,4.298992,4.245418,4.171525,4.074204,3.966284,3.85041,3.737482,3.636449,3.541086,3.456337,3.379842,3.982937,4.041968,4.104289,4.168465,4.228454,4.284904,4.328774,4.359519,4.37584,4.379644,4.368199,4.347179,4.318192,4.285784
sample_22,3.920089,3.916646,3.945828,3.972232,4.002708,4.042653,4.092192,4.144543,4.193836,4.232627,4.258733,4.269625,4.26974,4.255489,4.224228,4.171629,4.098782,4.000913,3.892771,3.777774,3.665989,3.566351,3.472066,3.388172,3.312709,3.920039,3.978951,4.041138,4.105554,4.166193,4.221499,4.266382,4.297943,4.314012,4.317406,4.307813,4.286509,4.257155,4.225105
sample_23,4.197774,4.153088,4.182892,4.211884,4.246587,4.291588,4.345839,4.400163,4.446105,4.474802,4.486871,4.479449,4.461043,4.428707,4.381845,4.317183,4.234453,4.131703,4.022383,3.906674,3.794441,3.694714,3.600791,3.517822,3.443139,4.19677,4.268315,4.343616,4.42218,4.49717,4.565924,4.621019,4.660503,4.68068,4.686694,4.67424,4.648861,4.613785,4.574571
sample_24,3.839955,3.867267,3.89468,3.919675,3.948971,3.987753,4.035987,4.087271,4.135537,4.173061,4.197778,4.20951,4.209842,4.194217,4.16366,4.111746,4.03977,3.943918,3.837966,3.726368,3.618194,3.521588,3.430286,3.349264,3.276463,3.853388,3.910103,3.970264,4.031832,4.090157,4.14331,4.185899,4.215146,4.229924,4.232474,4.222862,4.202042,4.172676,4.140741
sample_25,3.918149,3.934855,3.964109,3.98991,4.019564,4.058069,4.106953,4.159884,4.211154,4.253432,4.283687,4.3012,4.3072,4.297235,4.270617,4.220389,4.147934,4.050297,3.941639,3.824419,3.710411,3.608383,3.511877,3.426108,3.348757,3.923692,3.979499,4.038725,4.099905,4.156632,4.209811,4.251288,4.280439,4.295354,4.29715,4.287906,4.267589,4.239202,4.208368
sample_26,4.465987,4.376482,4.408575,4.439414,4.475764,4.523108,4.579795,4.637137,4.686477,4.71635,4.728324,4.721953,4.702791,4.669692,4.621379,4.551524,4.463259,4.353303,4.23605,4.113712,3.993563,3.885235,3.782654,3.691746,3.609848,4.459123,4.537334,4.62084,4.706125,4.786569,4.862419,4.921149,4.964441,4.9898,4.995142,4.980522,4.95399,4.91645,4.872541
sample_27,3.940046,3.927034,3.955357,3.982115,4.013981,4.055506,4.10608,4.158381,4.205438,4.238154,4.255746,4.258163,4.248011,4.224979,4.186403,4.128539,4.052648,3.954419,3.847215,3.73501,3.626866,3.530523,3.439716,3.359122,3.286819,3.944622,4.007801,4.075284,4.145034,4.211032,4.272105,4.32023,4.354167,4.372724,4.376647,4.3659,4.34339,4.310926,4.275599
sample_28,3.924183,3.955734,3.9847,4.009885,4.038863,4.077252,4.125216,4.17831,4.229764,4.272047,4.302768,4.320889,4.327026,4.316704,4.289837,4.239648,4.167161,4.069892,3.961423,3.844462,3.730512,3.628582,3.532363,3.446798,3.36966,3.935245,3.990775,4.049191,4.1098,4.166885,4.218548,4.260122,4.288753,4.303699,4.305843,4.295941,4.274181,4.246127,4.21523
sample_29,3.895415,3.842972,3.87124,3.899085,3.932629,3.976064,4.028036,4.080233,4.124686,4.152656,4.163097,4.15764,4.139945,4.109453,4.065252,4.003864,3.926095,3.826635,3.721586,3.613445,3.509672,3.417324,3.330402,3.253957,3.185731,3.892278,3.959855,4.031755,4.105838,4.176535,4.241869,4.294053,4.331231,4.351576,4.356491,4.345909,4.32175,4.288989,4.25098
sample_30,4.405766,4.280859,4.311852,4.343751,4.382771,4.431696,4.49032,4.546152,4.590743,4.611788,4.610771,4.588883,4.554816,4.509987,4.450418,4.375829,4.285617,4.177835,4.065972,3.949648,3.837209,3.737812,3.644613,3.562363,3.488687,4.398401,4.481046,4.568952,4.659918,4.745543,4.82445,4.889969,4.933874,4.959837,4.965639,4.951629,4.924655,4.884379,4.83801
sample_31,3.938517,3.958997,3.987298,4.01264,4.042769,4.08173,4.130486,4.182456,4.23173,4.269813,4.295602,4.307189,4.307446,4.292217,4.261567,4.208402,4.134946,4.03811,3.930887,3.81608,3.704523,3.604931,3.510818,3.427295,3.351945,3.9468,4.004364,4.066329,4.129371,4.18902,4.244775,4.288139,4.318626,4.334117,4.33752,4.327111,4.305533,4.276884,4.244352
sample_32,3.877074,3.948848,3.976944,4.000973,4.028341,4.064431,4.110606,4.162209,4.213635,4.259474,4.294794,4.319727,4.331919,4.329301,4.309106,4.263268,4.194832,4.099415,3.993047,3.876722,3.762096,3.659288,3.562004,3.475459,3.39732,3.88572,3.935601,3.988349,4.041979,4.092678,4.138687,4.174707,4.200997,4.213224,4.215046,4.205513,4.186625,4.162119,4.134496
sample_33,3.953411,3.928452,3.959012,3.985838,4.017496,4.058576,4.109334,4.163816,4.214949,4.255223,4.281026,4.294396,4.29536,4.279716,4.24822,4.194118,4.118558,4.018365,3.906982,3.788346,3.673556,3.571178,3.474351,3.3883,3.31097,3.949948,4.01061,4.075306,4.142471,4.206176,4.264117,4.310776,4.343428,4.360519,4.364089,4.353926,4.332553,4.301866,4.268439
sample_34,4.728585,4.609739,4.642608,4.675384,4.714653,4.764838,4.824646,4.882856,4.928789,4.949382,4.94913,4.92937,4.89501,4.84776,4.786211,4.706991,4.610762,4.49546,4.375771,4.252457,4.133521,4.026911,3.925422,3.835501,3.754484,4.718389,4.806189,4.897942,4.99565,5.084304,5.170193,5.236892,5.283592,5.314021,5.31942,5.305398,5.274713,5.232943,5.187243
sample_35,4.058718,3.993372,4.023083,4.052259,4.087379,4.131489,4.185297,4.239096,4.285909,4.314902,4.326672,4.320745,4.30157,4.270624,4.224787,4.161366,4.080604,3.979125,3.869493,3.755476,3.645879,3.548787,3.457184,3.376152,3.303374,4.051702,4.12235,4.197836,4.275562,4.348986,4.417499,4.471602,4.511591,4.532478,4.537681,4.525776,4.503626,4.467608,4.428744
sample_36,3.909041,3.950637,3.979235,4.003896,4.032955,4.070949,4.118044,4.170341,4.220428,4.2619,4.292418,4.308935,4.314929,4.304371,4.277395,4.228015,4.156103,4.06018,3.952487,3.83655,3.723441,3.622193,3.526377,3.441292,3.364531,3.914049,3.969235,4.027024,4.087144,4.14312,4.195273,4.235097,4.264595,4.27944,4.282312,4.271611,4.251942,4.224878,4.194271
sample_37,3.919997,3.947432,3.976301,4.001931,4.031445,4.070174,4.118145,4.17096,4.221151,4.262962,4.293047,4.30911,4.3144,4.303451,4.275823,4.225876,4.153459,4.056557,3.948301,3.831736,3.717976,3.616079,3.519812,3.43417,3.356877,3.923532,3.979479,4.038904,4.10017,4.157417,4.210461,4.252345,4.282332,4.297066,4.301062,4.290034,4.270277,4.241462,4.211092
sample_38,3.891124,3.868696,3.896976,3.923346,3.95508,3.996401,4.04655,4.098718,4.14482,4.177607,4.195276,4.197651,4.188251,4.164834,4.127319,4.071126,3.99609,3.898551,3.792838,3.682911,3.576782,3.482316,3.39297,3.314038,3.243385,3.89169,3.954256,4.020785,4.089608,4.15395,4.213954,4.262263,4.296314,4.314147,4.318114,4.308594,4.285519,4.254517,4.219133
sample_39,4.359966,4.245719,4.27848,4.308957,4.345712,4.393145,4.450199,4.507864,4.557289,4.587736,4.600474,4.59343,4.573875,4.540467,4.492005,4.423204,4.335347,4.22594,4.10968,3.987018,3.867114,3.760425,3.659989,3.571092,3.491229,4.344466,4.423034,4.506069,4.59332,4.675504,4.752857,4.813358,4.859458,4.883405,4.889376,4.877935,4.849905,4.811631,4.768428
sample_40,3.991646,4.001513,4.032078,4.058254,4.089321,4.12846,4.178675,4.233291,4.286158,4.32952,4.360389,4.378287,4.383655,4.37377,4.345324,4.293504,4.218631,4.118022,4.006678,3.886083,3.768098,3.662683,3.563125,3.474739,3.39503,3.996133,4.054235,4.115918,4.179941,4.239535,4.294579,4.337983,4.368398,4.383888,4.387505,4.377497,4.355357,4.326478,4.293443
sample_41,3.893852,3.861734,3.890631,3.917778,3.949981,3.992026,4.043382,4.096543,4.14403,4.177526,4.196233,4.198434,4.190286,4.16627,4.128259,4.070989,3.994397,3.894685,3.786688,3.674575,3.566709,3.470518,3.379822,3.299611,3.227963,3.893836,3.957686,4.025616,4.095876,4.162067,4.223465,4.272247,4.30744,4.326687,4.33078,4.319862,4.295997,4.265084,4.229182
sample_42,3.895547,3.919394,3.947616,3.973251,4.003152,4.042334,4.091486,4.142975,4.191993,4.230362,4.255613,4.267243,4.267159,4.252775,4.220971,4.168281,4.095335,3.997634,3.889983,3.775558,3.664636,3.565698,3.472119,3.388917,3.31411,3.903783,3.961914,4.02332,4.086676,4.146351,4.201108,4.244666,4.275262,4.291148,4.294012,4.283623,4.262267,4.233528,4.200512
sample_43,3.829194,3.889207,3.916484,3.939845,3.966568,4.002403,4.04788,4.09936,4.150035,4.195547,4.230883,4.254815,4.26789,4.265308,4.245245,4.199327,4.13145,4.037304,3.930867,3.815644,3.703079,3.602043,3.50642,3.421219,3.344438,3.841968,3.891401,3.943815,3.997542,4.047384,4.093005,4.128599,4.153491,4.166019,4.167463,4.157312,4.138889,4.113986,4.085945
sample_44,3.857257,3.869029,3.897379,3.922595,3.952419,3.991655,4.040566,4.092341,4.140916,4.17906,4.204298,4.215582,4.215323,4.200989,4.16989,4.117841,4.04525,3.948589,3.841415,3.728578,3.619144,3.521363,3.428951,3.346884,3.273298,3.861563,3.919499,3.980528,4.043539,4.102771,4.157536,4.200646,4.230455,4.247761,4.25045,4.240115,4.219225,4.190843,4.157773
sample_45,3.846929,3.81328,3.843487,3.869574,3.899099,3.936816,3.984536,4.03618,4.085838,4.127132,4.15533,4.169412,4.171931,4.159794,4.132052,4.083389,4.014894,3.922141,3.820513,3.711115,3.602987,3.504876,3.411479,3.328365,3.253587,3.839629,3.897353,3.958349,4.022471,4.08309,4.139153,4.185634,4.218966,4.237007,4.242344,4.233448,4.214121,4.187101,4.15347
sample_46,3.803936,3.782461,3.812987,3.838987,3.868357,3.905703,3.952655,4.003905,4.053321,4.093832,4.122083,4.136392,4.139456,4.128314,4.10121,4.053504,3.985913,3.894794,3.794436,3.685978,3.578695,3.481178,3.388273,3.305527,3.231109,3.789974,3.846864,3.906647,3.969418,4.028759,4.084888,4.129873,4.162401,4.181835,4.187302,4.179435,4.160804,4.134226,4.102134
sample_47,3.945759,4.025872,4.054074,4.077621,4.104714,4.140811,4.187312,4.239373,4.2911,4.336786,4.37269,4.39681,4.409404,4.406105,4.385329,4.339361,4.270048,4.174217,4.06732,3.950784,3.835303,3.731259,3.632831,3.545264,3.466413,3.962112,4.012126,4.06526,4.119363,4.170123,4.216346,4.252545,4.277815,4.289664,4.291057,4.282273,4.262939,4.237307,4.209199
sample_48,3.822223,3.833871,3.86546,3.891137,3.918602,3.954502,4.000738,4.05255,4.105893,4.154371,4.192749,4.219773,4.236885,4.237058,4.219065,4.177483,4.112189,4.019128,3.914955,3.80114,3.688008,3.584812,3.486265,3.398299,3.319068,3.819584,3.870056,3.923792,3.979094,4.03182,4.080685,4.119707,4.146609,4.162747,4.166286,4.158553,4.141703,4.116269,4.087851
sample_49,3.95359,3.995421,4.023037,4.048175,4.07777,4.116732,4.165333,4.217437,4.26606,4.30443,4.329769,4.341523,4.341182,4.326328,4.2947,4.241176,4.167311,4.070248,3.963666,3.849605,3.738498,3.639115,3.545428,3.462366,3.387458,3.972183,4.029873,4.091086,4.153952,4.212924,4.267352,4.309321,4.339106,4.354397,4.356889,4.345755,4.324403,4.29456,4.261736
sample_50,4.104602,4.03269,4.062633,4.091851,4.126554,4.171501,4.225944,4.280143,4.326823,4.355632,4.366981,4.36098,4.342552,4.311178,4.265086,4.200931,4.119783,4.018057,3.908554,3.793961,3.683687,3.585864,3.493884,3.412374,3.339122,4.096623,4.167923,4.24396,4.32216,4.396178,4.46507,4.520493,4.560129,4.581603,4.587033,4.575287,4.550454,4.515977,4.476498
sample_51,3.844405,3.804847,3.835409,3.861732,3.891275,3.929349,3.977266,4.029569,4.079562,4.120584,4.148972,4.162667,4.164942,4.153239,4.124756,4.075273,4.006248,3.912838,3.810539,3.700788,3.592313,3.493852,3.400144,3.316693,3.241718,3.83879,3.89696,3.958485,4.023188,4.084501,4.141377,4.187728,4.22096,4.239715,4.245412,4.236315,4.215988,4.188609,4.154792
sample_52,4.838507,4.663429,4.697021,4.729283,4.769219,4.819862,4.879722,4.937387,4.9827,5.004058,5.003272,4.98417,4.95065,4.904983,4.84478,4.766132,4.669936,4.553402,4.431931,4.306925,4.185816,4.077119,3.974015,3.882011,3.799048,4.825183,4.913483,5.007969,5.102225,5.194479,5.276398,5.342712,5.390188,5.410782,5.416413,5.409354,5.381896,5.342685,5.293302
sample_53,3.969453,3.987308,4.017749,4.044051,4.074411,4.113797,4.163996,4.218701,4.271103,4.315477,4.346745,4.36558,4.372691,4.362375,4.335063,4.282949,4.208123,4.10746,3.995896,3.875128,3.757158,3.651763,3.552159,3.463801,3.384009,3.976176,4.033783,4.095104,4.15796,4.217585,4.272119,4.314764,4.344669,4.359725,4.362388,4.35265,4.331448,4.301764,4.2699
sample_54,3.941681,3.891011,3.919276,3.947284,3.981477,4.0249,4.077751,4.130447,4.175231,4.20326,4.213717,4.208234,4.190648,4.159482,4.114555,4.052108,3.973167,3.872755,3.765788,3.65576,3.550329,3.456712,3.368375,3.290557,3.221037,3.944584,4.01247,4.085416,4.160375,4.231326,4.29752,4.350334,4.38776,4.406971,4.410602,4.401134,4.375896,4.342473,4.303955
sample_55,3.816937,3.821608,3.850882,3.876459,3.905211,3.942348,3.989152,4.039927,4.088759,4.128356,4.155939,4.168745,4.170314,4.158405,4.130277,4.081964,4.014139,3.92258,3.822393,3.714501,3.607967,3.511183,3.419072,3.337042,3.263223,3.815145,3.871256,3.930847,3.992902,4.05143,4.107049,4.150293,4.18339,4.201669,4.206626,4.197471,4.179274,4.151545,4.120207
sample_56,3.805654,3.854259,3.88267,3.906778,3.934069,3.970197,4.016558,4.068708,4.120387,4.16621,4.20206,4.226961,4.240199,4.238025,4.217762,4.173295,4.105441,4.010531,3.903129,3.787183,3.673983,3.572493,3.47634,3.390726,3.31356,3.81248,3.8621,3.914993,3.968738,4.019154,4.065567,4.101225,4.12725,4.139334,4.141273,4.132103,4.113922,4.089314,4.061316
sample_57,4.060136,4.010554,4.039631,4.068153,4.102578,4.147106,4.200814,4.254348,4.300429,4.328775,4.339728,4.332863,4.314047,4.282295,4.235798,4.171932,4.090937,3.989857,3.881058,3.767954,3.659451,3.563195,3.472604,3.392477,3.320462,4.061193,4.131289,4.205787,4.283051,4.355156,4.423128,4.477547,4.516314,4.536351,4.542177,4.529606,4.505145,4.469695,4.430668
sample_58,3.84772,3.889075,3.917059,3.940799,3.968017,4.004065,4.049947,4.10188,4.153007,4.198601,4.23393,4.257956,4.270682,4.268188,4.24854,4.202931,4.134992,4.040831,3.934007,3.818143,3.704726,3.602992,3.506667,3.420866,3.343403,3.851859,3.901697,3.954665,4.008871,4.059464,4.106214,4.141967,4.167173,4.181428,4.183846,4.174124,4.155378,4.130896,4.103027
sample_59,3.913831,3.967811,3.996773,4.021548,4.049115,4.085866,4.132756,4.18515,4.237951,4.283654,4.320463,4.344236,4.358141,4.355208,4.334742,4.289157,4.219689,4.123383,4.015344,3.897055,3.780561,3.675838,3.57664,3.488466,3.408742,3.916685,3.967809,4.021273,4.076693,4.128423,4.175664,4.213279,4.239658,4.252916,4.255048,4.245046,4.227259,4.202074,4.17392
sample_60,3.969622,4.022554,4.051186,4.076269,4.105358,4.143822,4.192089,4.244784,4.295433,4.337466,4.367415,4.385258,4.390579,4.379807,4.352532,4.301991,4.229183,4.131383,4.023716,3.906992,3.792371,3.68974,3.592611,3.506491,3.428719,3.980722,4.036246,4.094805,4.155074,4.211401,4.26375,4.304162,4.332329,4.347032,4.349524,4.339606,4.318797,4.291098,4.259789
sample_61,3.960344,3.983975,4.01394,4.039885,4.069908,4.109008,4.158288,4.212407,4.26421,4.307437,4.337758,4.354021,4.359168,4.349296,4.321834,4.26923,4.195235,4.095198,3.98483,3.865201,3.748484,3.644132,3.54543,3.457841,3.378707,3.96215,4.019523,4.080676,4.143596,4.203285,4.257036,4.300248,4.330702,4.346381,4.349838,4.339843,4.31825,4.29051,4.25812
sample_62,3.834265,3.832753,3.863079,3.889063,3.917176,3.954082,4.000892,4.051673,4.102499,4.145488,4.176527,4.194759,4.202784,4.193697,4.169967,4.124155,4.056849,3.964992,3.863111,3.752959,3.643779,3.544431,3.449629,3.365213,3.289137,3.82692,3.881756,3.939375,3.999717,4.056814,4.110625,4.152636,4.184593,4.202004,4.207385,4.197909,4.180587,4.153914,4.123527
sample_63,3.904195,3.947944,3.975914,4.000889,4.029667,4.067616,4.115479,4.167329,4.21734,4.258391,4.288456,4.304828,4.310236,4.300756,4.273047,4.223009,4.151318,4.055291,3.948462,3.83332,3.72133,3.620957,3.52614,3.442037,3.366093,3.915559,3.970497,4.027945,4.087241,4.142866,4.194124,4.233171,4.262032,4.276385,4.279674,4.268938,4.24834,4.221263,4.190294
sample_64,3.862792,3.922817,3.950297,3.97416,4.000871,4.036876,4.083631,4.13471,4.186626,4.232239,4.267385,4.291971,4.305694,4.302706,4.281569,4.235344,4.166359,4.071257,3.963827,3.847265,3.733139,3.63079,3.533948,3.447721,3.369832,3.875502,3.925769,3.978421,4.032367,4.082635,4.12863,4.165082,4.190372,4.203633,4.205385,4.193959,4.175902,4.150054,4.122545
sample_65,3.785244,3.814624,3.844241,3.868637,3.895649,3.930205,3.974971,4.025928,4.077622,4.124467,4.161576,4.187999,4.203784,4.20273,4.185593,4.144118,4.079158,3.98856,3.886553,3.775783,3.665604,3.565119,3.469254,3.383662,3.306517,3.79093,3.839856,3.891818,3.945599,3.9961,4.042902,4.080495,4.107395,4.122386,4.125348,4.116995,4.099578,4.074579,4.04713
sample_66,3.691081,3.726576,3.755843,3.780122,3.806488,3.84008,3.883919,3.934095,3.98487,4.031077,4.067842,4.094017,4.10976,4.109511,4.09252,4.052429,3.990055,3.901454,3.802094,3.693745,3.585888,3.487559,3.39372,3.310069,3.234763,3.694126,3.741768,3.792461,3.844923,3.894021,3.939532,3.975697,4.002239,4.016153,4.019997,4.012074,3.99543,3.97173,3.945009
sample_67,4.111597,4.072376,4.101877,4.130478,4.165071,4.209805,4.263667,4.31758,4.364187,4.393621,4.404483,4.398436,4.380707,4.349583,4.303584,4.239031,4.157094,4.05486,3.944938,3.829496,3.718323,3.619594,3.526781,3.444572,3.370591,4.113095,4.184182,4.259502,4.336633,4.409734,4.477866,4.531655,4.571742,4.591313,4.596662,4.584522,4.559119,4.523212,4.483937
sample_68,4.036582,4.01543,4.046495,4.074919,4.106177,4.147841,4.199204,4.254858,4.306851,4.347782,4.375191,4.387563,4.388367,4.374057,4.342592,4.287375,4.210896,4.109038,3.996902,3.875823,3.757615,3.651924,3.552269,3.463789,3.383977,4.03028,4.0926,4.15872,4.227671,4.291636,4.352172,4.399101,4.432219,4.450549,4.454286,4.443951,4.422271,4.391095,4.356549
sample_69,4.87588,4.692656,4.727106,4.760298,4.800519,4.851756,4.913327,4.97015,5.016083,5.037745,5.037792,5.017115,4.983939,4.936615,4.875195,4.794895,4.695828,4.576124,4.451304,4.322498,4.198167,4.086575,3.980596,3.886057,3.800681,4.856057,4.948081,5.045632,5.147915,5.24178,5.328383,5.397217,5.448898,5.473711,5.480741,5.471601,5.43568,5.399344,5.35114
sample_70,3.696246,3.71731,3.746698,3.7708,3.797164,3.831168,3.875345,3.925718,3.977089,4.023501,4.060401,4.08682,4.102951,4.102495,4.085381,4.044967,3.982121,3.893028,3.792921,3.683939,3.575434,3.476662,3.382291,3.298137,3.22239,3.696221,3.744802,3.796108,3.849545,3.899612,3.946344,3.983495,4.00999,4.024279,4.028029,4.01998,4.002681,3.979369,3.952206
sample_71,4.069944,4.006419,4.035908,4.064686,4.099324,4.143802,4.197516,4.251112,4.297323,4.325524,4.336349,4.329639,4.310709,4.279138,4.23315,4.169544,4.089225,3.988436,3.879809,3.766721,3.65795,3.561455,3.470594,3.390138,3.317869,4.062891,4.133243,4.208316,4.285638,4.358426,4.427239,4.482101,4.520273,4.542181,4.547188,4.535628,4.51142,4.476332,4.438035
sample_72,4.025056,4.007696,4.037009,4.064458,4.096824,4.139046,4.190607,4.244066,4.29169,4.324987,4.342913,4.344409,4.334718,4.310384,4.27107,4.212014,4.134206,4.034544,3.926059,3.811228,3.70014,3.601359,3.508057,3.425344,3.350812,4.022634,4.088066,4.157154,4.229264,4.296778,4.359869,4.40942,4.444755,4.463752,4.467861,4.457589,4.433961,4.402637,4.366239
sample_73,3.95849,3.92798,3.957148,3.984466,4.016984,4.059113,4.110395,4.163469,4.210918,4.244287,4.262848,4.26538,4.255712,4.233315,4.194795,4.136298,4.059665,3.960753,3.852458,3.739193,3.630081,3.532884,3.441189,3.360053,3.287271,3.959324,4.023454,4.09175,4.162396,4.228393,4.290305,4.339432,4.373689,4.392276,4.396134,4.385402,4.361939,4.330556,4.294188
sample_74,4.23323,4.157201,4.188098,4.217673,4.252757,4.298643,4.353777,4.409141,4.456748,4.486413,4.498431,4.492931,4.474407,4.442921,4.396635,4.330137,4.246204,4.141569,4.029923,3.911869,3.797444,3.695582,3.599853,3.515183,3.438995,4.228458,4.302169,4.380166,4.461348,4.537211,4.608426,4.664989,4.705521,4.72677,4.731134,4.720407,4.694721,4.657382,4.618281
sample_75,4.079967,4.075608,4.106173,4.133304,4.164873,4.205834,4.256815,4.311286,4.362432,4.402403,4.428564,4.440711,4.44074,4.426167,4.3945,4.33922,4.26281,4.16166,4.050891,3.93119,3.813691,3.708363,3.608801,3.520497,3.440905,4.07811,4.139825,4.205488,4.27296,4.336319,4.394702,4.441047,4.474584,4.492021,4.495753,4.4853,4.462919,4.43235,4.398209
sample_76,4.019014,4.073291,4.102154,4.127302,4.156379,4.195193,4.243962,4.297462,4.348363,4.390639,4.420106,4.436688,4.440821,4.430446,4.401773,4.349174,4.27457,4.174549,4.064742,3.946333,3.829594,3.724996,3.626073,3.538361,3.459314,4.033333,4.09052,4.151279,4.213552,4.272578,4.325509,4.367771,4.397635,4.412774,4.415613,4.404237,4.382781,4.353565,4.320938
sample_77,3.762203,3.804991,3.834912,3.859182,3.885488,3.920057,3.96474,4.015871,4.067332,4.114399,4.151577,4.178078,4.194044,4.193935,4.177125,4.135443,4.070735,3.980111,3.877795,3.766857,3.656552,3.555963,3.460063,3.374506,3.297461,3.769911,3.818841,3.871143,3.9239,3.974299,4.021155,4.057745,4.084346,4.099248,4.102023,4.093223,4.075876,4.051875,4.023842
sample_78,4.06039,4.033429,4.063387,4.091552,4.124327,4.167842,4.220775,4.275818,4.325061,4.359495,4.377892,4.380599,4.370764,4.345883,4.305014,4.243967,4.163252,4.060848,3.948953,3.8311,3.717299,3.616273,3.521135,3.436783,3.360848,4.06697,4.134315,4.205897,4.279423,4.34895,4.414022,4.464593,4.501997,4.518325,4.521726,4.51291,4.487573,4.452661,4.415433
sample_79,4.180519,4.10805,4.138865,4.168598,4.204232,4.250465,4.306174,4.362655,4.410928,4.440952,4.453239,4.447602,4.428774,4.396842,4.349555,4.282755,4.197821,4.091921,3.978558,3.859537,3.744777,3.642972,3.54742,3.462887,3.386841,4.178904,4.253171,4.331946,4.413422,4.491274,4.563064,4.620863,4.662026,4.684256,4.690104,4.676843,4.650041,4.613379,4.572456
sample_80,4.063706,4.078403,4.106626,4.133467,4.165506,4.207379,4.258829,4.311458,4.358305,4.391323,4.407334,4.409523,4.398713,4.374567,4.334408,4.275146,4.196896,4.097319,3.989667,3.875474,3.764367,3.665219,3.571905,3.489326,3.414825,4.071938,4.136443,4.204701,4.275401,4.342092,4.403821,4.452655,4.487442,4.506347,4.510321,4.49857,4.474879,4.4424,4.406516
sample_81,3.921696,3.924789,3.954786,3.981173,4.011158,4.051031,4.100588,4.154848,4.207205,4.251001,4.281673,4.30102,4.307267,4.298316,4.270845,4.219951,4.145843,4.046286,3.934964,3.815873,3.70014,3.596574,3.498931,3.4121,3.33396,3.928826,3.986022,4.046083,4.108813,4.167297,4.220766,4.263632,4.292949,4.308198,4.311676,4.30025,4.279234,4.24983,4.21766
sample_82,4.243972,4.14695,4.177618,4.206995,4.242404,4.287864,4.34278,4.397777,4.444279,4.472853,4.484928,4.477783,4.459509,4.427818,4.381045,4.316398,4.233709,4.13032,4.02013,3.90361,3.790227,3.689455,3.594736,3.510863,3.435365,4.234367,4.307381,4.384772,4.465481,4.541408,4.612142,4.668305,4.709274,4.729358,4.735562,4.724991,4.698839,4.662879,4.623209
sample_83,3.866655,3.839148,3.871394,3.898108,3.927818,3.96548,4.013381,4.066398,4.119293,4.164171,4.196257,4.216918,4.22465,4.21848,4.194206,4.147308,4.07797,3.983828,3.878424,3.765024,3.652716,3.550512,3.453186,3.366419,3.288331,3.857588,3.913251,3.97331,4.035934,4.095344,4.150666,4.194813,4.227741,4.2461,4.251396,4.24227,4.223831,4.195869,4.164026
sample_84,3.96086,3.954122,3.982402,4.0087,4.040362,4.081521,4.132203,4.18386,4.231028,4.263556,4.280898,4.283941,4.27419,4.251705,4.212899,4.154818,4.078801,3.980743,3.873854,3.761791,3.653513,3.557223,3.466512,3.385926,3.313616,3.966081,4.029279,4.096554,4.165526,4.230546,4.291683,4.339138,4.373373,4.391116,4.395245,4.384047,4.361016,4.329635,4.29316
sample_85,3.937265,3.949779,3.978781,4.003994,4.033593,4.072494,4.120521,4.173556,4.22458,4.266545,4.296312,4.314267,4.319872,4.309191,4.281943,4.231556,4.158529,4.061374,3.952506,3.835835,3.721976,3.620107,3.524014,3.438522,3.361511,3.944293,4.000367,4.060054,4.120999,4.178788,4.231624,4.273049,4.30211,4.317448,4.319628,4.310092,4.289121,4.260185,4.228693
sample_86,3.908308,3.918896,3.947197,3.972547,4.002176,4.040975,4.089772,4.140856,4.189909,4.227942,4.253144,4.265157,4.266136,4.251849,4.221159,4.169427,4.097367,4.001153,3.894775,3.781773,3.671864,3.573841,3.481315,3.398989,3.324945,3.913641,3.971297,4.031761,4.094501,4.152915,4.207582,4.250034,4.280339,4.295722,4.298071,4.288424,4.267093,4.238027,4.20642
sample_87,4.056561,4.020784,4.049462,4.076459,4.10884,4.151112,4.202912,4.25594,4.303656,4.336806,4.35448,4.356792,4.346591,4.322401,4.2828,4.223649,4.145746,4.046693,3.938768,3.824795,3.714469,3.61623,3.523943,3.441964,3.368175,4.061463,4.1265,4.195796,4.267209,4.334685,4.396688,4.445994,4.481543,4.500642,4.505024,4.492639,4.468928,4.436513,4.400204
sample_88,4.078607,4.10046,4.130674,4.157119,4.187212,4.227013,4.276938,4.331161,4.383965,4.426346,4.457106,4.47379,4.479493,4.468679,4.440599,4.388071,4.312445,4.211396,4.100056,3.979884,3.860891,3.753833,3.652599,3.562639,3.48169,4.081282,4.140078,4.202445,4.266219,4.326265,4.381689,4.425468,4.456207,4.472278,4.47523,4.46364,4.443079,4.413844,4.381313
sample_89,4.087987,4.07827,4.107244,4.134558,4.167311,4.20939,4.261123,4.314366,4.362398,4.39608,4.413767,4.415923,4.406079,4.382723,4.342886,4.28353,4.204923,4.10478,3.996465,3.881353,3.769494,3.669738,3.575802,3.492663,3.41771,4.094574,4.159798,4.228824,4.300276,4.367415,4.429702,4.479258,4.514926,4.532274,4.536873,4.525242,4.502328,4.468702,4.432154
sample_90,3.880852,3.893702,3.923001,3.948876,3.978802,4.01794,4.06702,4.120363,4.171285,4.213645,4.243895,4.260589,4.265678,4.255467,4.22751,4.176871,4.104183,4.005669,3.895557,3.778501,3.664716,3.563092,3.467016,3.381529,3.304714,3.883104,3.940164,3.99969,4.061709,4.119868,4.173515,4.215766,4.245959,4.262067,4.264647,4.254547,4.232924,4.205309,4.174164
sample_91,4.08104,3.986004,4.016184,4.045188,4.080114,4.12506,4.179128,4.233636,4.280061,4.309997,4.321406,4.315433,4.297278,4.26591,4.220231,4.156199,4.075214,3.973099,3.862871,3.748833,3.63927,3.541987,3.45061,3.369502,3.296835,4.076006,4.147615,4.223343,4.302507,4.376994,4.445676,4.499682,4.540938,4.560675,4.566116,4.55477,4.527934,4.493753,4.453922
sample_92,4.028237,4.049932,4.079244,4.104887,4.134439,4.173328,4.222244,4.275898,4.327337,4.369452,4.399281,4.415546,4.420626,4.409753,4.381718,4.330225,4.256461,4.157575,4.048919,3.931278,3.815439,3.711597,3.613574,3.526468,3.448104,4.036573,4.093896,4.154262,4.21661,4.275178,4.328539,4.370591,4.400542,4.415594,4.418243,4.407565,4.386266,4.357934,4.325683
sample_93,4.08965,4.036256,4.065825,4.093486,4.126547,4.169364,4.221658,4.275611,4.323449,4.356567,4.37439,4.375705,4.36523,4.340158,4.300077,4.240404,4.161839,4.061832,3.953014,3.837803,3.726181,3.626687,3.533072,3.450081,3.375264,4.087437,4.154085,4.224709,4.297829,4.366598,4.430809,4.481471,4.517689,4.536603,4.542358,4.529893,4.506618,4.473286,4.436294
sample_94,4.020782,4.059687,4.088747,4.114179,4.143602,4.182567,4.231382,4.284522,4.335759,4.378127,4.407881,4.424162,4.429368,4.41931,4.392102,4.339823,4.266256,4.167437,4.058893,3.941276,3.825547,3.721627,3.623384,3.53623,3.457731,4.029932,4.086554,4.146475,4.208085,4.266155,4.319064,4.360639,4.390825,4.405562,4.408007,4.397694,4.376845,4.347834,4.316076
sample_95,3.990734,4.004384,4.034705,4.06053,4.090992,4.129742,4.179281,4.232757,4.284961,4.327828,4.357902,4.376538,4.382444,4.372694,4.344933,4.294318,4.220837,4.121614,4.012075,3.892897,3.776184,3.671423,3.572635,3.484711,3.405375,3.994381,4.051349,4.111941,4.17452,4.232083,4.286087,4.32884,4.357371,4.373567,4.376278,4.366263,4.345664,4.316919,4.285916
sample_96,3.971024,4.026416,4.055101,4.080083,4.108632,4.146792,4.194847,4.247547,4.298624,4.341736,4.372508,4.391737,4.397097,4.38844,4.362129,4.312018,4.239192,4.141158,4.032756,3.915605,3.800051,3.696482,3.598546,3.511619,3.433159,3.982939,4.038008,4.096252,4.156097,4.212222,4.264033,4.303846,4.331757,4.346342,4.348917,4.3384,4.317595,4.290251,4.259225
sample_97,4.026447,4.017264,4.045839,4.072755,4.104914,4.146718,4.198112,4.250867,4.298293,4.331599,4.349315,4.351813,4.3418,4.318304,4.279154,4.220352,4.142855,4.043759,3.935846,3.821637,3.711145,3.612657,3.519899,3.437558,3.363404,4.032992,4.097469,4.165957,4.236428,4.302897,4.364334,4.412849,4.447477,4.465646,4.468903,4.458531,4.434994,4.403006,4.366983
sample_98,3.970182,3.985766,4.014995,4.041396,4.072302,4.112629,4.162967,4.216671,4.267006,4.306805,4.333714,4.343635,4.343533,4.329717,4.296903,4.241498,4.16534,4.065302,3.954459,3.836028,3.72115,3.618478,3.521702,3.43572,3.358182,3.978785,4.038897,4.102523,4.168566,4.230008,4.28794,4.333045,4.365627,4.381214,4.384565,4.374744,4.351073,4.321013,4.287593
sample_99,3.863287,3.883728,3.912574,3.937871,3.967034,4.005345,4.053134,4.105844,4.155784,4.197578,4.227221,4.244082,4.249311,4.239943,4.213013,4.163211,4.091986,3.995054,3.887003,3.771452,3.659195,3.55876,3.463863,3.379381,3.303411,3.864685,3.920116,3.978434,4.038552,4.095082,4.147042,4.188396,4.21736,4.231695,4.234262,4.225238,4.205753,4.177725,4.147451
sample_100,4.017919,3.951986,3.981848,4.010414,4.045053,4.089801,4.143106,4.197069,4.243062,4.271486,4.281817,4.276364,4.258051,4.227082,4.181081,4.117965,4.037451,3.935612,3.826256,3.71338,3.605148,3.508917,3.418413,3.338328,3.266638,4.013896,4.084183,4.159022,4.236331,4.309186,4.377532,4.432093,4.469508,4.491075,4.495648,4.48527,4.459698,4.425086,4.386189
sample_101,4.163163,4.123865,4.153471,4.18244,4.217452,4.262578,4.316792,4.371419,4.417657,4.446216,4.45753,4.450968,4.431886,4.400128,4.352643,4.287032,4.204037,4.100546,3.990332,3.874411,3.762381,3.662985,3.569469,3.487012,3.412713,4.168071,4.239938,4.315387,4.393902,4.467777,4.536672,4.590835,4.630633,4.650145,4.65439,4.643386,4.617451,4.58175,4.541905
sample_102,3.961011,3.884439,3.914105,3.941736,3.975145,4.018196,4.070571,4.124229,4.172017,4.205344,4.223536,4.225558,4.215001,4.190946,4.15177,4.093091,4.015435,3.914489,3.804894,3.691249,3.581654,3.483965,3.391857,3.31032,3.23736,3.951507,4.017496,4.088144,4.161052,4.229833,4.294161,4.346008,4.381635,4.40148,4.406344,4.395299,4.371829,4.339443,4.302673
sample_103,3.885627,3.943625,3.972424,3.9969,4.024823,4.062263,4.109984,4.163542,4.216962,4.264277,4.301054,4.326688,4.340419,4.337259,4.316285,4.268786,4.197393,4.098627,3.988488,3.868656,3.751409,3.646331,3.547069,3.458871,3.379236,3.903791,3.955125,4.009622,4.065089,4.117167,4.164794,4.201996,4.226899,4.240121,4.241117,4.231308,4.211625,4.184956,4.155304
sample_104,3.843188,3.83488,3.864243,3.889727,3.918221,3.955556,4.002446,4.05294,4.102146,4.142018,4.168816,4.182413,4.184519,4.171865,4.143718,4.094948,4.026032,3.934206,3.833355,3.725053,3.61792,3.520625,3.428037,3.345523,3.2713,3.840109,3.896872,3.956853,4.019821,4.079074,4.134386,4.180075,4.211629,4.230005,4.235622,4.227674,4.2079,4.179672,4.147109
sample_105,3.819171,3.821377,3.853307,3.879224,3.906912,3.942966,3.989304,4.042044,4.095459,4.144061,4.182632,4.210444,4.227155,4.227342,4.210516,4.168413,4.102394,4.009446,3.904812,3.790845,3.677407,3.573848,3.475082,3.386977,3.307502,3.813711,3.864475,3.918357,3.974199,4.027194,4.075827,4.115398,4.143516,4.158954,4.163858,4.154441,4.137516,4.112674,4.084247
sample_106,3.781253,3.82357,3.853434,3.877928,3.904382,3.938756,3.98305,4.033577,4.084625,4.13231,4.169432,4.195639,4.21154,4.211615,4.194292,4.152982,4.088886,3.998969,3.897174,3.78671,3.67644,3.575846,3.479834,3.39413,3.316961,3.783315,3.831862,3.883452,3.936468,3.986896,4.033238,4.070104,4.0971,4.111723,4.114703,4.107425,4.090298,4.065985,4.039405
sample_107,4.134036,4.042346,4.072748,4.101801,4.13699,4.182765,4.237901,4.293697,4.341582,4.371449,4.383942,4.377715,4.359275,4.327333,4.279818,4.214116,4.130628,4.02601,3.913218,3.796295,3.683752,3.583962,3.490412,3.407409,3.332839,4.128836,4.202731,4.281346,4.363058,4.44017,4.512505,4.571119,4.613241,4.635743,4.640568,4.628416,4.601795,4.564753,4.522964
sample_108,4.786078,4.642184,4.675382,4.708571,4.748004,4.799515,4.860452,4.918554,4.965266,4.986941,4.98628,4.965919,4.931231,4.884213,4.821331,4.740664,4.642474,4.523427,4.400873,4.274642,4.152771,4.04358,3.94034,3.848233,3.76523,4.778564,4.867281,4.962929,5.06075,5.152679,5.236497,5.30837,5.353052,5.383047,5.39091,5.376891,5.344966,5.303193,5.253214
sample_109,3.983512,3.896237,3.925367,3.953682,3.987912,4.031957,4.085832,4.138407,4.184108,4.211972,4.222756,4.216138,4.197959,4.166165,4.120764,4.058035,3.978532,3.87734,3.769651,3.659044,3.552912,3.458626,3.369822,3.291502,3.221621,3.975732,4.045657,4.119987,4.197047,4.270342,4.338291,4.392819,4.4315,4.453491,4.459548,4.446815,4.424325,4.38831,4.349738
sample_110,4.879916,4.703239,4.736897,4.770409,4.810654,4.862356,4.923465,4.98194,5.029117,5.051148,5.051362,5.029945,4.99837,4.951231,4.888992,4.806961,4.707621,4.586163,4.460778,4.331711,4.206971,4.095133,3.989168,3.894607,3.809272,4.867947,4.959598,5.054923,5.155933,5.251026,5.338498,5.406041,5.45671,5.483302,5.489917,5.479714,5.4481,5.404642,5.356362
sample_111,4.17576,4.081845,4.113171,4.143173,4.179343,4.225749,4.281992,4.338518,4.387655,4.417303,4.42989,4.424264,4.406276,4.375288,4.327517,4.260942,4.176214,4.070158,3.956311,3.837123,3.722554,3.620878,3.525569,3.441212,3.365259,4.168451,4.243125,4.322357,4.404224,4.4822,4.55514,4.613771,4.656428,4.677963,4.684215,4.671731,4.645251,4.608153,4.565843
sample_112,4.201189,4.145454,4.174986,4.203848,4.238811,4.284084,4.338767,4.393287,4.439294,4.467745,4.478038,4.470657,4.451044,4.418346,4.370649,4.304682,4.221312,4.117591,4.007518,3.891327,3.778992,3.679237,3.585329,3.502507,3.427793,4.19948,4.271827,4.348061,4.42715,4.50275,4.572194,4.628164,4.6678,4.689593,4.694681,4.682969,4.656653,4.621192,4.581295
sample_113,4.424558,4.385128,4.416012,4.445764,4.482001,4.527854,4.584142,4.640236,4.687521,4.716611,4.727625,4.719155,4.699852,4.66617,4.617806,4.547768,4.460691,4.352403,4.237663,4.118173,4.001448,3.896244,3.796601,3.708407,3.628855,4.422575,4.497759,4.576988,4.659148,4.736753,4.808981,4.866196,4.90726,4.929297,4.934814,4.922572,4.893256,4.858884,4.816409
sample_114,3.950177,3.979303,4.008293,4.033867,4.063273,4.1023,4.150498,4.203592,4.254552,4.296645,4.326409,4.343246,4.348403,4.338041,4.310935,4.25945,4.185848,4.087539,3.978589,3.860991,3.746029,3.643394,3.546379,3.460258,3.382468,3.954941,4.010517,4.069772,4.1309,4.188372,4.241649,4.283187,4.31236,4.327915,4.331093,4.320017,4.299553,4.271922,4.240963
sample_115,3.942599,3.958882,3.988087,4.01339,4.04303,4.081759,4.130536,4.183275,4.23442,4.275973,4.305779,4.322545,4.327217,4.316132,4.287913,4.236357,4.163366,4.065384,3.955959,3.838515,3.723915,3.621544,3.524626,3.438705,3.360959,3.945181,4.000974,4.060783,4.122491,4.180278,4.233778,4.275386,4.305439,4.321185,4.324042,4.313363,4.293127,4.265638,4.233844
sample_116,4.000884,3.990942,4.019475,4.046766,4.079147,4.121262,4.172316,4.225652,4.272388,4.30566,4.323045,4.324612,4.314987,4.289896,4.250252,4.190986,4.112827,4.012953,3.904307,3.789834,3.679526,3.581275,3.488762,3.406687,3.332788,4.005493,4.070091,4.138666,4.209147,4.27574,4.337352,4.385811,4.421767,4.438269,4.442136,4.43237,4.407391,4.376983,4.340807
sample_117,4.104198,4.064384,4.093362,4.121838,4.156143,4.200645,4.254027,4.307543,4.353258,4.381464,4.391465,4.384732,4.365418,4.333278,4.286806,4.222157,4.140816,4.039839,3.931467,3.818029,3.708987,3.612303,3.521394,3.440981,3.368518,4.106138,4.176166,4.250745,4.327071,4.399518,4.466744,4.520698,4.559155,4.579893,4.585006,4.57311,4.547957,4.513632,4.474295
sample_118,4.365942,4.265143,4.297777,4.32902,4.366133,4.414052,4.470812,4.52855,4.577702,4.608368,4.62081,4.614104,4.59454,4.561229,4.511908,4.443174,4.354949,4.245039,4.128521,4.006001,3.886276,3.779603,3.679105,3.590263,3.510408,4.355787,4.43309,4.515605,4.602066,4.682756,4.758013,4.816622,4.863003,4.884391,4.890618,4.878778,4.850509,4.812422,4.770424
sample_119,4.602842,4.451169,4.484199,4.517025,4.557055,4.608119,4.668609,4.72716,4.773574,4.794471,4.794575,4.77451,4.741004,4.695408,4.634062,4.554585,4.459281,4.344571,4.225492,4.102803,3.983693,3.87711,3.776967,3.688222,3.60894,4.595055,4.683074,4.776813,4.873627,4.96541,5.050676,5.118413,5.166019,5.190405,5.200159,5.182416,5.156373,5.111759,5.062633
sample_120,3.937432,3.888354,3.916414,3.943373,3.97542,4.017366,4.068337,4.120679,4.167276,4.200263,4.21755,4.218704,4.20866,4.184847,4.146044,4.088291,4.012545,3.914185,3.806977,3.695554,3.587943,3.492059,3.40167,3.32152,3.249894,3.934669,3.999547,4.068468,4.139975,4.208014,4.270719,4.32059,4.355195,4.375108,4.380027,4.367824,4.345284,4.312891,4.276061
sample_121,3.79061,3.83057,3.860784,3.885695,3.912588,3.947508,3.993534,4.04498,4.098092,4.146258,4.184204,4.21261,4.228806,4.228936,4.211662,4.169085,4.102896,4.010136,3.905954,3.79295,3.680616,3.578115,3.480547,3.393501,3.315255,3.803216,3.853554,3.906435,3.961553,4.01339,4.061315,4.100025,4.127674,4.142019,4.144684,4.135429,4.116821,4.091329,4.062229
sample_122,3.785111,3.827212,3.856894,3.881208,3.907447,3.941559,3.986022,4.03655,4.088139,4.135559,4.173668,4.200682,4.216116,4.217077,4.199967,4.159548,4.095046,4.004917,3.903006,3.792229,3.681755,3.580914,3.484799,3.398956,3.321809,3.792264,3.840858,3.892759,3.946277,3.996854,4.043778,4.081698,4.107889,4.123281,4.126006,4.117479,4.099878,4.074543,4.046793
sample_123,3.937321,3.947321,3.974864,3.999807,4.029445,4.068273,4.116136,4.16768,4.215823,4.253507,4.278256,4.28934,4.289101,4.273161,4.242012,4.18972,4.117421,4.02202,3.916387,3.803594,3.693859,3.595745,3.503254,3.420867,3.346862,3.94189,3.999975,4.061937,4.125285,4.185259,4.241209,4.285048,4.315656,4.33212,4.335062,4.32419,4.303617,4.273917,4.241151
sample_124,3.874375,3.904108,3.932224,3.957069,3.986216,4.024273,4.072509,4.124965,4.175011,4.217093,4.246399,4.263464,4.268792,4.258368,4.23119,4.181099,4.109033,4.012376,3.903839,3.788497,3.676173,3.575818,3.481055,3.396634,3.320869,3.887956,3.943731,4.002017,4.062854,4.119639,4.171606,4.213312,4.242037,4.256878,4.259893,4.247573,4.227124,4.198,4.166701
sample_125,4.153643,4.248188,4.277987,4.30244,4.330777,4.368348,4.415576,4.469666,4.523268,4.571206,4.608801,4.63266,4.645733,4.642333,4.620737,4.57158,4.497826,4.395993,4.283298,4.162364,4.042042,3.931698,3.826532,3.732415,3.647714,4.169915,4.223396,4.279483,4.336977,4.391208,4.44039,4.479374,4.506053,4.519508,4.521392,4.510898,4.490164,4.462694,4.432335
sample_126,3.907635,3.955971,3.985631,4.010314,4.038409,4.075876,4.123031,4.176488,4.229717,4.276782,4.314202,4.338232,4.351491,4.349104,4.3289,4.282608,4.211938,4.11444,4.005316,3.88621,3.768813,3.66332,3.563734,3.475039,3.395082,3.916861,3.968799,4.022984,4.079078,4.131597,4.179709,4.217148,4.24355,4.257647,4.260063,4.249187,4.229332,4.203445,4.174433
sample_127,3.9571,3.986722,4.014973,4.040464,4.070389,4.109185,4.158191,4.210656,4.259932,4.298811,4.32466,4.336653,4.33733,4.321698,4.289501,4.236392,4.16237,4.065164,3.957077,3.841886,3.72946,3.628895,3.534193,3.449868,3.374014,3.967117,4.025572,4.087288,4.151711,4.211679,4.267151,4.31093,4.341355,4.356692,4.359707,4.350396,4.327932,4.298791,4.265539
sample_128,4.459768,4.347319,4.379114,4.410616,4.448988,4.499695,4.558727,4.616251,4.662049,4.682828,4.68113,4.660542,4.625939,4.579319,4.518536,4.441296,4.348714,4.237834,4.12271,4.003432,3.887396,3.784376,3.687787,3.602437,3.525993,4.451404,4.535778,4.626089,4.718161,4.806422,4.888994,4.955639,5.004168,5.028839,5.033696,5.02315,4.995207,4.951834,4.906964
sample_129,5.049228,4.872491,4.906141,4.939785,4.979972,5.030449,5.089212,5.144136,5.189323,5.209624,5.209517,5.189159,5.158061,5.112705,5.051443,4.971632,4.873006,4.752169,4.625872,4.495205,4.368277,4.254372,4.146423,4.049704,3.962174,5.034423,5.126941,5.224349,5.324067,5.412283,5.495915,5.564766,5.608888,5.636657,5.648849,5.628719,5.599836,5.561741,5.515601
sample_130,3.816501,3.872158,3.900581,3.924384,3.951479,3.988168,4.034692,4.086814,4.138711,4.184474,4.220493,4.245479,4.259604,4.256928,4.236238,4.191081,4.122346,4.02734,3.91963,3.803354,3.689709,3.587724,3.491359,3.405492,3.328318,3.830506,3.88013,3.932959,3.986904,4.03723,4.083278,4.119092,4.144574,4.15645,4.158467,4.148318,4.129924,4.104745,4.076918
sample_131,3.942826,3.972204,4.000204,4.025601,4.054947,4.093917,4.142114,4.194108,4.242755,4.281241,4.30663,4.319311,4.319765,4.304249,4.273032,4.220948,4.148061,4.051897,3.945556,3.831737,3.720805,3.621663,3.528163,3.44498,3.370142,3.9532,4.010302,4.071073,4.133718,4.192665,4.247,4.28995,4.319823,4.334979,4.338037,4.327646,4.306516,4.277968,4.245422
sample_132,3.950671,3.936521,3.964664,3.991626,4.023232,4.064774,4.115665,4.167658,4.214029,4.246351,4.263556,4.264517,4.253815,4.229909,4.190972,4.132787,4.056674,3.958786,3.851525,3.739503,3.63124,3.534831,3.44384,3.363025,3.290671,3.949958,4.013339,4.080821,4.151166,4.217911,4.278574,4.327946,4.363781,4.381568,4.386206,4.376587,4.35256,4.321312,4.286097
sample_133,4.12563,4.113191,4.144906,4.173814,4.207415,4.250964,4.30438,4.360253,4.41057,4.447276,4.468361,4.474941,4.469043,4.448525,4.410436,4.351083,4.270539,4.16591,4.05256,3.930885,3.81214,3.70569,3.605105,3.516288,3.435963,4.135122,4.201809,4.272507,4.345119,4.413331,4.476501,4.526595,4.561936,4.581181,4.585303,4.573048,4.548492,4.515571,4.477661
sample_134,3.890556,3.87774,3.907016,3.934469,3.966686,4.008445,4.059599,4.112094,4.160027,4.195052,4.215475,4.221013,4.21488,4.194974,4.159314,4.103856,4.028543,3.930002,3.822223,3.709068,3.600409,3.503129,3.411018,3.329821,3.256809,3.899765,3.960866,4.025769,4.092727,4.155316,4.213689,4.260557,4.293103,4.310063,4.31418,4.302199,4.281208,4.249944,4.215444
sample_135,4.045982,4.018031,4.048745,4.077826,4.110545,4.153573,4.206424,4.260258,4.310278,4.346281,4.367854,4.374024,4.367462,4.347683,4.310729,4.252697,4.174654,4.073467,3.961983,3.842981,3.727931,3.624883,3.52757,3.441613,3.363746,4.054182,4.118715,4.187987,4.257916,4.32443,4.385275,4.433263,4.466395,4.486011,4.48988,4.476952,4.453507,4.422109,4.386527
sample_136,4.734998,4.647243,4.683729,4.715258,4.750964,4.797201,4.853777,4.912956,4.968095,5.006048,5.030364,5.036815,5.030681,5.010975,4.973241,4.90712,4.819543,4.703324,4.575456,4.439359,4.306108,4.18421,4.067222,3.962089,3.866383,4.740129,4.819112,4.903954,4.990674,5.069818,5.14628,5.207869,5.249313,5.276307,5.278944,5.262841,5.234304,5.194612,5.152864
sample_137,4.805792,4.686547,4.724594,4.756787,4.791919,4.838407,4.893692,4.952292,5.002779,5.040727,5.064886,5.070299,5.066632,5.045381,5.008324,4.948351,4.861718,4.746084,4.618787,4.482128,4.347314,4.223974,4.105528,3.998857,3.901509,4.804709,4.884614,4.974262,5.058131,5.142017,5.217568,5.28386,5.325026,5.343978,5.35387,5.34024,5.314753,5.273423,5.229017
sample_138,3.953447,3.987705,4.016659,4.043818,4.076112,4.118164,4.169661,4.223696,4.27222,4.308056,4.328285,4.332655,4.325666,4.303803,4.265185,4.206256,4.127494,4.026239,3.915871,3.799083,3.686824,3.586678,3.492279,3.408655,3.33323,3.972034,4.035563,4.103067,4.172838,4.238409,4.299045,4.347378,4.380541,4.398435,4.402464,4.389272,4.36596,4.332356,4.295106
sample_139,4.161286,4.173187,4.204456,4.23293,4.266779,4.311144,4.365565,4.421682,4.473038,4.510855,4.532655,4.538515,4.531431,4.509557,4.469694,4.407877,4.324418,4.217596,4.102754,3.979844,3.860164,3.752801,3.651455,3.562015,3.481408,4.17937,4.247391,4.31983,4.394186,4.464228,4.529461,4.580873,4.617013,4.635972,4.639047,4.626086,4.599894,4.565555,4.525953
sample_140,4.117867,4.142165,4.172434,4.200645,4.233638,4.276927,4.330543,4.385859,4.436548,4.473555,4.494621,4.500161,4.493031,4.470989,4.431314,4.37096,4.288586,4.183642,4.070675,3.950016,3.832524,3.727336,3.628135,3.540526,3.461427,4.136549,4.203214,4.27383,4.346763,4.415405,4.479022,4.528677,4.564414,4.58279,4.586359,4.573912,4.548808,4.514572,4.47593
sample_141,3.933589,3.982332,4.012043,4.039449,4.071731,4.113671,4.165153,4.218594,4.266993,4.302532,4.322966,4.32797,4.321538,4.299451,4.2617,4.203702,4.125581,4.024758,3.913882,3.796367,3.682747,3.581133,3.485307,3.400143,3.323408,3.951277,4.012631,4.078597,4.14642,4.21036,4.269845,4.316202,4.349088,4.367532,4.371419,4.359271,4.336341,4.305011,4.270534
sample_142,4.014044,4.065917,4.095936,4.123974,4.156169,4.198609,4.249953,4.304648,4.353613,4.389141,4.408628,4.414993,4.407284,4.386683,4.347998,4.289094,4.210485,4.10857,3.997585,3.878846,3.763068,3.659382,3.561546,3.475063,3.396688,4.030728,4.094002,4.160787,4.229668,4.29398,4.354212,4.401469,4.433641,4.451902,4.455728,4.444535,4.422093,4.390357,4.354827
sample_143,3.883397,3.916944,3.946829,3.974324,4.006368,4.04859,4.100015,4.15301,4.201488,4.236793,4.257179,4.262574,4.255688,4.234625,4.197891,4.14037,4.062885,3.962518,3.851562,3.735446,3.623427,3.52299,3.42822,3.344222,3.268676,3.898029,3.959738,4.02492,4.092763,4.156253,4.214777,4.262165,4.295465,4.31249,4.316308,4.305367,4.28277,4.251595,4.216873
sample_144,4.106034,4.124538,4.156912,4.186205,4.220704,4.264946,4.31998,4.375708,4.426887,4.463732,4.4849,4.491287,4.485494,4.462422,4.423917,4.363719,4.280914,4.17414,4.058253,3.933779,3.812095,3.702997,3.600187,3.509163,3.426806,4.116303,4.183259,4.254434,4.328552,4.398354,4.463008,4.513288,4.549928,4.571166,4.575647,4.561529,4.536789,4.503333,4.46683
sample_145,4.099071,4.125853,4.157925,4.187346,4.221246,4.265374,4.319345,4.375618,4.426032,4.462685,4.484114,4.490442,4.482971,4.461762,4.422922,4.36276,4.280674,4.174494,4.059259,3.935875,3.815227,3.70705,3.605079,3.514704,3.4332,4.11448,4.180679,4.251256,4.323641,4.39207,4.455678,4.505978,4.540972,4.560264,4.564916,4.551975,4.527353,4.494589,4.457036
sample_146,4.049386,4.10338,4.133468,4.161248,4.193781,4.236619,4.289125,4.343139,4.392632,4.427923,4.448174,4.454112,4.447175,4.425568,4.387301,4.3286,4.248703,4.146284,4.034761,3.915526,3.799102,3.694664,3.596164,3.509095,3.430373,4.069197,4.132263,4.199305,4.268376,4.333385,4.393586,4.440764,4.474723,4.492274,4.496154,4.485501,4.461422,4.429654,4.394105
sample_147,4.502528,4.507778,4.541841,4.572018,4.607719,4.652223,4.707866,4.764927,4.816483,4.853468,4.874222,4.879655,4.8736,4.85151,4.811335,4.748615,4.661644,4.548862,4.426893,4.297139,4.169966,4.053754,3.942098,3.84227,3.751662,4.521074,4.592861,4.668835,4.74817,4.821618,4.890924,4.942631,4.986324,5.002903,5.007054,4.995429,4.965768,4.931984,4.890584
sample_148,3.976867,4.009918,4.040261,4.06788,4.10015,4.142131,4.193594,4.247003,4.29535,4.330721,4.350165,4.356685,4.348507,4.328583,4.291488,4.23414,4.157077,4.057238,3.947545,3.830639,3.71759,3.616139,3.520518,3.435839,3.359357,3.988131,4.050048,4.11584,4.184015,4.24794,4.307223,4.354014,4.387255,4.404458,4.407393,4.398283,4.375602,4.344995,4.310732
sample_149,3.857902,3.782633,3.815754,3.845075,3.877698,3.919461,3.971281,4.026149,4.077554,4.11696,4.14151,4.150846,4.147594,4.129113,4.095329,4.041353,3.966725,3.869489,3.763405,3.649968,3.538625,3.437642,3.34158,3.256536,3.179848,3.848795,3.913007,3.981766,4.053137,4.121493,4.185344,4.236771,4.274624,4.296508,4.303259,4.294309,4.272343,4.241406,4.205585
sample_150,4.137116,4.110289,4.142016,4.171016,4.204581,4.248093,4.301585,4.35717,4.407725,4.444251,4.465868,4.471249,4.465815,4.444481,4.406575,4.34716,4.266735,4.162547,4.049831,3.928354,3.810115,3.704067,3.603829,3.515293,3.435147,4.142015,4.208512,4.278851,4.351626,4.420423,4.484469,4.534127,4.570732,4.58947,4.594978,4.582574,4.558969,4.525733,4.488493
sample_151,3.771529,3.752323,3.782019,3.808887,3.839393,3.87892,3.928094,3.980442,4.029242,4.066969,4.089952,4.098693,4.095713,4.077565,4.044333,3.992183,3.920051,3.826592,3.724953,3.616664,3.510392,3.413964,3.322405,3.24129,3.168268,3.778039,3.837762,3.901343,3.967377,4.030254,4.089026,4.137069,4.172294,4.190799,4.196354,4.187572,4.166346,4.136934,4.102381
sample_152,3.784951,3.802584,3.83176,3.858321,3.888582,3.927704,3.97625,4.027852,4.07595,4.113187,4.135607,4.1438,4.14007,4.12189,4.088345,4.035905,3.964243,3.870881,3.769371,3.661497,3.555387,3.459104,3.367539,3.286429,3.213303,3.796752,3.855659,3.918335,3.983038,4.044901,4.103247,4.149091,4.183377,4.202797,4.208478,4.198088,4.179069,4.149283,4.115232
sample_153,3.772472,3.790607,3.819637,3.846029,3.875767,3.914544,3.962462,4.014132,4.061551,4.098349,4.121656,4.128685,4.12573,4.107621,4.074716,4.022606,3.951592,3.859146,3.7586,3.651456,3.546185,3.45068,3.359879,3.279386,3.206825,3.783393,3.841717,3.90371,3.968,4.029271,4.086248,4.132664,4.166024,4.185302,4.190528,4.181887,4.161916,4.132937,4.098548
sample_154,3.700166,3.714061,3.743406,3.769718,3.799699,3.838654,3.887045,3.93805,3.985984,4.022801,4.045644,4.053393,4.049774,4.031916,3.999096,3.947128,3.876398,3.784753,3.684625,3.578082,3.473293,3.378227,3.28793,3.207889,3.135891,3.709636,3.767695,3.829575,3.894134,3.954908,4.011939,4.058008,4.092099,4.110947,4.1167,4.107348,4.086842,4.058589,4.025088
sample_155,3.721312,3.74911,3.776905,3.802021,3.830765,3.868311,3.915018,3.964753,4.011278,4.046792,4.069255,4.076946,4.073508,4.056262,4.024105,3.973789,3.905104,3.815872,3.71875,3.615316,3.513664,3.421266,3.333499,3.255681,3.18568,3.741826,3.797839,3.857559,3.919265,3.977679,4.032506,4.076447,4.108308,4.126293,4.130838,4.121986,4.101899,4.073542,4.040728
