"",MaxAbsEStateIndex,HeavyAtomMolWt,ExactMolWt,MaxAbsPartialCharge,MinAbsPartialCharge,Chi0,Chi0v,Chi1,Chi1n,Chi2v,Chi3n,Chi4n,Chi4v,LabuteASA,VSA_EState10,HeavyAtomCount,NOCount,NumHDonors,MolMR,fr_benzene
SlogP_VSA12,0.20415973502782675,0.45779492184149606,0.40918379417699274,0.3607343884702892,0.16582154457410997,0.07679041377360361,0.24970222374499215,0.03895478547798405,0.097070568419531,0.2556766088773962,0.08925974867447277,0.08679308303365378,0.1590939550413892,0.24423054843432374,0.9506189820147909,0.054894344735166835,0.2623868438450823,0.21568342685745628,0.18948102788188215,0.13022457371590884
NumValenceElectrons,0.5064284701566067,0.8838907735259235,0.9108546262288487,0.29398117130757717,0.3826031235143285,0.9953776527696409,0.9674193371954711,0.9852700164292164,0.9571365126726112,0.888135093754407,0.8678111263635343,0.8247092837074761,0.8261988579546021,0.9747606086333045,0.09940663800129759,0.9906927329111052,0.6039523429291237,0.3729573345687216,0.9595284501594782,0.30741022278979835
NHOHCount,0.3971768838713745,0.2309341440186814,0.24142568159496167,0.43959326677574256,0.3415466919672924,0.33461623598685086,0.19867523714907215,0.2940095523595808,0.23951987163587501,0.174314689486423,0.21982508290584182,0.19497525670349064,0.1491802878277181,0.23973445697570786,0.2045248612358704,0.3100503753920705,0.6680367486081031,0.9623521230310607,0.19294511298330527,0.0629878202824141
Chi2n,0.41602870241625733,0.7303982141055505,0.7716733695808636,0.22693320217594454,0.21430909762499,0.8977651197013757,0.8855215121547962,0.9030369740985122,0.9722574586901903,0.870314046284993,0.977240676931981,0.9546759523000516,0.8704571082796737,0.8759181756389149,0.04894356496739694,0.9065325927131573,0.43363160339361756,0.3004639821627977,0.88252614453669,0.21487765472244533
Chi1v,0.366148541134885,0.8958490840806447,0.9213330425325978,0.14924409430442656,0.24185332909727442,0.9362017890123666,0.979568392523191,0.9346072091348296,0.9309332823511132,0.9614062385799497,0.8532894837626073,0.8188777817996212,0.9063097362096197,0.9594574570000162,0.1887977979032121,0.9370982871126539,0.43442218085751183,0.22597690051535643,0.9649924615596988,0.30540125099414317
MaxPartialCharge,0.7692468013624967,0.32263137403415065,0.32435219998170867,0.6692330110457322,0.9779197391026545,0.4017892499044537,0.2855232697549471,0.348883388524643,0.24755837358628735,0.2131111285214735,0.15633347443262294,0.13175017240381645,0.14602824435534642,0.3093043216751763,0.10360563563084071,0.3662844975419098,0.6824278589656533,0.3343683998160928,0.23923197278909578,0.09105765337401035
MolWt,0.37847121842151416,0.9975713939219526,0.9999775362262205,0.13407434931936416,0.29820351866134537,0.9172141936144156,0.9586813357031193,0.8977297696215302,0.8064134223355387,0.8912010929253893,0.7274550315139218,0.6911137888932467,0.7917735033657379,0.9634243398211547,0.38994689527972504,0.907690100141553,0.47249180447539635,0.27101144933965565,0.9320155455380842,0.35993865245557083
TPSA,0.6427997391674107,0.4076545261558362,0.4203726986610867,0.5730367230705533,0.642437017549642,0.5552293970395136,0.3871543783849086,0.5057171354304326,0.41709618189863346,0.3299885039371058,0.3596614041541034,0.328400080332176,0.2886122088636346,0.4275544254765545,0.2573655087737416,0.524252609826747,0.9582040853837217,0.8090136581044716,0.3551153032870942,0.1050537476444821
Chi3v,0.31694497006543093,0.8285007172859848,0.8499321819373179,0.09486978014536453,0.15471250802049677,0.8369747081101686,0.8993516379074147,0.8337621151524199,0.8534668078823565,0.9576191303839224,0.8815763366595376,0.8682938924928889,0.9807525146073177,0.8762764551065707,0.24756175048713241,0.8409903284823457,0.32973070820098543,0.19276873137114087,0.8687607885187945,0.1996937592124302
NumAromaticCarbocycles,0.10470935650058097,0.3784710452841822,0.35974214625304735,0.15199372687259044,0.09493535638209685,0.359219972976793,0.3336974949669631,0.4317846094809392,0.2956076880228196,0.21493583591293342,0.18904957891787372,0.16185432601126695,0.17647274755756384,0.4071440742028254,0.16916090719093058,0.4090655904839942,0.08436289487503455,0.08016888819229465,0.4677107405961271,1.0
fr_ether,0.25727488649980645,0.22836223268798866,0.2435064465360102,0.3570650693857976,0.3423966130834868,0.3133783752775283,0.2699986172566934,0.3140263343168002,0.2948429755253095,0.1620477153288288,0.2146181958601421,0.19898884160056143,0.13778986371803006,0.2755180228896706,0.1007134196264008,0.3095513337996844,0.367613832283656,0.05178387707629231,0.24046815675257913,0.0025302402523281276
MinPartialCharge,0.677590609078417,0.09729655751069202,0.12047727697599003,0.988925517001028,0.6396792916863311,0.2780224411858603,0.1547075373107108,0.25394830847905436,0.24911140878595237,0.09619744738402589,0.1942784862353933,0.17190323897984386,0.10842772995347431,0.1692295752895532,0.36004094795398306,0.2600853196563843,0.5633055245560953,0.456530603601604,0.14040524594867193,0.1450496101443725
VSA_EState3,0.35363751894573753,0.3428876107927802,0.3574101743467807,0.3673097607785713,0.20267889233786193,0.45126647856913327,0.3332760492589465,0.419939933692689,0.39673184182130516,0.3080010946313762,0.4180906747895204,0.3988834734489983,0.30992670791114374,0.3752855199027398,0.13973362411669935,0.4333461053391092,0.5608774909740174,0.7858563883604095,0.3223848109279779,0.03026036145433143
MaxEStateIndex,1.0,0.36378604473538023,0.3808806011415929,0.6969996790636295,0.7531962483220641,0.5119649895606603,0.39021808321954626,0.4579814460464846,0.4215074532341774,0.33840137880402005,0.37875192518786116,0.3478422853314524,0.30891714392074066,0.4082734661126034,0.16584198069820502,0.47713536489096803,0.6449730702016381,0.4245799767172805,0.3432052637241216,0.10470935650058087
fr_NH0,0.083543550393457,0.202179545291508,0.20112317691587214,0.12687520364592322,0.19392555210977616,0.24809911263110412,0.2036235183939111,0.2682153993965081,0.18856672221928783,0.1228622122747665,0.10033869318512856,0.08109721118777333,0.08542728261978587,0.2228784702794826,0.08145043627645766,0.2606932746100901,0.4512042311884817,0.013356882573599427,0.22062773945501402,0.009535669959679895
MolLogP,0.2020730174544687,0.4725199529950799,0.466738521686626,0.34302180873716565,0.24739553542920364,0.34831730182858545,0.49891026976970254,0.3764583730566412,0.3732548619791498,0.4572947152898981,0.31700201040444054,0.3004623791435686,0.4044408587617767,0.47951048212576125,0.5486187571112912,0.3669857591019963,0.44197808038277187,0.49183561796639824,0.5326567774178479,0.5331274548866909
NumAromaticRings,0.10444106876572576,0.3646804801472306,0.34285635017338656,0.0902816193824194,0.03294214871504062,0.3541200712091217,0.30896276019558755,0.43764856715274575,0.27579501116770844,0.18310298590219826,0.16174076898952003,0.13450660716829568,0.14865696357900257,0.39006203557260777,0.1083975203016022,0.41188404460162337,0.05235860606125303,0.05006668432871427,0.44744351666372767,0.8826879912970794
NumHAcceptors,0.5690316848940353,0.5043629015824372,0.5216413026506762,0.5531621954431066,0.5864526338381337,0.6432053165568784,0.5236083692755069,0.6105147023745098,0.5266877325250399,0.4693959812452842,0.4289412672584867,0.3939684113893413,0.41741005087758465,0.5410657859597761,0.2145202387770874,0.6215474222216307,0.934641917692668,0.5979244351211255,0.4857818440506457,0.08163212065017719
Chi0n,0.4664310861833064,0.8046891249196986,0.8421622774313589,0.2848912976276778,0.32863903320566223,0.9688887880969272,0.9442088403353286,0.9704789340366369,0.9875824235093148,0.867502854616853,0.9007800161663915,0.8579960473185568,0.8218660280675952,0.9392741569324481,0.026188843377239923,0.9711923246145437,0.5409510748958599,0.30844934554872977,0.9494185237125635,0.30564392999740553
VSA_EState1,0.3858966057846947,0.36774840071372433,0.36731507970289595,0.2379832098368246,0.3730796924912965,0.3889389470986152,0.3300404464986531,0.35556608416083896,0.26259252960486773,0.3271330048579176,0.1622537623877447,0.13499548899598338,0.24001924910017067,0.329214337862199,0.0811915556780652,0.36938216800367524,0.42553148145617115,0.14365850108667963,0.28934532300306753,0.1034963724499362
NumRotatableBonds,0.3192922688227629,0.2782646188548438,0.31448241983428404,0.31302457020812563,0.33079467459799117,0.3915591735509898,0.3991170209043155,0.3604125054761293,0.4112246931625643,0.30041787509054796,0.18028474352268972,0.12449900638096048,0.1993304088604813,0.347726193791335,0.11574392135512161,0.3560751041414899,0.3325583432856277,0.12788956151768868,0.368092125109867,0.10570806091985709
fr_bicyclic,0.1311688969194682,0.43242503448663744,0.4545304232139961,0.05868047593328732,0.010832087884650303,0.5088398752436304,0.5225352866447114,0.5433578555738295,0.6220088817845746,0.6063054337386894,0.7712709079164168,0.8043951870235381,0.7327168528750976,0.5260769330232078,0.0050262589042228386,0.5414345759103562,0.13630762469272165,0.09095816248015849,0.5287267973057412,0.1199671286958109
RingCount,0.17703466756609346,0.6522383757965091,0.6624854817719442,0.0538485746405277,0.04859415287005497,0.7273144315708557,0.6977113420926209,0.7970440753136663,0.7678572368327164,0.6858536692018586,0.8207271997731874,0.8259978070009105,0.7571610173029436,0.7508099120844713,0.04607097652373427,0.7830276348897756,0.28863986018979826,0.16441874862886063,0.7643334216822026,0.5364949923471721
FractionCSP3,0.014372087426926073,0.18805403046405791,0.14752819681607102,0.036996987830289305,0.10526405419975758,0.1166089724436041,0.03942777463864199,0.1692841606135718,0.043433374897678345,0.07218004003976303,0.08951503328266343,0.0947864766067516,0.05883742028353273,0.1419555230903694,0.16882791213954468,0.15524441055378002,0.05182652853715575,0.01016754869642321,0.1491885523025418,0.6509692592585284
fr_C_O_noCOO,0.5418872655164576,0.2609024263626084,0.2810098708634629,0.24352807198380771,0.42946942037739083,0.3990240522056149,0.32492680649882494,0.3662622812768688,0.38449633026666313,0.2823285315414142,0.3863435289966185,0.3808813130542546,0.29049513475539607,0.32712456855382754,0.1661761488170768,0.37771579626240204,0.4446641366898859,0.2078433002976386,0.2827420525667956,0.13931158222405834
EState_VSA8,0.46625127907321956,0.08484003419918393,0.09694758158923983,0.3503136250950648,0.33505785750232303,0.07098133478251338,0.14338331718723635,0.13482468443493778,0.19419117240237407,0.15516514477380525,0.18341355372979257,0.18833864008925727,0.15075731262279474,0.11740790651447351,0.1753393335479545,0.11392731111287092,0.19794887385072826,0.18231362024976908,0.21011081771027704,0.3193712399049094
SMR_VSA3,0.11070901700238625,0.14668817965962422,0.14635722222347453,0.12627318675083188,0.24093682975258263,0.1927369906457423,0.14348789858940172,0.20899738862877004,0.1411334342303701,0.08849536892923424,0.06951731998869387,0.05053863717968984,0.05405386843791131,0.1608974858010662,0.1034179444355213,0.20380573618294737,0.48060226662713196,0.2354454311477548,0.1500691614305241,0.11801704066862237
NumHeteroatoms,0.528302110158732,0.7249224316655284,0.7086975058925924,0.3312503764027429,0.5817403194387967,0.6570553355917775,0.6019707418912014,0.5904145355639738,0.40600184163530256,0.5424625200574841,0.31011593959546296,0.27467534387656506,0.4242549042334415,0.6310832513993936,0.3377925243419225,0.6159445330755392,0.7949932540010216,0.4956881337157944,0.531441905611445,0.023797603849465082
SlogP_VSA4,0.26560421493876335,0.32063633325364777,0.35042302017984406,0.09942542573962582,0.09746566186944029,0.4300552770426436,0.4278494638570584,0.4079594420174283,0.5133872161747258,0.5070930215368131,0.6701607531352551,0.6880539079486863,0.5893022633439328,0.3997564036440546,0.11548184643026264,0.4236068690526463,0.22304754669077084,0.13130460269679714,0.3824146455416061,0.151779451935883
NumAliphaticRings,0.3076216613495946,0.4633354957060296,0.4952474148170895,0.1458800381618195,0.08825998460316457,0.5636355182094124,0.5681793050844792,0.5733504706851352,0.6827234845368924,0.6663464108959615,0.8486717062129501,0.8793974531289673,0.7834389787641891,0.5599385781413823,0.04115011663225004,0.5794206574678564,0.30251173132942627,0.2437432840253085,0.5250065360000943,0.1398347160797158
SMR_VSA4,0.31821376287582936,0.3404860404339987,0.3765926781772947,0.15731351002840377,0.13112166713428802,0.45825411504643826,0.46537232050865784,0.43433225649676394,0.569198875428571,0.5731985827102241,0.747293684662523,0.7732906618001533,0.6661686000606035,0.43338785006906005,0.08695160929124993,0.4507969563870421,0.24137635621907091,0.26134576929249537,0.40889279422812025,0.24702590683260825
VSA_EState2,0.634281450421588,0.33981361518565134,0.3568791932635543,0.3995194884960219,0.6470528515355415,0.5012898367114182,0.3761136687235682,0.46834609670648975,0.44041196400670507,0.2947906470018172,0.41708978849667705,0.40316640043107843,0.29683381877669685,0.4003543238730822,0.2294330389340913,0.48006835164995276,0.6994081309474106,0.3310145322827517,0.34597461721839257,0.1547318728944248
VSA_EState4,0.08986165306137459,0.004758131331427963,0.0045962399948922044,0.05207506690731429,0.008448304341196403,0.03236194488130636,0.00039585114806915184,0.06538866190835338,0.0252984067880125,0.05359116872267723,0.025816704289211092,0.04072096005775522,0.06717089951432618,0.030043186504744003,0.08520561233456418,0.05358474954519764,0.07426104578626333,0.17285205076072416,0.07294717273747525,0.2530887233957835
EState_VSA9,0.04501356969319674,0.44916750976857056,0.40866015583756127,0.1632636820238404,0.016647414222737012,0.20409574362662908,0.29920723646287917,0.15957603147139993,0.00932227777513335,0.2629768386790492,0.00749101911232148,0.019399311433405356,0.17815815239831626,0.3216076188077332,0.9353598678827982,0.17703780147303322,0.07295163967469082,0.04653389278709738,0.2476205237550436,0.1589204559255808
SlogP_VSA6,0.00940481153846676,0.3664061958067459,0.355384305498028,0.056572333569581676,0.01339572425101591,0.40847157136529927,0.3454805495777395,0.49218404835811985,0.3617059923248242,0.2404842755045732,0.2603209695781252,0.23587066423449207,0.2200986248565373,0.4274546532249932,0.01234499683859302,0.4661412791698834,0.048813108633704784,0.023740051397452406,0.48678229614433294,0.842668980993972
SlogP_VSA3,0.47010643118650136,0.4200956375054406,0.4399249182545706,0.3351140876429542,0.48766651518504384,0.5150705715812911,0.47029073000170707,0.4782525083020713,0.4586961119908316,0.48682833183995783,0.3912768438465261,0.37390674066966867,0.446669254965878,0.4486507000324189,0.13291343422750648,0.49080206824042577,0.5611310966131289,0.23135754232270134,0.41199809566480816,0.06802246976790055
EState_VSA4,0.24083596692381876,0.28741198006194274,0.32509051039526193,0.1939844541739598,0.06199158986244455,0.402364396104705,0.44081244740287284,0.4296922206211098,0.5485451134030046,0.43689843857786603,0.5454816211811317,0.5351389647104949,0.4706733934674155,0.4061052633090967,0.14038558652170743,0.419005924013557,0.10214636451813405,0.005438057459980386,0.4395779164529895,0.020126360486270783
fr_C_O,0.6057437829884088,0.26101053709614924,0.2808443597707073,0.3677246864153595,0.5736645534304962,0.4062326754361248,0.30857014673963146,0.36477788028039393,0.37652862943174104,0.26060370557009915,0.3812807611794268,0.3735603112317123,0.27433076826297936,0.3204454788643005,0.19421279592781468,0.37905122333547714,0.49877160740430376,0.31523787416755883,0.2659519286035045,0.15976339930887776
fr_halogen,0.10699659436399625,0.4474787900057439,0.39930326348303435,0.3329418173908158,0.12679046116435286,0.12431830440104372,0.24362749819055624,0.08068889861345288,0.0621442990757992,0.21901143708917503,0.047266918143961806,0.047535573572305895,0.12351723913638425,0.26148500435272454,0.9282279393701528,0.10013116258742596,0.24893184817293285,0.20002084237407816,0.1860582142139545,0.17364267372375333
SMR_VSA5,0.28082204519784887,0.2275006566275427,0.2879690389042833,0.17462186368111451,0.072904847410634,0.41586564650107943,0.452867124367458,0.3821132551123119,0.6066251799450214,0.5096039862515865,0.6268774092256235,0.6123515739544181,0.5177851823265378,0.37146334022163924,0.23561918735011902,0.3920600132400584,0.18538227271213809,0.19858369724973965,0.3801890009496038,0.384016996000765
SlogP_VSA5,0.29980210036456206,0.15423057440965374,0.21464173650906748,0.19738631259796033,0.1065182802407724,0.360253358843691,0.39297725825512797,0.3369037506238347,0.5653133119736312,0.42268623545296335,0.5654524783925808,0.5484247052431703,0.4383778880877097,0.3131802948106082,0.28918176060102474,0.3409072892582807,0.1000300888913518,0.0653309779096001,0.3390671010225233,0.32396258459200084
MinAbsEStateIndex,0.7269395991968556,0.3191953304262937,0.3261510804684888,0.5391978534179372,0.5462844866320576,0.3820682224775922,0.3293950176212889,0.3316295772540682,0.2902614313970242,0.2903532502810078,0.2565545778089111,0.2306010856956526,0.23619649470452816,0.3347299044567176,0.08216722527646392,0.34966517787805246,0.4581024370344513,0.3000918318940459,0.278401424652619,0.09938768347007827
EState_VSA6,0.312320063830651,0.29655132251469596,0.2890195587610364,0.20549553709628254,0.30531588994140735,0.30938930898299766,0.2674513785535727,0.30533919203315,0.20271678704959648,0.18122579226332822,0.11282647698810834,0.0847101064482471,0.1299674208267475,0.2988003309264312,0.09459159089493203,0.3059970008781208,0.2312401409366938,0.07529357091213687,0.28477112925886106,0.2490246302245605
VSA_EState5,0.16683431928207074,0.10349595611188482,0.089125497584851,0.11626077941396543,0.22210737820613732,0.11351746492778089,0.008351274193759337,0.07386239078817307,0.0274606008902714,0.06699362620426376,0.07610596437743386,0.09506403002473193,0.11145456810463408,0.056489691708068716,0.0035166209088789892,0.08759466996892215,0.2970624431732075,0.35292952290456414,0.0007875472025671439,0.05518130797784348
SlogP_VSA2,0.4874912740314975,0.4852613755008886,0.5122856515744715,0.4675352381631216,0.43766962915787333,0.6132013526574032,0.5363320902623137,0.5790193807801858,0.5644891325987087,0.49231313638299407,0.5085313582692625,0.48123944690780585,0.45745743783586373,0.5383781245857014,0.14521243029084854,0.589892402311302,0.7727067130060972,0.6009078116570248,0.48096442144295126,0.1847145310109961
VSA_EState7,0.002589225593435726,0.024800624020152307,0.01559137393778132,0.00489947984511339,0.09599586831823545,0.08555754751706707,0.15319307376073205,0.11224176354761896,0.31060468890853055,0.21005534730184702,0.36244643364686097,0.37894309440642543,0.29375870746439514,0.09676456918633294,0.1774556890918051,0.09979967118012487,0.14362738173830364,0.19663577252449885,0.14033574029874551,0.3279599636435388
FpDensityMorgan3,0.3899546804030105,0.050964857563964,0.06639059269220321,0.40979822395154436,0.39074597062289024,0.17556900819943627,0.10530606491640276,0.19524787054771847,0.20385099869121742,0.08164826200874539,0.21790243217054464,0.22511616204792376,0.15395560357219035,0.1180566486004024,0.29750748479890193,0.18935400173643568,0.35635327049395393,0.17830106218644814,0.11394486006805613,0.1289447632733767
SMR_VSA9,0.05791660000573515,0.31590838920816483,0.30053396757010375,0.09395550311691406,0.0260832619347863,0.2784151578389886,0.26236625836811256,0.29752258696986666,0.18867326824291736,0.1568355534137425,0.13249040979912738,0.1129602918958011,0.12489773786688188,0.30741256837509207,0.22999215965791822,0.2914493382790469,0.07262075501047519,0.05202660691698593,0.30058716222755877,0.42368118427395834
VSA_EState8,0.08275005212609127,0.025224054026449262,0.023223407435814213,0.07838734553654807,0.0389927515841153,0.14993952189470372,0.20452468826269038,0.10772693980360154,0.2897927445944031,0.23381394456937826,0.26005475034297293,0.23445542555363855,0.20223524681828964,0.10437375720204745,0.25882622674010214,0.11958352819747793,0.01112477166119706,0.09109046102908294,0.1543770417936117,0.31238326076956885
EState_VSA2,0.49709874741654847,0.5455823324551523,0.551356069929483,0.2915930825229339,0.35949996244312254,0.5747399000205314,0.5434236164594511,0.5292323590957487,0.4899854114013263,0.5187873712700147,0.5142571754347343,0.5070600830390901,0.5096980615809641,0.5538362465133243,0.2055194459407041,0.5495221961944186,0.43904860954143454,0.2934652110598388,0.4892487681660775,0.0014223573935431377
PEOE_VSA2,0.49439405933280517,0.2720270460780465,0.2830861006040909,0.2545014991634989,0.40441302928209255,0.38956330974600184,0.28868704182587035,0.3589440158346912,0.3376950959360635,0.2607276630369618,0.3527555491920592,0.3482686096633355,0.28100069004861056,0.3091477858528377,0.15958726209602223,0.3713598157901049,0.5579087753495813,0.2883953797006199,0.26156804548916723,0.13197383847222846
EState_VSA10,0.6844333019360402,0.49754494823010054,0.5134815318250414,0.4093507406985366,0.5537109549796959,0.64088893950279,0.4957921540845912,0.5851117520484719,0.5352895113235467,0.45618788017512674,0.517037504034262,0.49399677008012316,0.4258452479972652,0.5268832261023985,0.19832611997495503,0.6079434853269294,0.7625565818659251,0.5773296647191285,0.4524115420733241,0.035706390502316235
PEOE_VSA7,0.19045372856754694,0.5535124910626513,0.5846841529285581,0.13609208643377588,0.034358281183219694,0.620701547473915,0.6665572564579051,0.6420401825861162,0.7184198183950264,0.6926488447956637,0.7525017755813529,0.7471104421491521,0.7124861515238282,0.6383180594143392,0.08902466979865216,0.6407241863944771,0.13230565771241706,0.11479786515742607,0.6835649950481463,0.28491917998398214
MinEStateIndex,0.6757669224617175,0.4505506512130093,0.44815808805765234,0.45685857046556844,0.646220269014039,0.48335376570403954,0.3901740121075699,0.40859242539576,0.29679255300937585,0.40880942588428154,0.22773237984545341,0.1934794069754307,0.30015311352528296,0.4019526521941805,0.01939417841256048,0.43833157994756516,0.6491966727152367,0.4506946018551248,0.3226066820161733,0.040133323938115424
qed,0.3742595069736675,0.3035112831161333,0.31354406519204897,0.3409364669765651,0.29383215629528275,0.3627593396573322,0.3442565899670642,0.37295790605525186,0.3430412006591587,0.28198293490474247,0.27449140989515713,0.24750039898336898,0.2146501277692111,0.3463526966300237,0.10021759754009145,0.3708381836479977,0.23070799287399796,0.06300285131395257,0.3600896052701588,0.2021971913362981
Ipc,0.03317466365467277,0.1356704472953191,0.1422603673267247,0.028751465882652937,0.035680778436001474,0.1598879689368641,0.14067441915789108,0.1539994679680199,0.1472321832089808,0.10881560573593395,0.09902520414821549,0.08288374491550181,0.06907169728267348,0.148016108454988,0.012851900012457803,0.15505530531620618,0.15373136309655708,0.16060804364172987,0.13716054386294804,0.024606325100247513
EState_VSA5,0.05071918104617442,0.12879742312633394,0.1535934849394104,0.025931400947032383,0.025462846894979713,0.2284473519915886,0.23193688980118568,0.2631405071536022,0.3352430980032978,0.23290108196707884,0.2770842390262769,0.2667926296301016,0.2413936945301676,0.21533702613794733,0.20177928079972438,0.248866104398154,0.06472733385173123,0.004381574232342726,0.26751122592387266,0.1463237085086288
PEOE_VSA6,0.25889682963941574,0.3577758034349885,0.35197247171841994,0.435413432111101,0.3013502672782836,0.2604679572865799,0.37124557243332934,0.28843955089140855,0.284616143898651,0.31584828577572005,0.215394419256373,0.19210905934743888,0.2513111630957687,0.3733205603103209,0.5046975257346924,0.27667253451796714,0.3933799119111656,0.2914482756364758,0.4152504610948791,0.5001045309226972
PEOE_VSA9,0.24316770590692086,0.5496703782741528,0.5358447074896457,0.17444738287848988,0.24494173354686888,0.4751063132799047,0.47960878082598657,0.4517256372007004,0.32941343757167285,0.39520594838046486,0.2619181311718471,0.23366497502660236,0.3560700084737002,0.5033550532454502,0.42254566460380477,0.4598590710307251,0.34151224988776796,0.1367971258213713,0.448130124927068,0.17423852962235414
SMR_VSA10,0.057691359491687855,0.6320295896060254,0.586187776697994,0.2622762774691025,0.01793326019582901,0.30571344318732663,0.4349592409831159,0.2762126738712407,0.10181497883160663,0.4210840313067105,0.06940597901744933,0.06310604134052698,0.3131602170569014,0.4441934419305553,0.8524489147299575,0.2904026885931553,0.023155355359684802,0.10762105869437687,0.40144709245481186,0.31205133679830677
EState_VSA3,0.3766715282517779,0.5079037032918209,0.5177666935102134,0.18128301391969126,0.250699949266709,0.5167704309898763,0.5462213909467236,0.5042500651675924,0.5003099620559356,0.5198638550443756,0.5056897412554284,0.5004355861750832,0.5179164963774057,0.5390713823261881,0.24862982178498422,0.5105092284440844,0.2417611852481804,0.05876288115219287,0.5098940553098731,0.056559938195459174
PEOE_VSA1,0.4539320746702826,0.3848753150437519,0.4068799751722099,0.5901569254554561,0.4605983718858807,0.5171342209624615,0.40685254554209804,0.48765255291672743,0.4457846916523395,0.3283510733158444,0.3684376868139239,0.3348523001490328,0.2874438961049363,0.43065823227013594,0.1965865503555153,0.4959292235314543,0.7258288810401384,0.7532293602458671,0.3850379483786844,0.03701938250084911
PEOE_VSA14,0.45096025647174326,0.1692233832101754,0.1749627249768435,0.42987009347753,0.722285541653996,0.2515424166580054,0.15424462198355504,0.20824513255204227,0.16099512469020283,0.07575482828265788,0.0914130500311986,0.0688987805490859,0.030932880102177936,0.16895389731035684,0.14607080164965094,0.2210985988273418,0.44893648414267795,0.20139980778218805,0.11677515723537785,0.08602016850799553
PEOE_VSA3,0.30169659286333445,0.16849529289676932,0.1612041230247344,0.18441246944349537,0.4176557048387935,0.2038848419267595,0.12264177318613233,0.19208885399955428,0.08559842407768829,0.09545072855470861,0.002411950025337085,0.021763187971696324,0.029041398887285633,0.14519534195735445,0.11906977595204965,0.19781109516787165,0.48258048002517584,0.22440835143699794,0.115673746242772,0.010901229231747325
EState_VSA1,0.45513584945272423,0.4768001238889818,0.4847648958103795,0.27052893747288076,0.38391915654801684,0.5580782589409916,0.43873895150754005,0.4951588687321952,0.4258758165532117,0.41878576075336854,0.4100541012526315,0.38459932594280616,0.37110956763039515,0.46959802751910235,0.046606526549348146,0.5202745750294322,0.6988776284084087,0.6651169696187593,0.3831690755369277,0.07690898847255996
FpDensityMorgan2,0.3385758205003697,0.2191707776910754,0.20690382931676943,0.3940297195623161,0.3528947182362503,0.12089479466071915,0.18357817141920116,0.13390120371974973,0.10160917203116836,0.16952536483471384,0.056058120189914816,0.038660131104457096,0.10216347050297901,0.19400257346999342,0.34739069797772393,0.12989684379239688,0.26147927567005413,0.13667965063076132,0.2135222717312027,0.4021975587607028
SMR_VSA1,0.6972808482228061,0.47284690095045256,0.49333750901001666,0.5966314445565507,0.6304246515878527,0.6236261020748414,0.4822593393229167,0.5668871406782275,0.5213780336107635,0.4345672106215958,0.48009895833234667,0.45150058216671457,0.40119016619899517,0.5064074596367851,0.21883217900053345,0.5872400128995153,0.7858718164112425,0.6371187038466898,0.42243654091041777,0.07516777425834006
SMR_VSA6,0.16864324151472299,0.2597492129560565,0.27880546466249595,0.28017339028630783,0.2278461860797046,0.3229738507965776,0.3303268708316491,0.3265375742713746,0.30785678002250744,0.25496626570791936,0.16713952657885509,0.14096435757608092,0.20335959835825737,0.30338044154038046,0.0946884873979684,0.3183606636235945,0.37563266443957116,0.06759201019961063,0.3184102914960017,0.002358363435587804
EState_VSA7,0.049764660277654235,0.11911654715503325,0.12249598016790841,0.061835133642246486,0.020399060439459958,0.13994402188628355,0.14749025779987746,0.17387216704312392,0.14784650965588653,0.0884822166122228,0.07239609448537776,0.04966661378765349,0.05769578973265438,0.15771015018289203,0.04727718220416052,0.16099880710812436,0.05077600355820553,0.09577137054657113,0.20418028520501263,0.3034867836600846
BalabanJ,0.049877677359927285,0.35790288405566145,0.380864706761169,0.011402981001322436,0.07123868059575825,0.42825645179321403,0.43500436374500584,0.4966966714157624,0.5573436657650759,0.43499804381707524,0.5911206860893323,0.6072079738724974,0.4978419753969954,0.45237723785495715,0.0993765136166493,0.47600513832882857,0.13025389155728437,0.09668168469662185,0.47207520944329545,0.210195802224463
BertzCT,0.35541763948057326,0.8242745427873219,0.8274931445324856,0.15978677846066733,0.279438859088844,0.8877613139151538,0.8323065010285013,0.9150022960932949,0.8009044119113793,0.7389055472005472,0.730576780222983,0.6987845487550696,0.6987755375035909,0.8841106076910675,0.13122366104111066,0.9118174352539555,0.5079601962002729,0.2747631241943288,0.8851225969651761,0.6151448120738127
Kappa2,0.31335428594938497,0.5930680269699566,0.626088040066758,0.19381691764668768,0.26463888057334467,0.6538738755369895,0.6974807361400013,0.631558435919328,0.6640074807759276,0.5795960215294427,0.4549230729143234,0.4014396511787692,0.4748302543274963,0.6557528205150507,0.1085072636573357,0.627437664077467,0.33034441555851796,0.151812522432627,0.6696836941819936,0.06295006203021737
Kappa3,0.05037786675972212,0.03811136430893321,0.03632102075955584,0.003365628657776984,0.03322451151651082,0.037359343440086505,0.028623893667479933,0.044347290862722294,0.03341071273973101,0.018833790813299407,0.03928492268824891,0.033341605159130816,0.030836021515947696,0.038845563098591065,0.006577967100338625,0.042256316801650054,0.02036365309113277,0.02544141207508787,0.037177155892167864,0.04662357021314739
PEOE_VSA10,0.33119821729150767,0.3724366920646687,0.3759131002100031,0.31055768769145214,0.22123177637744793,0.42227513782171466,0.34083509555588287,0.40873488829540594,0.3374082068895913,0.2852950500835819,0.30756910370215945,0.2846262447087408,0.2540199514480646,0.3788529644198486,0.018901369887403114,0.4147439185994163,0.5111701473428277,0.45620008357167013,0.3229717227945164,0.03947267728485293
FpDensityMorgan1,0.2819588940866084,0.36536575568077895,0.35906328714859276,0.3366769386295717,0.31950733239710327,0.3127131028998986,0.3608218668743884,0.3564564942555241,0.32055776783175516,0.31679533289550754,0.258388707153334,0.23567772675179072,0.2795869782376181,0.38800936851841394,0.31559200933059117,0.3425602820388759,0.17436950768280174,0.10651858764115771,0.4208699828168451,0.5447979672963066
PEOE_VSA8,0.24899201679896815,0.4338798295677794,0.4406707982206535,0.13054787327741044,0.17704356753656358,0.4504565704883045,0.4656018869684784,0.4544320222775764,0.4132453310281555,0.4085331867361077,0.3537200440691454,0.3403224706694912,0.36465572111660566,0.46309676133020516,0.1329331187773231,0.45363450744973943,0.291218777722638,0.012016881415817639,0.46097423534512755,0.08615083818554983
SlogP_VSA10,0.29362959095815666,0.2229066134364872,0.22170491456400096,0.19102167098541956,0.3397612874460071,0.28115367669161,0.19828113558428076,0.2639590840919724,0.17564594816525803,0.1219642877900222,0.0676053926606645,0.04107758521086698,0.052673619117827454,0.22315880650385733,0.11269518141866784,0.2705306222883565,0.36823683658226636,0.16309402255709987,0.21486437395001703,0.169621832034148
SlogP_VSA1,0.33171168701388903,0.23745238392654758,0.23862482942578223,0.30979028758499966,0.4326889071437046,0.30674848313367975,0.21525090674144812,0.29424744084561016,0.19013717964721263,0.12571627819057618,0.07473512618470601,0.04461651241510545,0.05294925723425491,0.2402723520916367,0.14036680947256766,0.29770013905817944,0.6139891363344018,0.4554170307922956,0.226148523581033,0.07932986232696873
VSA_EState6,0.16295944627542025,0.22889731639041844,0.2189578335539441,0.15161182237272688,0.14103518181872646,0.25685724475818233,0.22459331483488645,0.351187240823571,0.2541957620709916,0.1273613433712381,0.15153402288767817,0.1303945560767938,0.11127854282303234,0.29486364778608515,0.010885765030176167,0.3198066009322761,0.13887058237521904,0.1352478660454541,0.37661443806345163,0.9119433045214468
HallKierAlpha,0.41016920627771797,0.26293759123782146,0.2775398845345676,0.3911858844656252,0.4344410966863302,0.5275105765506729,0.3280655597950115,0.5773375544797485,0.4867204719498316,0.16739311161540157,0.3747044573414606,0.34040875323833464,0.17570067172647963,0.4128418848548973,0.4579116407199236,0.5609331678981415,0.5859810093043842,0.33072288470438815,0.43799169039232855,0.5123174028322335
Kappa1,0.49955566140930446,0.8960563423159716,0.9206059226618833,0.26750593186655497,0.3891775788740866,0.9620411644287533,0.965140899915153,0.9273238447816738,0.8952790635677828,0.8795612024948406,0.7719814736487209,0.7199417612043825,0.7740694997015151,0.9534209791493329,0.2090695138900952,0.9385199963640218,0.5634704864345779,0.33967931149883895,0.9317086140315837,0.23017630301860437
SMR_VSA7,0.006909552312000402,0.4492807835481524,0.4291898788295095,0.09260232367503529,0.0036450849441036644,0.44670046307538824,0.39307001507422257,0.515562508679691,0.35180233288876195,0.2533512112262695,0.24602976558211037,0.21567402766661373,0.21759010647854324,0.48135317956562224,0.16881065390658895,0.4945904295471505,0.04449091150782269,0.04858384206945459,0.5209806485688159,0.874197030647959
