,MaxEStateIndex,NumAromaticCarbocycles,ExactMolWt,HeavyAtomCount,MolWt,Chi0,Chi3n,MaxAbsPartialCharge,LabuteASA,Chi0n,NumValenceElectrons,Chi0v,Chi3v,MinAbsPartialCharge,Chi1n,Chi1,MolMR,NumHDonors,Chi1v,NOCount,Chi2n,VSA_EState10
MinEStateIndex,0.6757669224617175,0.04013332393811545,0.44815808805765234,0.43833157994756516,0.4469578035264181,0.48335376570403954,0.22773237984545341,0.45685857046556844,0.4019526521941805,0.36833865649715697,0.46937547328354173,0.3901740121075699,0.3413502094828083,0.646220269014039,0.29679255300937585,0.40859242539576,0.3226066820161733,0.4506946018551248,0.39516161457338267,0.6491966727152367,0.278796123049335,0.01939417841256048
MaxAbsEStateIndex,1.0,0.10470935650058097,0.3808806011415929,0.47713536489096803,0.3784712184215142,0.5119649895606603,0.37875192518786116,0.6969996790636295,0.4082734661126034,0.46643108618330636,0.5064284701566067,0.39021808321954626,0.31694497006543093,0.7531962483220641,0.4215074532341774,0.4579814460464846,0.3432052637241216,0.4245799767172805,0.366148541134885,0.6449730702016381,0.4160287024162574,0.16584198069820502
MinAbsEStateIndex,0.7269395991968556,0.09938768347007815,0.3261510804684888,0.34966517787805246,0.3255787080509555,0.3820682224775922,0.2565545778089111,0.5391978534179372,0.3347299044567176,0.33367957118227826,0.37700319334578136,0.3293950176212889,0.2556958673045851,0.5462844866320576,0.2902614313970242,0.3316295772540682,0.278401424652619,0.3000918318940459,0.2913936875882601,0.4581024370344513,0.2964361337116103,0.08216722527646392
qed,0.3742595069736675,0.20219719133629832,0.31354406519204897,0.3708381836479977,0.3122542700732634,0.3627593396573322,0.27449140989515713,0.3409364669765651,0.3463526966300237,0.37207687862843525,0.35371853580252516,0.3442565899670642,0.23407130182597885,0.29383215629528275,0.3430412006591587,0.37295790605525186,0.3600896052701588,0.06300285131395257,0.3286945436135408,0.23070799287399796,0.31408856198135593,0.10021759754009145
HeavyAtomMolWt,0.36378604473538023,0.3784710452841822,0.9972522027463203,0.8873606301228301,0.9975713939219527,0.8967373106879944,0.690865328001921,0.11579442238285052,0.9491102099489346,0.8046891249196985,0.8838907735259234,0.9393081050753463,0.8285007172859848,0.29494661948944634,0.7682876664152739,0.876898358486966,0.9131869929329086,0.26038186805147906,0.8958490840806448,0.46187261939887614,0.7303982141055504,0.43010881196777434
MaxPartialCharge,0.7692468013624967,0.09105765337401044,0.32435219998170867,0.3662844975419098,0.322508021743746,0.4017892499044537,0.15633347443262294,0.6692330110457322,0.3093043216751763,0.319964415111809,0.3857915918906959,0.2855232697549471,0.1611558570322294,0.9779197391026545,0.24755837358628735,0.348883388524643,0.23923197278909578,0.3343683998160928,0.24708650906608756,0.6824278589656533,0.2057560771918617,0.10360563563084071
MinPartialCharge,0.677590609078417,0.14504961014437226,0.12047727697599003,0.2600853196563843,0.11719286862998514,0.2780224411858603,0.1942784862353933,0.988925517001028,0.1692295752895532,0.2836189928208758,0.28464680975323503,0.1547075373107108,0.09172485017000308,0.6396792916863311,0.24911140878595237,0.25394830847905436,0.14040524594867193,0.456530603601604,0.14379878867532148,0.5633055245560953,0.22873281734517303,0.36004094795398306
FpDensityMorgan1,0.2819588940866084,0.5447979672963039,0.35906328714859276,0.3425602820388759,0.36029549503768626,0.3127131028998986,0.258388707153334,0.3366769386295717,0.38800936851841394,0.29387448220905277,0.3019542802681501,0.3608218668743884,0.3153140942825001,0.31950733239710327,0.32055776783175516,0.3564564942555241,0.4208699828168451,0.10651858764115771,0.35564354869888365,0.17436950768280174,0.27181731725635094,0.31559200933059117
FpDensityMorgan2,0.3385758205003697,0.402197558760702,0.20690382931676943,0.12989684379239688,0.2089054439227979,0.12089479466071915,0.056058120189914816,0.3940297195623161,0.19400257346999342,0.08842225941841315,0.10899804798017124,0.18357817141920116,0.14347516576608538,0.3528947182362503,0.10160917203116836,0.13390120371974973,0.2135222717312027,0.13667965063076132,0.16847875571582344,0.26147927567005413,0.07308962559427844,0.34739069797772393
FpDensityMorgan3,0.3899546804030105,0.1289447632733765,0.06639059269220321,0.18935400173643568,0.06391396880605611,0.17556900819943627,0.21790243217054464,0.40979822395154436,0.1180566486004024,0.20575874904989144,0.18265152253243935,0.10530606491640276,0.11685718170975876,0.39074597062289024,0.20385099869121742,0.19524787054771847,0.11394486006805613,0.17830106218644814,0.12365369891872388,0.35635327049395393,0.20301213497867576,0.29750748479890193
BalabanJ,0.049877677359927285,0.21019580222446335,0.380864706761169,0.47600513832882857,0.3793249579998784,0.42825645179321403,0.5911206860893323,0.011402981001322436,0.45237723785495715,0.4905176201544317,0.4579125016548837,0.43500436374500584,0.4655804567195702,0.07123868059575825,0.5573436657650759,0.4966966714157624,0.47207520944329545,0.09668168469662185,0.48451992204655986,0.13025389155728437,0.5539178950341,0.0993765136166493
BertzCT,0.35541763948057326,0.615144812073813,0.8274931445324856,0.9118174352539555,0.8260317156453927,0.8877613139151538,0.730576780222983,0.15978677846066733,0.8841106076910675,0.8289202219583817,0.857233261373909,0.8323065010285013,0.7242486498614085,0.279438859088844,0.8009044119113793,0.9150022960932949,0.8851225969651761,0.2747631241943288,0.8057701016656625,0.5079601962002729,0.7614875457649003,0.13122366104111066
Chi2v,0.33840137880402005,0.21493583591293344,0.8918877367011839,0.8668298523882879,0.8912010929253894,0.8719535663154425,0.8411138569338971,0.10972235468109537,0.9061910365783244,0.8675028546168528,0.8881350937544071,0.9380403886195798,0.9576191303839223,0.195447744424429,0.8615115740012275,0.8554712639424048,0.8996700424118255,0.21118563259209827,0.9614062385799498,0.37578677649135783,0.870314046284993,0.24926789520688272
Chi4n,0.3478422853314524,0.16185432601126692,0.6933393822089464,0.8184502767439994,0.6911137888932467,0.7980917517507327,0.9910683483769259,0.16850408964083835,0.7911311924699244,0.8579960473185568,0.8247092837074761,0.7936407094023215,0.8682938924928889,0.13829934698311883,0.904859715810086,0.818380057388446,0.7913410873154995,0.2508981403026159,0.8188777817996213,0.3426636588459297,0.9546759523000516,0.044159122167689274
Chi4v,0.30891714392074066,0.1764727475575638,0.792979897979863,0.8129210116580877,0.7917735033657379,0.8028606414890936,0.8913635907773788,0.10789534938236563,0.8339514351008789,0.8218660280675952,0.8261988579546021,0.8554899641913244,0.9807525146073176,0.14498021418701937,0.8468056622261068,0.8083934051836533,0.8314959797252438,0.1901356504048073,0.9063097362096196,0.3185377625044981,0.8704571082796737,0.1698317055052555
HallKierAlpha,0.41016920627771797,0.5123174028322331,0.2775398845345676,0.5609331678981415,0.2734038936277279,0.5275105765506729,0.3747044573414606,0.3911858844656252,0.4128418848548973,0.5201946885705765,0.4871431620896151,0.3280655597950115,0.1559218629238351,0.4344410966863302,0.4867204719498316,0.5773375544797485,0.43799169039232855,0.33072288470438815,0.3030368989799974,0.5859810093043842,0.4177116888082845,0.4579116407199236
Ipc,0.03317466365467277,0.024606325100247507,0.1422603673267247,0.15505530531620618,0.14181083393506647,0.1598879689368641,0.09902520414821549,0.028751465882652937,0.148016108454988,0.15121632348895997,0.16667643683393998,0.14067441915789108,0.0822060651926674,0.035680778436001474,0.1472321832089808,0.1539994679680199,0.13716054386294804,0.16060804364172987,0.13315197890271807,0.15373136309655708,0.12896301397838983,0.012851900012457803
Kappa1,0.49955566140930446,0.23017630301860445,0.9206059226618833,0.9385199963640218,0.9193894218194125,0.9620411644287533,0.7719814736487209,0.26750593186655497,0.9534209791493329,0.9329410838605636,0.9683236910209325,0.965140899915153,0.8226980668028628,0.3891775788740866,0.8952790635677828,0.9273238447816738,0.9317086140315837,0.33967931149883895,0.9384024582358146,0.5634704864345779,0.8430948547155087,0.2090695138900952
Kappa2,0.31335428594938497,0.06295006203021761,0.626088040066758,0.627437664077467,0.625024277265232,0.6538738755369895,0.4549230729143234,0.19381691764668768,0.6557528205150507,0.6790334602981011,0.6839171209241207,0.6974807361400013,0.5154276332057123,0.26463888057334467,0.6640074807759276,0.631558435919328,0.6696836941819936,0.151812522432627,0.7032837904603109,0.33034441555851796,0.5368466963608253,0.1085072636573357
Kappa3,0.05037786675972212,0.0466235702131475,0.03632102075955584,0.042256316801650054,0.036254396935983604,0.037359343440086505,0.03928492268824891,0.003365628657776984,0.038845563098591065,0.028556400822145316,0.03396748080576702,0.028623893667479933,0.03810125712655439,0.03322451151651082,0.03341071273973101,0.044347290862722294,0.037177155892167864,0.02544141207508787,0.03188841831830127,0.02036365309113277,0.02615012247431873,0.006577967100338625
PEOE_VSA1,0.4539320746702826,0.03701938250084917,0.4068799751722099,0.4959292235314543,0.40415064230934267,0.5171342209624615,0.3684376868139239,0.5901569254554561,0.43065823227013594,0.48584057845421497,0.530507171144451,0.40685254554209804,0.29406911943387665,0.4605983718858807,0.4457846916523395,0.48765255291672743,0.3850379483786844,0.7532293602458671,0.379038240903045,0.7258288810401384,0.41570875033028437,0.1965865503555153
PEOE_VSA10,0.33119821729150767,0.03947267728485263,0.3759131002100031,0.4147439185994163,0.37463208629018213,0.42227513782171466,0.30756910370215945,0.31055768769145214,0.3788529644198486,0.36409081451465963,0.4181437279201681,0.34083509555588287,0.26762703366035384,0.22123177637744793,0.3374082068895913,0.40873488829540594,0.3229717227945164,0.45620008357167013,0.3097641468285604,0.5111701473428277,0.32755958995917256,0.018901369887403114
PEOE_VSA14,0.45096025647174326,0.08602016850799529,0.1749627249768435,0.2210985988273418,0.1733509563674846,0.2515424166580054,0.0914130500311986,0.42987009347753,0.16895389731035684,0.20642983130463938,0.24256112238076113,0.15424462198355504,0.04503138192840522,0.722285541653996,0.16099512469020283,0.20824513255204227,0.11677515723537785,0.20139980778218805,0.11942546646582587,0.44893648414267795,0.12987573230881813,0.14607080164965094
PEOE_VSA2,0.49439405933280517,0.13197383847222935,0.2830861006040909,0.3713598157901049,0.2810808632534603,0.38956330974600184,0.3527555491920592,0.2545014991634989,0.3091477858528377,0.3588264597709996,0.3787992487729723,0.28868704182587035,0.2694023621238967,0.40441302928209255,0.3376950959360635,0.3589440158346912,0.26156804548916723,0.2883953797006199,0.2720181728993255,0.5579087753495813,0.34889283549103495,0.15958726209602223
PEOE_VSA3,0.30169659286333445,0.010901229231747104,0.1612041230247344,0.19781109516787165,0.1599276033048975,0.2038848419267595,0.002411950025337085,0.18441246944349537,0.14519534195735445,0.13910987065120325,0.18442677410502226,0.12264177318613233,0.04987626351595958,0.4176557048387935,0.08559842407768829,0.19208885399955428,0.115673746242772,0.22440835143699794,0.1335686961998703,0.48258048002517584,0.045077044677238096,0.11906977595204965
PEOE_VSA6,0.25889682963941574,0.500104530922699,0.35197247171841994,0.27667253451796714,0.35463295616295065,0.2604679572865799,0.215394419256373,0.435413432111101,0.3733205603103209,0.25299981665774013,0.2521227156849149,0.37124557243332934,0.29957693784084033,0.3013502672782836,0.284616143898651,0.28843955089140855,0.4152504610948791,0.2914482756364758,0.3516324712581541,0.3933799119111656,0.23636529331832967,0.5046975257346924
PEOE_VSA7,0.19045372856754694,0.2849191799839817,0.5846841529285581,0.6407241863944771,0.5825243186516256,0.620701547473915,0.7525017755813529,0.13609208643377588,0.6383180594143392,0.6943709707579804,0.634667372388834,0.6665572564579051,0.6961916208805038,0.034358281183219694,0.7184198183950264,0.6420401825861162,0.6835649950481463,0.11479786515742607,0.686861794577714,0.13230565771241706,0.7489874698617738,0.08902466979865216
PEOE_VSA8,0.24899201679896815,0.08615083818554961,0.4406707982206535,0.45363450744973943,0.44027620775587534,0.4504565704883045,0.3537200440691454,0.13054787327741044,0.46309676133020516,0.4405158801391094,0.45329798437081925,0.4656018869684784,0.38809958663292055,0.17704356753656358,0.4132453310281555,0.4544320222775764,0.46097423534512755,0.012016881415817639,0.4481020458744815,0.291218777722638,0.3825953507108234,0.1329331187773231
PEOE_VSA9,0.24316770590692086,0.17423852962235448,0.5358447074896457,0.4598590710307251,0.536991342249331,0.4751063132799047,0.2619181311718471,0.17444738287848988,0.5033550532454502,0.3750128096929083,0.4608728477019855,0.47960878082598657,0.40361924470843386,0.24494173354686888,0.32941343757167285,0.4517256372007004,0.448130124927068,0.1367971258213713,0.428526440357626,0.34151224988776796,0.2885808352177519,0.42254566460380477
SMR_VSA1,0.6972808482228061,0.07516777425834001,0.49333750901001666,0.5872400128995153,0.49034486151171663,0.6236261020748414,0.48009895833234667,0.5966314445565507,0.5064074596367851,0.5662997849067808,0.6264604636346082,0.4822593393229167,0.40583263171991935,0.6304246515878527,0.5213780336107635,0.5668871406782275,0.42243654091041777,0.6371187038466898,0.4648348062443421,0.7858718164112425,0.5143140903403477,0.21883217900053345
SMR_VSA10,0.057691359491687855,0.3120513367983061,0.586187776697994,0.2904026885931553,0.5905538338627494,0.30571344318732663,0.06940597901744933,0.2622762774691025,0.4441934419305553,0.14416038978672477,0.2716814265285317,0.4349592409831159,0.3918802381705684,0.01793326019582901,0.10181497883160663,0.2762126738712407,0.40144709245481186,0.10762105869437687,0.37695633901669623,0.023155355359684802,0.07722899905595987,0.8524489147299575
SMR_VSA3,0.11070901700238625,0.11801704066862276,0.14635722222347453,0.20380573618294737,0.1450343113210634,0.1927369906457423,0.06951731998869387,0.12627318675083188,0.1608974858010662,0.17500951077279278,0.18850314485750785,0.14348789858940172,0.06333595810549225,0.24093682975258263,0.1411334342303701,0.20899738862877004,0.1500691614305241,0.2354454311477548,0.13351368412495376,0.48060226662713196,0.10195914374032083,0.1034179444355213
SMR_VSA4,0.31821376287582936,0.2470259068326066,0.3765926781772947,0.4507969563870421,0.3749587344873394,0.45825411504643826,0.747293684662523,0.15731351002840377,0.43338785006906005,0.5245153919399554,0.4935159119248131,0.46537232050865784,0.6313739210162599,0.13112166713428802,0.569198875428571,0.43433225649676394,0.40889279422812025,0.26134576929249537,0.4922781100769591,0.24137635621907091,0.6951853908599481,0.08695160929124993
SMR_VSA5,0.28082204519784887,0.3840169960007639,0.2879690389042833,0.3920600132400584,0.28552894198085677,0.41586564650107943,0.6268774092256235,0.17462186368111451,0.37146334022163924,0.5562661403642587,0.482805238388409,0.452867124367458,0.5033238555007069,0.072904847410634,0.6066251799450214,0.3821132551123119,0.3801890009496038,0.19858369724973965,0.5046644775804799,0.18538227271213809,0.6481718589116706,0.23561918735011902
SMR_VSA6,0.16864324151472299,0.0023583634355878,0.27880546466249595,0.3183606636235945,0.27723613089302784,0.3229738507965776,0.16713952657885509,0.28017339028630783,0.30338044154038046,0.35273092132431993,0.34745712833544207,0.3303268708316491,0.21532917769366108,0.2278461860797046,0.30785678002250744,0.3265375742713746,0.3184102914960017,0.06759201019961063,0.3357223316542037,0.37563266443957116,0.21790056157265536,0.0946884873979684
SMR_VSA7,0.006909552312000402,0.8741970306479602,0.4291898788295095,0.4945904295471505,0.4291436015609052,0.44670046307538824,0.24602976558211037,0.09260232367503529,0.48135317956562224,0.3737100707439132,0.3877686150615841,0.39307001507422257,0.24297533976829874,0.0036450849441036644,0.35180233288876195,0.515562508679691,0.5209806485688159,0.04858384206945459,0.3481413724672231,0.04449091150782269,0.27200896718867235,0.16881065390658895
SMR_VSA9,0.05791660000573515,0.4236811842739598,0.30053396757010375,0.2914493382790469,0.30116520070953406,0.2784151578389886,0.13249040979912738,0.09395550311691406,0.30741256837509207,0.21726065239619038,0.24625466595926357,0.26236625836811256,0.14912619023060977,0.0260832619347863,0.18867326824291736,0.29752258696986666,0.30058716222755877,0.05202660691698593,0.20667829648382557,0.07262075501047519,0.14876464273610598,0.22999215965791822
SlogP_VSA1,0.33171168701388903,0.07932986232696693,0.23862482942578223,0.29770013905817944,0.23688610613694563,0.30674848313367975,0.07473512618470601,0.30979028758499966,0.2402723520916367,0.2542422612319374,0.29322690513834865,0.21525090674144812,0.07220688710917061,0.4326889071437046,0.19013717964721263,0.29424744084561016,0.226148523581033,0.4554170307922956,0.19139661097265168,0.6139891363344018,0.13036658185411001,0.14036680947256766
SlogP_VSA10,0.29362959095815666,0.16962183203414882,0.22170491456400096,0.2705306222883565,0.22031483539898727,0.28115367669161,0.0676053926606645,0.19102167098541956,0.22315880650385733,0.22907702569411287,0.26306391269034907,0.19828113558428076,0.07236959717240068,0.3397612874460071,0.17564594816525803,0.2639590840919724,0.21486437395001703,0.16309402255709987,0.17689542427534902,0.36823683658226636,0.12534430952785489,0.11269518141866784
SlogP_VSA12,0.20415973502782675,0.1302245737159085,0.40918379417699274,0.054894344735166835,0.4147741066685595,0.07679041377360361,0.08925974867447277,0.3607343884702892,0.24423054843432374,0.07127449549953532,0.055863342227268166,0.24970222374499215,0.23824749730386355,0.16582154457410997,0.097070568419531,0.03895478547798405,0.18948102788188215,0.21568342685745628,0.18169336093274485,0.2623868438450823,0.09621377750543698,0.9506189820147909
SlogP_VSA2,0.4874912740314975,0.18471453101099589,0.5122856515744715,0.589892402311302,0.5097014441753704,0.6132013526574032,0.5085313582692625,0.4675352381631216,0.5383781245857014,0.5981815740840527,0.6390769561946247,0.5363320902623137,0.46495336753854166,0.43766962915787333,0.5644891325987087,0.5790193807801858,0.48096442144295126,0.6009078116570248,0.5272482093232324,0.7727067130060972,0.5463399526727953,0.14521243029084854
SlogP_VSA3,0.47010643118650136,0.06802246976790026,0.4399249182545706,0.49080206824042577,0.43759804100467536,0.5150705715812911,0.3912768438465261,0.3351140876429542,0.4486507000324189,0.5009368611000502,0.5253955304108894,0.47029073000170707,0.4489273676840294,0.48766651518504384,0.4586961119908316,0.4782525083020713,0.41199809566480816,0.23135754232270134,0.5064416578737118,0.5611310966131289,0.4271845750513079,0.13291343422750648
SlogP_VSA4,0.26560421493876335,0.1517794519358836,0.35042302017984406,0.4236068690526463,0.3486005654749485,0.4300552770426436,0.6701607531352551,0.09942542573962582,0.3997564036440546,0.4881300788098712,0.44931483633719405,0.4278494638570584,0.5622696495896058,0.09746566186944029,0.5133872161747258,0.4079594420174283,0.3824146455416061,0.13130460269679714,0.4384315415309024,0.22304754669077084,0.6251886648412385,0.11548184643026264
SlogP_VSA5,0.29980210036456206,0.3239625845920011,0.21464173650906748,0.3409072892582807,0.21201777564758106,0.360253358843691,0.5654524783925808,0.19738631259796033,0.3131802948106082,0.5146119360603869,0.41812927077852485,0.39297725825512797,0.41884191436835455,0.1065182802407724,0.5653133119736312,0.3369037506238347,0.3390671010225233,0.0653309779096001,0.44193342434171734,0.1000300888913518,0.586818765152008,0.28918176060102474
SlogP_VSA6,0.00940481153846676,0.8426689809939758,0.355384305498028,0.4661412791698834,0.3543990793074845,0.40847157136529927,0.2603209695781252,0.056572333569581676,0.4274546532249932,0.36991456656222554,0.35946308836664853,0.3454805495777395,0.22820211631294068,0.01339572425101591,0.3617059923248242,0.49218404835811985,0.48678229614433294,0.023740051397452406,0.3341217883109634,0.048813108633704784,0.2830016819542641,0.01234499683859302
TPSA,0.6427997391674107,0.10505374764448205,0.4203726986610867,0.524252609826747,0.4172605521718666,0.5552293970395136,0.3596614041541034,0.5730367230705533,0.4275544254765545,0.47430287765874485,0.5452035801077768,0.3871543783849086,0.29527861695145247,0.642437017549642,0.41709618189863346,0.5057171354304326,0.3551153032870942,0.8090136581044716,0.37001514010315745,0.9582040853837217,0.4021707386853456,0.2573655087737416
EState_VSA1,0.45513584945272423,0.07690898847255986,0.4847648958103795,0.5202745750294322,0.4830808639439496,0.5580782589409916,0.4100541012526315,0.27052893747288076,0.46959802751910235,0.4665429920478212,0.5515516301230338,0.43873895150754005,0.39016075731633565,0.38391915654801684,0.4258758165532117,0.4951588687321952,0.3831690755369277,0.6651169696187593,0.41670935458591746,0.6988776284084087,0.4385382842664233,0.046606526549348146
EState_VSA10,0.6844333019360402,0.03570639050231638,0.5134815318250414,0.6079434853269294,0.5107096937231509,0.64088893950279,0.517037504034262,0.4093507406985366,0.5268832261023985,0.5734136721228633,0.6308672998249026,0.4957921540845912,0.43090708409730233,0.5537109549796959,0.5352895113235467,0.5851117520484719,0.4524115420733241,0.5773296647191285,0.4770857308899627,0.7625565818659251,0.5450969166089681,0.19832611997495503
EState_VSA2,0.49709874741654847,0.0014223573935430362,0.551356069929483,0.5495221961944186,0.5511319624257138,0.5747399000205314,0.5142571754347343,0.2915930825229339,0.5538362465133243,0.5152094434137763,0.5696813190342669,0.5434236164594511,0.5298844423097754,0.35949996244312254,0.4899854114013263,0.5292323590957487,0.4892487681660775,0.2934652110598388,0.5063696939619275,0.43904860954143454,0.5252311124888679,0.2055194459407041
EState_VSA3,0.3766715282517779,0.056559938195459146,0.5177666935102134,0.5105092284440844,0.5178959503062489,0.5167704309898763,0.5056897412554284,0.18128301391969126,0.5390713823261881,0.5043978547192082,0.5251631255782686,0.5462213909467236,0.524481947592474,0.250699949266709,0.5003099620559356,0.5042500651675924,0.5098940553098731,0.05876288115219287,0.5297766300457326,0.2417611852481804,0.5041556027071272,0.24862982178498422
EState_VSA4,0.24083596692381876,0.020126360486270443,0.32509051039526193,0.419005924013557,0.3232611955605704,0.402364396104705,0.5454816211811317,0.1939844541739598,0.4061052633090967,0.5050708523714598,0.44346031678902637,0.44081244740287284,0.45882603648247106,0.06199158986244455,0.5485451134030046,0.4296922206211098,0.4395779164529895,0.005438057459980386,0.48157400283604046,0.10214636451813405,0.5335917305923608,0.14038558652170743
EState_VSA5,0.05071918104617442,0.14632370850862916,0.1535934849394104,0.248866104398154,0.15174561178681176,0.2284473519915886,0.2770842390262769,0.025931400947032383,0.21533702613794733,0.2987066323651596,0.251384054342729,0.23193688980118568,0.23640167398568968,0.025462846894979713,0.3352430980032978,0.2631405071536022,0.26751122592387266,0.004381574232342726,0.2941193188563759,0.06472733385173123,0.28924228880406466,0.20177928079972438
EState_VSA6,0.312320063830651,0.24902463022456206,0.2890195587610364,0.3059970008781208,0.2887437121124085,0.30938930898299766,0.11282647698810834,0.20549553709628254,0.2988003309264312,0.2512961125548844,0.2786633165219791,0.2674513785535727,0.14612693238918176,0.30531588994140735,0.20271678704959648,0.30533919203315,0.28477112925886106,0.07529357091213687,0.22630900658781863,0.2312401409366938,0.1545959522033576,0.09459159089493203
EState_VSA7,0.049764660277654235,0.3034867836600829,0.12249598016790841,0.16099880710812436,0.12172944285022771,0.13994402188628355,0.07239609448537776,0.061835133642246486,0.15771015018289203,0.16278290132219217,0.12497541809403326,0.14749025779987746,0.058361670044182294,0.020399060439459958,0.14784650965588653,0.17387216704312392,0.20418028520501263,0.09577137054657113,0.1293368182130097,0.05077600355820553,0.10982964684253034,0.04727718220416052
EState_VSA8,0.46625127907321956,0.3193712399049089,0.09694758158923983,0.11392731111287092,0.09597300696691362,0.07098133478251338,0.18341355372979257,0.3503136250950648,0.11740790651447351,0.16132662303934753,0.07786703220194799,0.14338331718723635,0.14327352838940377,0.33505785750232303,0.19419117240237407,0.13482468443493778,0.21011081771027704,0.18231362024976908,0.17073151526365332,0.19794887385072826,0.18477597250235941,0.1753393335479545
EState_VSA9,0.04501356969319674,0.1589204559255807,0.40866015583756127,0.17703780147303322,0.41364718076573875,0.20409574362662908,0.00749101911232148,0.1632636820238404,0.3216076188077332,0.04684282900488682,0.1821798851726779,0.29920723646287917,0.25747045738358115,0.016647414222737012,0.00932227777513335,0.15957603147139993,0.2476205237550436,0.04653389278709738,0.2231571022600658,0.07295163967469082,0.0020354849096015292,0.9353598678827982
VSA_EState1,0.3858966057846947,0.10349637244993715,0.36731507970289595,0.36938216800367524,0.36578790742070044,0.3889389470986152,0.1622537623877447,0.2379832098368246,0.329214337862199,0.32225458556252856,0.38442614170293377,0.3300404464986531,0.2684738122707128,0.3730796924912965,0.26259252960486773,0.35556608416083896,0.28934532300306753,0.14365850108667963,0.3583914187137452,0.42553148145617115,0.21370102502647284,0.0811915556780652
VSA_EState2,0.634281450421588,0.15473187289442525,0.3568791932635543,0.48006835164995276,0.3541684702805245,0.5012898367114182,0.41708978849667705,0.3995194884960219,0.4003543238730822,0.47700027639728293,0.48878079264918234,0.3761136687235682,0.2856880636306977,0.6470528515355415,0.44041196400670507,0.46834609670648975,0.34597461721839257,0.3310145322827517,0.3348781796541558,0.6994081309474106,0.4382671825753937,0.2294330389340913
VSA_EState3,0.35363751894573753,0.030260361454331707,0.3574101743467807,0.4333461053391092,0.35541242503793125,0.45126647856913327,0.4180906747895204,0.3673097607785713,0.3752855199027398,0.4004101037636031,0.45167400024838045,0.3332760492589465,0.3080810095096336,0.20267889233786193,0.39673184182130516,0.419939933692689,0.3223848109279779,0.7858563883604095,0.3159740117746755,0.5608774909740174,0.424766323580189,0.13973362411669935
VSA_EState4,0.08986165306137459,0.2530887233957833,0.0045962399948922044,0.05358474954519764,0.005241046602530193,0.03236194488130636,0.025816704289211092,0.05207506690731429,0.030043186504744003,0.032553955467227655,0.020452721168373288,0.00039585114806915184,0.05958900917003738,0.008448304341196403,0.0252984067880125,0.06538866190835338,0.07294717273747525,0.17285205076072416,0.0066394741552071295,0.07426104578626333,0.010345045788874942,0.08520561233456418
VSA_EState5,0.16683431928207074,0.0551813079778436,0.089125497584851,0.08759466996892215,0.08889154719277166,0.11351746492778089,0.07610596437743386,0.11626077941396543,0.056489691708068716,0.013026569389008218,0.07870498766400359,0.008351274193759337,0.0943766784964887,0.22210737820613732,0.0274606008902714,0.07386239078817307,0.0007875472025671439,0.35292952290456414,0.044812423546714476,0.2970624431732075,0.04723404205210566,0.0035166209088789892
VSA_EState6,0.16295944627542025,0.9119433045214541,0.2189578335539441,0.3198066009322761,0.21833770285161327,0.25685724475818233,0.15153402288767817,0.15161182237272688,0.29486364778608515,0.24716295961121085,0.21453164580374082,0.22459331483488645,0.11509753927079748,0.14103518181872646,0.2541957620709916,0.351187240823571,0.37661443806345163,0.1352478660454541,0.2207040388763731,0.13887058237521904,0.1710849177700056,0.010885765030176167
VSA_EState7,0.002589225593435726,0.32795996364353813,0.01559137393778132,0.09979967118012487,0.014308274932561196,0.08555754751706707,0.36244643364686097,0.00489947984511339,0.09676456918633294,0.22884205984343123,0.13811771546972357,0.15319307376073205,0.261054491483159,0.09599586831823545,0.31060468890853055,0.11224176354761896,0.14033574029874551,0.19663577252449885,0.22660449626544374,0.14362738173830364,0.32357523644214775,0.1774556890918051
VSA_EState8,0.08275005212609127,0.31238326076956885,0.023223407435814213,0.11958352819747793,0.02123265580210662,0.14993952189470372,0.26005475034297293,0.07838734553654807,0.10437375720204745,0.2996467408360254,0.18582932139229144,0.20452468826269038,0.18819872686654837,0.0389927515841153,0.2897927445944031,0.10772693980360154,0.1543770417936117,0.09109046102908294,0.21606907698617867,0.01112477166119706,0.32691175685519475,0.25882622674010214
FractionCSP3,0.014372087426926073,0.6509692592585284,0.14752819681607102,0.15524441055378002,0.14814695547619255,0.1166089724436041,0.08951503328266343,0.036996987830289305,0.1419555230903694,0.007043652927403916,0.04446354418678516,0.03942777463864199,0.04505965038244992,0.10526405419975758,0.043433374897678345,0.1692841606135718,0.1491885523025418,0.01016754869642321,0.011341794460999097,0.05182652853715575,0.09681241294618116,0.16882791213954468
NHOHCount,0.3971768838713745,0.0629878202824141,0.24142568159496167,0.3100503753920705,0.23923043131010616,0.33461623598685086,0.21982508290584182,0.43959326677574256,0.23973445697570786,0.2657369204997469,0.33176485632589753,0.19867523714907215,0.15351059535217287,0.3415466919672924,0.23951987163587501,0.2940095523595808,0.19294511298330527,0.9623521230310607,0.19134137635405496,0.6680367486081031,0.24599151512033335,0.2045248612358704
NumAliphaticRings,0.3076216613495946,0.1398347160797158,0.4952474148170895,0.5794206574678564,0.4935946269476043,0.5636355182094124,0.8486717062129501,0.1458800381618195,0.5599385781413823,0.6201077817137456,0.6047508809369548,0.5681793050844792,0.7448390435844712,0.08825998460316457,0.6827234845368924,0.5733504706851352,0.5250065360000943,0.2437432840253085,0.6089340887370451,0.30251173132942627,0.7796601992814224,0.04115011663225004
NumAromaticRings,0.10444106876572576,0.8826879912970794,0.34285635017338656,0.41188404460162337,0.3426027632241238,0.3541200712091217,0.16174076898952003,0.0902816193824194,0.39006203557260777,0.29504249998061927,0.29967394600825864,0.30896276019558755,0.16990638091721905,0.03294214871504062,0.27579501116770844,0.43764856715274575,0.44744351666372767,0.05006668432871427,0.2817640416310759,0.05235860606125303,0.18880450977992508,0.1083975203016022
NumHAcceptors,0.5690316848940353,0.08163212065017719,0.5216413026506762,0.6215474222216307,0.5184321165884483,0.6432053165568784,0.4289412672584867,0.5531621954431066,0.5410657859597761,0.5920872217591845,0.6444892747314518,0.5236083692755069,0.4254288022409301,0.5864526338381337,0.5266877325250399,0.6105147023745098,0.4857818440506457,0.5979244351211255,0.5198903975071565,0.934641917692668,0.4834927328559822,0.2145202387770874
NumHeteroatoms,0.528302110158732,0.023797603849465082,0.7086975058925924,0.6159445330755392,0.7089011600097712,0.6570553355917775,0.31011593959546296,0.3312503764027429,0.6310832513993936,0.49284812064089445,0.6364976198401745,0.6019707418912014,0.4838815747498821,0.5817403194387967,0.40600184163530256,0.5904145355639738,0.531441905611445,0.4956881337157944,0.5536740552553427,0.7949932540010216,0.3638921656066065,0.3377925243419225
NumRotatableBonds,0.3192922688227629,0.10570806091985709,0.31448241983428404,0.3560751041414899,0.3126177203305964,0.3915591735509898,0.18028474352268972,0.31302457020812563,0.347726193791335,0.43680205096825997,0.4244819461767226,0.3991170209043155,0.22493263491419346,0.33079467459799117,0.4112246931625643,0.3604125054761293,0.368092125109867,0.12788956151768868,0.4244085859417249,0.3325583432856277,0.27116300957920214,0.11574392135512161
RingCount,0.17703466756609346,0.5364949923471721,0.6624854817719442,0.7830276348897756,0.6609324741513857,0.7273144315708557,0.8207271997731874,0.0538485746405277,0.7508099120844713,0.7303365147867485,0.7210684829728115,0.6977113420926209,0.7409631255949322,0.04859415287005497,0.7678572368327164,0.7970440753136663,0.7643334216822026,0.16441874862886063,0.7112950333936845,0.28863986018979826,0.783695526197625,0.04607097652373427
MolLogP,0.2020730174544687,0.5331274548866909,0.466738521686626,0.3669857591019963,0.46931195059159037,0.34831730182858545,0.31700201040444054,0.34302180873716565,0.47951048212576125,0.3551082905963892,0.33840383207256247,0.49891026976970254,0.44844570066324463,0.24739553542920364,0.3732548619791498,0.3764583730566412,0.5326567774178479,0.49183561796639824,0.4780641041983037,0.44197808038277187,0.3350958615831243,0.5486187571112912
fr_C_O,0.6057437829884088,0.15976339930887776,0.2808443597707073,0.37905122333547714,0.2786506822645991,0.4062326754361248,0.3812807611794268,0.3677246864153595,0.3204454788643005,0.39637699241731383,0.4003114395062205,0.30857014673963146,0.2594364914777048,0.5736645534304962,0.37652862943174104,0.36477788028039393,0.2659519286035045,0.31523787416755883,0.27875549318587145,0.49877160740430376,0.3911438221799066,0.19421279592781468
fr_C_O_noCOO,0.5418872655164576,0.13931158222405834,0.2810098708634629,0.37771579626240204,0.2790644877828613,0.3990240522056149,0.3863435289966185,0.24352807198380771,0.32712456855382754,0.40449739880632885,0.39568134683031414,0.32492680649882494,0.2785374924581786,0.42946942037739083,0.38449633026666313,0.3662622812768688,0.2827420525667956,0.2078433002976386,0.2985160180035159,0.4446641366898859,0.3975433232777797,0.1661761488170768
fr_NH0,0.083543550393457,0.009535669959679895,0.20112317691587214,0.2606932746100901,0.19985947604103899,0.24809911263110412,0.10033869318512856,0.12687520364592322,0.2228784702794826,0.23106059324160444,0.2380926451616749,0.2036235183939111,0.09536695723415942,0.19392555210977616,0.18856672221928783,0.2682153993965081,0.22062773945501402,0.013356882573599427,0.18097034374335436,0.4512042311884817,0.13849151398979517,0.08145043627645766
fr_benzene,0.10470935650058087,1.0,0.35974214625304635,0.4090655904839942,0.3599386524555709,0.3592199729767941,0.18904957891787386,0.15199372687259052,0.4071440742028255,0.3056439299974055,0.3074102227897984,0.33369749496696355,0.1996937592124302,0.0949353563820969,0.2956076880228195,0.43178460948093944,0.4677107405961271,0.08016888819229465,0.3054012509941431,0.08436289487503455,0.21487765472244533,0.16916090719092872
fr_bicyclic,0.1311688969194682,0.1199671286958109,0.4545304232139961,0.5414345759103562,0.4532873410093418,0.5088398752436304,0.7712709079164168,0.05868047593328732,0.5260769330232078,0.5606042304242254,0.5304222672827046,0.5225352866447114,0.6935405631102919,0.010832087884650303,0.6220088817845746,0.5433578555738295,0.5287267973057412,0.09095816248015849,0.5596589849752778,0.13630762469272165,0.7015920015979176,0.0050262589042228386
fr_ether,0.25727488649980645,0.0025302402523281276,0.2435064465360102,0.3095513337996844,0.24211594877182274,0.3133783752775283,0.2146181958601421,0.3570650693857976,0.2755180228896706,0.32713838752401214,0.3289997689015342,0.2699986172566934,0.13720024176800982,0.3423966130834868,0.2948429755253095,0.3140263343168002,0.24046815675257913,0.05178387707629231,0.22652841104625995,0.367613832283656,0.24760591980645952,0.1007134196264008
fr_halogen,0.10699659436399625,0.17364267372375333,0.39930326348303435,0.10013116258742596,0.40484094809742965,0.12431830440104372,0.047266918143961806,0.3329418173908158,0.26148500435272454,0.037803644487690684,0.09843427087987337,0.24362749819055624,0.20409732748375617,0.12679046116435286,0.0621442990757992,0.08068889861345288,0.1860582142139545,0.20002084237407816,0.15839575146253998,0.24893184817293285,0.054320671307335665,0.9282279393701528
