0,1,2,3,4
0.0,-0.0519396371826,-2.03622050286,0.61377085579,0.0
1.0,0.582915161842,1.04749346825,1.37545585763,1.0
1.0,0.726400992438,0.750928155347,1.1675701058,1.0
1.0,1.37367136082,-0.672893901312,2.16225959751,1.0
0.0,-0.0593811408069,0.404212865277,-0.539591220737,1.0
0.0,-0.0165631410318,0.715872744691,0.894910556027,0.0
0.0,0.00785770297191,0.227034478865,-1.63201488503,1.0
1.0,-0.0694849420992,0.675931824791,0.0950521670619,1.0
1.0,1.82205204438,1.59144215175,-0.807041394932,1.0
1.0,0.310680689009,1.68022036048,0.72515469933,1.0
0.0,-0.115333240321,0.30740356972,-0.0462612172663,0.0
0.0,1.18393585113,0.175387749565,1.11410149223,1.0
1.0,1.34296993643,1.27660076551,1.06188335289,1.0
0.0,-0.135544750311,1.19548065083,-0.927553330812,0.0
0.0,-0.070902095763,-0.596629058612,-0.190240844413,0.0
0.0,0.195325913753,2.09793933913,-1.49744666861,0.0
0.0,-0.0525879675895,-0.525630933985,1.36322897513,1.0
1.0,1.72513296822,1.03240701334,0.696373927102,1.0
0.0,0.0400481386506,-0.672485596006,-0.488886119044,0.0
0.0,0.0131065186216,0.22327083592,1.58894032844,0.0
1.0,0.148153831864,-0.742221692635,-0.242246533549,1.0
0.0,-0.11952937636,-0.546041798817,-1.12558711403,0.0
0.0,0.145092754828,-1.09212120035,-1.09622032487,0.0
0.0,0.180719664364,0.135338347892,-0.0678713816995,0.0
0.0,-0.168265869412,0.994447375509,0.431631629638,0.0
1.0,1.3460963708,1.64600618711,1.73967546812,1.0
0.0,-0.0279810342377,-2.37165936086,2.57199531749,0.0
1.0,1.22959390659,3.04206965293,-1.2494324542,1.0
1.0,0.464061716469,1.29527994062,1.60873558912,2.0
0.0,-0.0728272202407,-0.776499140493,-0.557130572572,0.0
1.0,1.18026453299,1.15712791899,0.413584851111,1.0
0.0,0.119054859434,0.176189822503,-0.619772128254,1.0
0.0,0.0212574030632,-0.666848716952,-0.908769670808,1.0
1.0,0.151350977902,1.19791666734,2.6845248346,1.0
1.0,0.143387037847,0.39252771238,1.84229732701,1.0
1.0,0.702100585894,0.59563800731,1.02319597856,2.0
0.0,-0.0816217244542,-0.686279135755,1.35101575249,0.0
0.0,0.00781430629696,-1.43267128974,-1.5125289653,1.0
1.0,0.976362023575,1.14583647022,-0.330705131331,1.0
0.0,0.0139060398653,0.585299436516,-2.17796773219,0.0
0.0,-0.157699648219,0.514883596076,-0.699414540123,0.0
0.0,-0.0802824443951,0.819925252635,0.161698526705,0.0
0.0,-0.00739728635944,0.324340210015,0.102858577932,1.0
1.0,0.642457373974,0.467274501783,1.14934191106,2.0
0.0,0.197254217679,0.839663864431,-1.41105683107,0.0
1.0,1.31104642546,-0.357517539842,1.80315474261,1.0
0.0,0.0505589241836,-0.900671382512,0.239627518239,0.0
1.0,1.15286868291,0.0357999285768,1.73305428147,1.0
1.0,0.434412303941,2.08005605914,-0.89276217759,1.0
0.0,-0.0404397423184,0.94278851414,0.311490858798,0.0
1.0,0.770880498609,1.48730523704,-0.187765239918,1.0
1.0,0.233796907859,2.07192986521,0.602676747449,1.0
0.0,0.566228257743,0.120717217588,1.53436489864,1.0
1.0,0.261770590202,1.34859511986,1.09109360626,1.0
0.0,1.71704962925,0.874825571617,0.148460020221,2.0
1.0,1.08723644327,1.84688210388,1.00627315618,1.0
0.0,0.0682069490063,-0.115224232552,-1.53153531524,0.0
0.0,0.0126177903662,-0.38494288841,1.1502673959,0.0
0.0,-0.0222474896778,0.540908518561,-0.205284019496,0.0
0.0,0.204686219572,0.876169167191,1.11854994426,0.0
0.0,-0.0674934018791,-0.668345194847,-0.526531687096,0.0
0.0,-0.0403075989065,-0.0610756713524,-0.523575988407,0.0
1.0,1.32170013646,-0.0584406336417,0.235813213362,1.0
0.0,-0.083206130485,-2.49806101749,0.876173931693,0.0
0.0,-0.0550115282937,0.200459631414,-0.709431157328,0.0
1.0,0.256792768483,1.60890535625,1.64459543242,1.0
0.0,0.084073448213,0.262066809087,-0.382452397669,0.0
1.0,0.361369467136,-0.949561717754,-0.975963299892,1.0
0.0,-0.129262534715,-0.350849430076,-0.570314067786,0.0
1.0,1.273255272,-1.21834776005,-0.179108214363,2.0
1.0,0.9865822633,2.36970110765,1.03390272368,2.0
0.0,-0.0077221045223,-1.08605458212,-1.19040773567,0.0
0.0,0.042584365863,1.25540360946,0.925975100715,0.0
1.0,0.0852975254027,1.94586964368,0.908924139647,1.0
0.0,1.35350632715,0.0994096474639,0.822404005241,2.0
1.0,0.620648854774,-0.132784951268,1.65589213779,1.0
1.0,0.597314326314,1.35037021639,1.96390693408,1.0
0.0,0.138453204759,-0.844324037183,-0.0200987517697,0.0
1.0,0.0444198327291,0.102484642158,-0.771200299549,0.0
0.0,0.110132295774,-0.482827590807,-1.77396961611,1.0
1.0,0.611260457039,-0.781158414466,0.313950242965,1.0
1.0,1.15428691431,-1.23046801912,0.382787753352,1.0
0.0,0.0522250636018,0.226684248495,0.107057452992,0.0
1.0,-0.00979152464429,-0.561557746331,-0.345146881138,0.0
0.0,0.227243472045,-0.553089816914,0.687932972051,0.0
0.0,0.088903712228,0.695863839094,-0.612983271271,0.0
1.0,0.188847037772,2.17344227663,0.942958833147,2.0
1.0,0.698416729788,0.727455278638,2.1839874432,1.0
0.0,0.307933475492,0.65940129309,1.34182521395,1.0
0.0,0.0292715482142,0.500143033114,-0.0600375416886,1.0
0.0,0.0145521197768,-1.3569355697,-0.601944441935,0.0
1.0,1.32004182219,1.22315305475,0.366768603285,1.0
1.0,1.30636096507,1.55188597182,0.149386747048,1.0
1.0,0.84857049805,1.68023020842,0.458993134217,2.0
1.0,0.572515018006,-0.936752702502,1.75566583874,1.0
0.0,-0.114100850975,-0.761355269809,-0.221888271292,1.0
1.0,0.283073246299,0.121736747177,-0.349773069381,1.0
0.0,-0.0804966480853,0.0998869544092,1.76816929306,0.0
0.0,-0.0387699916409,0.480744579768,0.319965191145,0.0
0.0,-0.041361566563,1.49671040745,-1.40694340051,0.0
1.0,-0.0477645582604,-0.494965480368,-0.441848927241,0.0
0.0,0.706308671033,0.502427501691,1.11088638283,1.0
0.0,-0.0127654681518,1.14967201888,1.7045920933,1.0
0.0,0.659699225426,1.29657693853,-0.108112458259,1.0
0.0,0.389107196712,2.26765151119,1.97604071936,1.0
0.0,0.20529720245,0.28872800301,1.39948642697,0.0
0.0,0.108876965422,-1.15711661871,-0.628654305075,0.0
1.0,0.201774428043,-0.333128354778,0.72248638114,1.0
0.0,0.00188190497406,-1.55151224906,-1.03630924737,0.0
1.0,-0.117165434732,0.662051834758,-0.20346114108,0.0
0.0,0.169572287781,1.18859682309,-0.0365899743429,0.0
0.0,0.189728869477,1.84936214139,0.659649998082,0.0
1.0,0.497918325505,1.84310533232,2.09018347102,2.0
1.0,1.34001548675,2.16283857753,0.251903935378,1.0
1.0,0.886684742283,0.419983667346,-0.967325064226,1.0
1.0,0.753618293379,-0.156415816744,0.978755220724,1.0
1.0,0.722103767282,1.85007933242,1.29353752997,1.0
0.0,0.0131927966772,0.417680752239,0.249417687685,0.0
1.0,0.637874220937,1.10744437434,0.673326752491,1.0
1.0,0.187448491836,1.38737148063,1.12475209966,1.0
1.0,1.06383809202,1.32318548246,2.51544480835,1.0
0.0,2.35578464483,2.28381685985,1.38173416896,1.0
1.0,0.00522584904975,1.29498558482,-0.373368425003,0.0
0.0,-0.10606050664,0.54422035234,-0.500197817096,0.0
1.0,-0.0717016149128,0.845802872563,-0.169852357678,0.0
0.0,-0.12845842657,0.514062552425,1.63673996183,2.0
1.0,0.328647928813,0.538830267965,0.816699290474,1.0
1.0,1.24269596914,1.75656467491,0.980205655479,1.0
0.0,0.115359034332,-1.39449506886,-0.482313570936,0.0
1.0,0.831553562758,2.0538915523,2.09898335744,2.0
0.0,-0.0302180586983,-1.19452293977,1.95983725474,0.0
0.0,-0.260313708783,0.285803286795,0.450613049431,0.0
0.0,-0.0361310561967,-0.845153958426,0.0827729037854,1.0
0.0,-0.00641841612888,0.553388983074,0.0367828331742,0.0
1.0,0.448497313916,0.966074774072,-1.38430678879,1.0
0.0,-0.0515218393808,-1.59475595816,0.745150864285,0.0
1.0,0.540150169676,1.42069963102,1.134166416,1.0
1.0,0.111903934162,0.422079223167,1.42834205066,1.0
0.0,-0.0924564114378,0.881146720813,-0.711462194084,0.0
1.0,1.75991323924,1.00132568873,0.615543121023,1.0
1.0,-0.0188639856667,1.39542098539,0.588975063497,1.0
0.0,-0.021345677935,-0.957568955015,1.02162298407,0.0
0.0,0.0496199187363,-0.589332231427,-0.378759836603,0.0
0.0,-0.0535316712568,-0.458638636101,2.08266032211,0.0
0.0,0.0511499575362,0.856702480243,0.430862419015,1.0
0.0,0.193515404006,1.67737708781,-1.27568266,0.0
1.0,0.360513032576,0.194828248257,0.871453706748,1.0
1.0,0.274951317763,2.07684814466,0.348324877844,1.0
0.0,-0.0183150471053,-2.16967741773,-2.19438246982,0.0
0.0,-0.035667313418,-1.19418940109,1.59947094011,0.0
1.0,0.688677088465,0.0412215438132,1.70314254222,1.0
0.0,-0.0627313445951,-1.35250868944,0.533207317899,0.0
0.0,0.0045222709,-1.58358838979,0.1654036603,0.0
0.0,0.00511979018811,0.412998912138,-1.38201756869,0.0
1.0,1.03497210728,0.785932302272,0.516382860445,1.0
0.0,-0.137246554788,0.379405397605,0.841780774784,0.0
1.0,2.98139187567,1.69047268612,-0.0512200297825,1.0
1.0,1.23857918355,1.26561699317,-1.53176931625,1.0
0.0,0.0500240469437,0.65776317615,-0.227106007781,0.0
1.0,1.2690979261,0.930467713758,0.858242445972,1.0
0.0,0.122082129881,-1.18699338831,0.135563416415,0.0
1.0,0.459587419257,2.05781418082,1.72851864351,1.0
1.0,0.720087863719,0.410887867219,1.63760581223,2.0
1.0,0.0801921425709,0.0644037012376,1.25876980524,1.0
0.0,0.0434770064557,-0.177917875804,1.19553138809,0.0
1.0,0.375422592412,0.0871890807035,-0.518969780813,2.0
0.0,-0.0795557067941,-0.417430381989,0.504581814477,0.0
0.0,0.0424393937861,0.344053921563,0.626538363337,0.0
0.0,0.127951866976,0.348341739246,-1.23956228608,0.0
1.0,0.629724550325,0.102169933574,-0.502870608682,1.0
1.0,0.225485899658,0.512294627051,0.254057873524,1.0
0.0,-0.249327082033,1.07433300477,-0.661541442515,0.0
1.0,0.270915185122,1.49640011773,1.7534194635,1.0
0.0,0.16291663649,2.07506503935,-0.614538783691,0.0
1.0,0.863623298638,2.18012817374,0.143651481719,1.0
0.0,-0.117387996441,1.14429306856,-0.611633736695,0.0
1.0,0.400300717553,-0.387868550456,2.11863233415,1.0
0.0,0.206790633816,0.763860351633,0.013043374377,0.0
1.0,1.87337534011,0.946893198303,0.820748974643,1.0
0.0,-0.105130991164,-0.550981803538,-0.110005498701,0.0
0.0,0.149743168318,0.168015340533,1.29206033433,0.0
0.0,0.185770234354,0.945211534611,-0.749171726603,0.0
1.0,0.545169523913,1.500831591,2.31550829094,1.0
0.0,0.794781241233,0.121526198658,1.21049629892,1.0
0.0,0.209584350181,0.742458913593,-0.160419381975,0.0
1.0,0.454534153413,0.362412457924,3.50090049793,1.0
1.0,1.04371141812,1.21668311896,-0.0556394897986,1.0
1.0,0.837214209049,0.696649932523,0.646314240433,1.0
1.0,1.24081444236,0.781133748264,-0.232431239164,1.0
0.0,-0.0160360081045,0.766242975041,0.952461970536,0.0
0.0,0.0330851304616,-1.04019371982,1.68918893365,1.0
1.0,1.40360505449,2.94519507428,2.6699227814,1.0
1.0,0.304958754538,-0.821086069294,2.22394875315,2.0
1.0,0.200745180757,0.402332316745,0.802379532204,2.0
0.0,0.137649645002,0.370211889942,-0.36524097749,0.0
0.0,0.0313132140013,0.584314166435,-1.67116977249,0.0
0.0,1.44632408034,0.899524279428,3.03587353518,1.0
0.0,0.711428090099,0.942609296998,1.46897807815,2.0
1.0,0.910225270478,1.41055008533,0.508043095131,1.0
1.0,2.084860215,0.768930522542,2.32805688899,2.0
1.0,1.5328378571,2.39318125793,0.02723548324,1.0
0.0,-0.156785942537,0.839349114232,0.406622034223,0.0
0.0,0.0346709977605,0.872824351006,-0.172629134291,0.0
1.0,0.640769832529,0.0338432766296,1.63867713988,1.0
1.0,0.684284957426,0.920611575594,0.936426460814,1.0
1.0,-0.00322806110495,-0.300465948721,-1.45092789111,0.0
0.0,0.0640542935075,-1.00560137569,0.07557637267,1.0
1.0,0.0156833267628,1.36016418395,2.04886414188,1.0
0.0,-0.0113128052516,-0.53764575778,-0.029216405854,0.0
0.0,-0.129921636345,0.65540382985,0.775115121589,0.0
1.0,1.03717462659,-0.0701915628943,-0.0455294856741,1.0
1.0,0.0100107637018,2.71904061284,0.97373920673,1.0
1.0,0.706432455562,0.103667341408,0.375489544911,1.0
1.0,0.119459222051,0.2193023372,0.746980840105,0.0
1.0,0.991184904347,1.79185931039,1.03149156226,1.0
0.0,0.00516609768511,-0.5706404302,0.690073676337,0.0
0.0,0.0229074688206,0.852468643433,1.08771042616,0.0
1.0,0.758568043095,-0.2291835978,1.69161857512,1.0
1.0,0.880885082334,2.45211769918,1.27311843429,1.0
1.0,0.325022325434,1.01414926497,0.00178774148859,1.0
0.0,0.00848977487264,0.403588592031,0.997213889333,1.0
1.0,1.57978978849,0.700818227573,0.466909597984,1.0
0.0,0.0320785725933,0.808919269393,-0.344063956704,0.0
0.0,0.0194051943606,-0.58445529185,-0.37453415075,1.0
0.0,-0.127006108871,-0.749357689423,-0.979925574782,1.0
0.0,0.0286955854302,-0.221536597584,-1.95733858913,0.0
1.0,1.380981747,-0.17696211277,0.331856951672,1.0
0.0,-0.0638282726528,1.82054390794,0.193379451924,1.0
0.0,0.199098841659,0.433605408785,-0.348177045427,1.0
1.0,1.65199699101,1.83161678618,1.01568223647,1.0
1.0,0.584582612909,1.20947008365,2.90026842431,1.0
1.0,0.522293101867,0.015465949518,2.02305655525,1.0
1.0,0.245157403232,0.994045290787,2.64354150912,2.0
0.0,-0.122289501956,0.784002779311,0.391127876933,0.0
0.0,0.00712537499109,-0.188261335086,1.16750982299,0.0
1.0,0.496326524976,2.19311294585,0.276035269532,1.0
0.0,-0.0695694877197,1.02151539278,-0.644340267022,0.0
0.0,-0.0918126983417,0.918914854658,-2.73914020614,1.0
0.0,0.923996965042,0.540343227727,2.18614547404,1.0
0.0,-0.0396229678102,-1.07984244778,1.54032397982,0.0
1.0,1.34427606805,0.386412394637,0.446822754653,1.0
1.0,0.517713744046,1.19624094067,0.746048293603,2.0
1.0,0.273187256522,1.54578671353,0.246137886309,1.0
1.0,-0.147944422314,-2.17157140476,0.382653551477,0.0
0.0,0.125923323979,-0.00811320161175,1.1249325453,0.0
1.0,2.36153342102,1.15808922532,-0.742771973881,1.0
0.0,-0.0973378838027,-0.277544256316,0.409438530642,0.0
1.0,0.311997025927,2.29127383902,0.723328228281,1.0
0.0,1.23369345273,1.42178007425,1.11339439197,1.0
1.0,0.469154821511,2.31019190808,1.45899400167,1.0
0.0,-0.0823935486972,-0.21596052035,-0.188202438773,0.0
1.0,-0.0719109451449,0.937477492507,-0.103586853406,0.0
1.0,0.840343598404,2.63506639453,0.786124832445,1.0
0.0,0.0000682818957483,1.31169344927,0.970316201788,0.0
0.0,0.0782130001531,-1.09214159343,0.418759960127,0.0
1.0,0.105435419489,0.746323922458,1.22058353774,1.0
1.0,0.526759369916,0.65483529455,-0.270951721092,1.0
1.0,2.31376453802,1.48925453508,0.621420256787,1.0
1.0,0.762108575732,1.68635355501,1.89866916034,2.0
0.0,-0.0415213767905,-0.838892674026,0.0376965731239,0.0
1.0,0.654924732447,1.06783851392,1.65953146959,2.0
1.0,1.14882293061,-1.01992733216,2.76651180033,1.0
0.0,-0.0179093285016,1.4419450058,1.03860606921,0.0
1.0,0.0461032933391,0.487625759323,1.0931583377,1.0
1.0,0.668079965144,1.05586393984,0.489010829804,1.0
1.0,0.741804243264,0.690350286012,-1.55354959606,1.0
1.0,0.635593417912,2.14602757501,0.831615077527,1.0
1.0,0.0535800466207,-1.8375064414,0.673987504183,2.0
0.0,0.119476286188,-0.0166103423259,0.390366194395,0.0
0.0,0.0894647187574,-0.105818757498,-0.153905226975,1.0
1.0,0.567220594677,0.546363612408,0.679614940563,2.0
1.0,0.824204677411,2.72622654564,-0.779398930507,1.0
1.0,-0.113995897008,0.112670541144,0.0600321708499,1.0
1.0,1.41515263541,1.77179617724,1.4766510408,1.0
1.0,0.599539497634,1.35625278871,2.71590763113,1.0
1.0,0.766298638447,2.26151925254,0.902474616254,1.0
1.0,1.31993766558,0.332810915222,1.32781107357,1.0
0.0,0.774306250696,0.267031100876,1.95247815695,1.0
1.0,0.288763869608,2.09606990748,0.1891060638,2.0
1.0,0.416217464411,1.42532130833,1.36681404329,1.0
1.0,0.356219658899,-0.544937346677,0.259509893668,1.0
0.0,-0.0634285847689,-0.539305014463,0.864824438491,0.0
0.0,-0.0235969987211,0.386382653848,0.151403047952,1.0
0.0,0.0744185710315,0.837764221547,0.298451813981,0.0
1.0,1.74211198293,0.320769346807,0.217401402581,1.0
0.0,0.0266818396295,-2.91425598982,0.707032359611,0.0
1.0,-0.033912227927,0.523223185737,2.08471292123,1.0
1.0,0.978316692294,-0.220320689944,-0.00791169542821,1.0
0.0,-0.01237326801,-2.01733879812,-0.339759007648,1.0
1.0,0.443707610939,-1.83232592498,1.23160747417,1.0
0.0,-0.0496932025118,0.813980860198,0.786406211996,0.0
0.0,-0.018256897438,0.128617450405,-0.559546285289,0.0
1.0,0.748638149364,0.774343619288,-1.83303029014,2.0
0.0,-0.00350076100062,1.38902436296,1.35918949416,0.0
0.0,-0.0811000863629,0.637324683023,0.760506119584,1.0
1.0,0.673357263112,2.61630004272,-0.742947530487,1.0
1.0,0.396374213376,-0.392735472167,0.39243120822,1.0
0.0,0.0212739775858,-0.034550623954,1.56818242953,0.0
1.0,0.0939057074445,-0.616713374948,2.44779641846,1.0
0.0,-0.0431125569575,-0.229382331855,0.938640022679,0.0
0.0,0.0408052846837,-0.248615853767,-0.17611243396,0.0
0.0,1.57436368087,1.62661363726,1.08298741881,1.0
1.0,0.555269469311,1.04556388114,0.869074194874,2.0
1.0,0.948015217344,1.62340713828,2.12823978327,1.0
1.0,0.672770902079,1.70344013314,0.124157593505,1.0
1.0,0.890939256672,3.15492867738,0.194200345116,1.0
1.0,1.09265174709,0.684703344714,2.01027458684,1.0
0.0,-0.208647765837,-0.941022700666,-0.0443614555116,0.0
1.0,0.187888302191,1.24608361532,2.37846735545,1.0
0.0,0.22125310394,-0.80228002714,-0.671512206981,0.0
0.0,-0.0360039268757,1.48196076844,-0.0547783603388,0.0
0.0,-0.0728077097855,-0.283218038945,-0.922412984844,0.0
0.0,0.0373348559711,-0.565576367874,0.00736268142357,0.0
1.0,0.979585825271,0.528684278849,-0.478546936999,1.0
1.0,0.582479808641,1.71841742347,0.512366579045,1.0
1.0,1.24135099087,0.842253016769,-0.436253864928,1.0
0.0,0.0731380252575,-0.64166682013,0.693923233191,0.0
0.0,0.0590422061251,1.66535191762,0.71658933976,0.0
0.0,-0.0142146536941,-0.856169840662,-1.73026273048,0.0
0.0,0.0338687317922,0.035566074033,1.3338857455,0.0
1.0,0.799717566589,1.65230615161,3.49741512642,1.0
1.0,0.669258105088,-0.631335110417,1.04600638674,1.0
1.0,0.146140332126,1.48026050141,0.358885739775,1.0
0.0,0.0820158186755,-1.05510767548,2.824330591,0.0
0.0,1.00208582357,1.82278278083,-0.318968498303,1.0
1.0,1.96991310147,0.037348988081,1.02010646687,2.0
1.0,0.3569697464,1.69276903185,1.17962227263,1.0
1.0,1.54977847248,2.10583306629,2.34514762045,1.0
0.0,0.119170749711,0.861436525633,0.359738975127,1.0
0.0,-0.00837179598492,0.251316648238,-0.498633895788,0.0
0.0,-0.111954612838,-0.23130094293,-0.951184370388,0.0
1.0,0.262692513893,0.423580423665,0.658178179754,1.0
0.0,0.017869471681,1.47103469082,-1.00692736095,0.0
0.0,0.12292147843,-0.699495220168,0.0478253197847,0.0
0.0,0.0603094684949,-1.03706607357,-0.56419617986,1.0
0.0,-0.0850535278747,0.665368935033,-1.49403779329,0.0
1.0,0.717786581476,0.203863196814,2.25514578837,1.0
1.0,1.5620496543,0.0499365025339,0.502327476571,1.0
0.0,0.1275390738,-1.44360426217,-1.26813680498,0.0
0.0,-0.0151714433577,-0.482909839461,-0.168259134488,0.0
0.0,0.0533359244705,-0.0827150238965,0.0683715659677,1.0
0.0,0.0839468504518,0.243091727661,-1.74646672558,1.0
0.0,0.121819471175,0.951306244299,0.331647667126,0.0
0.0,0.105736830538,0.526897923666,-1.04715756869,1.0
1.0,0.0872197000073,-0.190872219553,1.71102880919,0.0
1.0,1.39985810871,0.80180432362,1.52396051208,1.0
1.0,1.02459212348,1.51015746892,0.600100009891,1.0
0.0,0.0332607510324,1.27257016293,-0.745167770317,0.0
0.0,0.0933128072341,0.126314199483,-0.104967707564,0.0
1.0,1.30666124946,0.53086914579,1.61279074158,1.0
1.0,0.493325717261,0.00713399891445,0.974505871415,1.0
1.0,1.23624209973,-0.445205264412,0.782841192863,1.0
1.0,1.92063835379,1.66626967204,1.05837029082,1.0
0.0,-0.0836920703796,0.57797852364,-0.603858931237,1.0
0.0,-0.0140375058905,0.577363525107,-0.343205926843,0.0
1.0,1.0758497409,0.871340553648,-1.08579243891,1.0
0.0,-0.0524567013767,1.40693474589,0.973726230852,0.0
1.0,0.159123311172,0.515881505415,1.29879778032,1.0
1.0,0.393820921866,1.95526923721,0.226544155967,1.0
1.0,1.56735806366,0.96125710501,2.89873498136,1.0
0.0,-0.143590952387,-0.608350764679,0.0870164803924,0.0
1.0,1.40078614304,1.59253030732,-0.0361435719752,1.0
0.0,0.0281009250282,0.409636118684,0.85673742147,0.0
1.0,1.18604661219,1.35697275927,1.39804821651,1.0
1.0,0.468913033956,1.08127842206,1.39457998548,1.0
0.0,-0.0158153844372,-0.0378930817168,-0.425755604652,0.0
1.0,0.949817313791,3.38837199287,1.45049572378,1.0
0.0,1.11602310805,2.1842566452,0.738241709779,1.0
0.0,-0.0181449069248,0.722826894986,0.555941451646,0.0
0.0,-0.0106337002531,0.111799158203,-1.90494445401,1.0
0.0,0.0995581514002,1.0071572006,-0.433873462979,0.0
0.0,0.170317260992,0.517994776391,1.72215509781,0.0
0.0,-0.163802905744,0.026204752774,-0.7670674554,0.0
1.0,1.30302585593,0.696435674734,0.396161702507,1.0
0.0,-0.0622034805554,-0.0809173376627,-0.44796133845,0.0
0.0,0.0582737583174,-3.17042573588,-1.21480613589,1.0
1.0,1.06115039446,1.2106008393,-1.20828077623,2.0
0.0,0.106977145498,-0.48847608011,-0.230586398524,0.0
1.0,0.622514479702,2.59266999828,1.13585942408,1.0
0.0,-0.231614386297,0.0193440708118,-0.0525050685387,0.0
0.0,0.0858014195302,-1.18896341953,-0.144878561948,0.0
1.0,1.60219465141,0.950119845872,1.04304087085,1.0
1.0,0.361032073735,-0.0461210850625,2.02284147155,1.0
1.0,0.894320728098,1.47340741571,0.809553814071,1.0
1.0,2.06637868052,1.29094736434,0.425917422913,1.0
1.0,0.5187651846,1.95783963111,0.718874515112,1.0
0.0,-0.0457848386182,-0.790881791695,0.579346759757,0.0
0.0,-0.0159362232146,0.0340080962281,1.41202687854,0.0
0.0,1.51710214447,-0.365021795427,0.371856260831,1.0
1.0,0.719171265358,1.70149478192,1.09893378703,2.0
1.0,0.343397432663,1.51887118044,1.33835744194,1.0
0.0,0.0521279905014,0.495805021028,-0.992578006729,0.0
0.0,0.0321678541377,0.00161903135694,0.0204171672129,0.0
1.0,0.574945495115,1.41477289079,-0.465673857342,1.0
0.0,-0.0995148481853,1.60433910831,-1.76905030374,0.0
1.0,0.278457142856,0.714905742958,1.36674640789,1.0
1.0,0.0236154302725,1.13864518371,0.616125258669,2.0
0.0,0.0178476663885,-1.08612629918,0.202280407621,0.0
1.0,0.529209088593,0.131739038402,0.982105022992,1.0
1.0,0.0570580077819,1.09781329309,0.0235999513362,1.0
0.0,-0.0585927673318,1.1039335467,-0.0452543019643,1.0
1.0,1.60593040309,0.743719175748,-0.233101305015,1.0
1.0,0.591089832561,0.764083470688,2.390972358,2.0
1.0,0.106015249937,0.593114755496,-0.35597034486,2.0
0.0,-0.0692250329266,-0.534756670844,-0.195785270969,0.0
1.0,0.254767161918,1.29497145571,-0.0422715880472,1.0
0.0,0.0103438129308,-1.49725764518,0.570421173361,2.0
0.0,0.204207604014,1.28093957667,-0.331431371282,0.0
1.0,1.15835118113,0.334577701871,0.481333280379,1.0
0.0,-0.00222789791837,0.721903485438,0.853201545052,0.0
0.0,0.0322082310767,-1.26999859739,0.0294305916776,0.0
1.0,0.803206559265,1.66884013055,1.51664444594,1.0
1.0,0.814053993537,1.67194460781,0.0186740634825,1.0
1.0,0.713905720733,1.38420207201,-0.404816943928,1.0
1.0,0.275741390349,0.00557147820021,1.10720796204,1.0
0.0,0.00176132519337,0.249548189598,-0.318846355495,0.0
0.0,-0.0975366027278,-1.18305618473,0.626434672454,1.0
0.0,0.130350793193,-0.252763255096,-0.0799084526625,0.0
1.0,0.582899918421,2.02941310096,1.20507533923,1.0
0.0,0.141174499691,1.79670192707,-0.623382529941,1.0
1.0,0.306041916249,1.01518294254,2.88843693961,1.0
1.0,0.696821262702,0.0251934240772,0.835758014968,2.0
0.0,-0.0782003492511,0.645587712174,0.697586970339,0.0
0.0,-0.075970311748,0.019381237698,-0.83609167022,0.0
0.0,-0.177106855309,-2.32031559823,0.308009902217,1.0
1.0,0.332029731411,1.78262982632,-0.302844763525,2.0
0.0,-0.183114487834,-0.0242328338697,0.45206783826,0.0
1.0,0.118653062744,2.20245124798,0.644025915614,1.0
0.0,-0.207558800908,-1.09527051884,0.0291905039356,0.0
0.0,-0.00860696927909,-3.1767038132,0.69797403013,0.0
0.0,-0.0150320460272,0.279083858345,-1.23254031122,0.0
1.0,0.61709560553,1.29156367668,0.315508269387,1.0
1.0,1.09894308592,-0.690671627606,1.45732428109,2.0
0.0,-0.117223375344,-0.978499545867,2.09822147455,0.0
1.0,0.0464369863547,2.75521774372,-0.138082334661,0.0
1.0,0.296866124646,0.694389385846,1.59113611792,2.0
0.0,0.0316358321536,0.730958976376,-0.106971469858,0.0
1.0,1.20759179564,0.349340172632,2.94224559476,2.0
1.0,0.474227101751,-1.09030289885,-0.747221666965,3.0
0.0,0.130327803732,-0.170258246796,0.0946210446694,0.0
0.0,0.0586165800393,-0.265604560286,-1.62554403356,0.0
1.0,0.516181671287,0.600121761332,-1.50657157054,1.0
0.0,0.0257198970356,-0.114640835506,0.297462053118,0.0
0.0,-0.024066517453,0.264268271646,0.139497796147,0.0
1.0,0.0322271888442,0.849883048746,0.715163062258,1.0
1.0,0.815867528976,-0.264006167947,0.89380590996,2.0
1.0,0.556694292653,1.48618479156,4.09829943407,1.0
1.0,1.80707582724,-0.949371755322,0.741824861969,1.0
0.0,-0.0993358699582,-2.05035745728,0.51012436125,0.0
0.0,-0.101587882699,0.739180494702,-0.649364819614,0.0
1.0,0.0449802609394,1.50702027214,1.29523257504,2.0
1.0,2.53300655353,0.942604634926,0.761766324944,1.0
0.0,-0.121728269222,-1.39544850476,-0.41051848273,0.0
1.0,1.02000084752,0.292089059326,2.8188985322,1.0
0.0,-0.0892787515492,-0.262746747687,1.17718496318,0.0
0.0,0.0513614464231,-1.59589396857,0.136746647399,0.0
0.0,0.00347137487526,-0.739028658023,-2.30421193594,0.0
0.0,-0.196850421344,0.652330338177,-0.361009223253,0.0
0.0,0.0654975584222,1.42730536429,2.70302756441,1.0
0.0,0.0810798645592,-0.419434752659,-0.23066166664,1.0
1.0,-0.0993862674835,0.756488354316,1.10321757205,0.0
1.0,0.677576995694,-0.914060070587,2.44194240195,2.0
1.0,1.65320152811,1.65945124111,1.21896391586,1.0
1.0,0.331009803793,0.196051585273,0.158178368132,1.0
0.0,1.70610720278,1.30734561671,-1.43531233178,1.0
0.0,-0.179310645253,-0.24775241824,0.684163208609,0.0
0.0,-0.0382817189613,1.32041400978,-0.814756002824,0.0
1.0,0.35636025269,0.12556435166,1.17615045189,1.0
0.0,-0.0397679693615,0.627606297562,-1.24982033959,0.0
1.0,1.80926952352,0.720492536703,0.73476245953,1.0
0.0,-0.0399899062131,-0.15830547801,0.0337190549011,0.0
1.0,0.872087446442,0.816146106841,1.26859358104,1.0
1.0,-0.00448930301225,-0.845673104494,-1.11482218735,1.0
1.0,1.42343994986,0.985901034093,2.19691094876,1.0
1.0,-0.014607069468,0.937351777878,0.403105215268,1.0
1.0,1.82127730773,1.24124024841,-0.674469460453,1.0
0.0,-0.117617333655,0.0845051456929,-0.109023419963,0.0
1.0,0.110760039075,1.79799454961,1.03437530903,1.0
1.0,1.06963838635,1.92350861605,1.16058943317,1.0
1.0,0.414597829643,-0.0506233218278,2.36213240369,2.0
1.0,1.68361916412,1.86877250059,0.763551163264,1.0
1.0,0.871636283463,-0.18633642711,0.880380375631,2.0
1.0,0.103608765105,0.587855888138,-1.10318438123,0.0
1.0,0.131695589303,1.6197387847,1.82055350289,1.0
1.0,0.146371553337,-0.911316891663,1.18430906408,1.0
1.0,0.260082419726,1.09297924653,0.579972272706,1.0
0.0,0.123765375751,-0.46849611336,-1.90467469347,0.0
0.0,0.0379767636041,-0.758765257935,1.44441219506,0.0
1.0,2.1219756576,2.3508523307,-0.227679964456,1.0
1.0,0.128014439862,0.346320859363,0.40872199063,1.0
0.0,-0.0614323144096,-0.806376929118,0.358344511076,0.0
1.0,1.4456636502,1.07569494001,-0.196557928617,1.0
0.0,0.0978889558557,0.685589746298,-1.49350977825,1.0
0.0,-0.137174312926,-0.14164858601,-2.1239475827,0.0
0.0,0.160878085573,1.16637054567,0.720996952906,0.0
0.0,0.0828229690185,0.530975661964,-0.545186244726,0.0
1.0,0.697952993799,-1.17821131973,3.92727009247,1.0
0.0,-0.0462939512025,-0.529466963507,-0.994355065631,0.0
1.0,0.592881188768,0.438157900648,0.0785489765711,1.0
1.0,0.395807521697,1.47936095343,0.434607029715,1.0
1.0,0.495802554218,-1.62481705637,1.24313465514,1.0
1.0,0.882699396545,3.54900970872,0.529796661215,2.0
0.0,0.129606306178,0.531026094894,0.612332214003,0.0
1.0,0.109825745334,1.14887680392,0.0214116100113,2.0
1.0,1.18140855861,2.18156771642,-0.381591718464,1.0
0.0,-0.0151299220233,2.34365405281,-1.79821473941,1.0
1.0,0.578339970528,1.87074664459,-1.22357416794,1.0
1.0,0.289659549356,1.94881309647,0.481930980525,1.0
1.0,1.10732617519,1.13069002446,0.699019687607,2.0
1.0,0.174568595836,0.858474246633,0.368562972517,2.0
1.0,0.486019357416,0.524204555995,2.24340579719,1.0
0.0,-0.078933850572,-0.826111991715,1.22803020961,0.0
0.0,1.10158765129,0.312985900301,0.665197012555,1.0
1.0,0.659798552586,-0.350555964343,-0.793921113192,1.0
0.0,-0.0371857882279,-0.075871450685,-0.566705108055,0.0
1.0,-0.072846162168,-1.68466757723,-0.599821393917,0.0
0.0,0.0319524670783,0.190916524144,-0.657134962278,1.0
1.0,1.05204264913,0.963669391958,0.302281096102,1.0
1.0,0.54880605963,1.14693529839,0.346537104275,1.0
0.0,0.0996118214911,-0.52213157002,-0.386541615898,0.0
1.0,0.498285554513,4.07686037018,0.364458901184,1.0
0.0,0.0157761439294,1.36011590018,0.208322508626,0.0
1.0,1.9772901867,-0.244542500085,1.3603687159,1.0
1.0,0.436925237904,1.23286808743,0.0893549128175,1.0
1.0,-0.042878207875,0.391993857063,2.27106532601,2.0
0.0,0.119189933441,-1.01447972671,-0.980062301841,0.0
0.0,0.095001582867,-1.34007207112,-1.61780061382,0.0
1.0,0.0243004722054,0.432216690759,0.380778071365,0.0
0.0,-0.153270055989,-0.68138023507,-0.817408134414,1.0
1.0,0.167700953268,1.96782602403,1.32129147076,1.0
1.0,2.26840123422,1.99378221453,-1.4036686011,1.0
1.0,2.13825377559,2.37391438521,2.39245594148,1.0
1.0,0.422485819509,0.147613233926,1.67229340804,2.0
1.0,0.368654801252,1.47536561069,-0.500476549163,1.0
1.0,2.74109706631,1.63245421664,-0.478777123846,1.0
1.0,0.553359267103,0.525821824896,2.6722659041,2.0
1.0,0.306635074407,0.228228042607,0.262620096502,1.0
0.0,-0.016212397548,1.60952066578,-0.834184848733,0.0
0.0,0.0143048769879,0.227495875732,-2.26605209415,0.0
0.0,0.0849611988516,0.635967750712,-0.350778205602,0.0
1.0,0.210542898511,0.177923988172,0.772280385164,1.0
1.0,2.18882361169,-0.219284466522,1.71549309677,1.0
0.0,-0.0799940506702,-0.569449774492,-1.39907842818,0.0
1.0,0.024596291744,0.87597861261,-0.520286792241,1.0
0.0,0.468963363968,-0.0642200068173,1.45096263478,2.0
0.0,0.100163182521,-0.00984480865038,1.00673007123,0.0
0.0,0.139345452752,-1.68850518807,-1.57115235112,0.0
1.0,1.79575155999,-0.12004742247,2.0815140863,1.0
1.0,0.330381601681,1.67091124828,1.03754184149,1.0
1.0,0.325292869242,1.60379052028,2.09180533907,1.0
0.0,-0.0100996293748,0.608123234613,0.929779638482,1.0
1.0,0.411230304043,-0.017764309077,-1.52227791749,2.0
1.0,0.736739880821,-0.027403551526,0.848032617684,1.0
1.0,0.235252934994,0.626731754059,2.06014381867,2.0
1.0,1.67865157574,1.64451849165,0.106253980916,3.0
1.0,-0.0322028154492,0.928245691344,-0.387964968907,0.0
0.0,0.13254321091,-0.496531735482,-0.176133503551,0.0
0.0,-0.14068150095,-1.15349242598,-2.89951387987,1.0
1.0,0.508603278112,1.26784363787,2.67134757544,2.0
0.0,1.18347220327,0.176465029374,0.0986243201028,1.0
1.0,0.393808367824,0.481747361139,1.50573543247,1.0
0.0,0.0218534042411,1.32527609044,-0.0867011361482,0.0
0.0,0.10094717886,0.827115428566,1.25761905636,2.0
0.0,-0.0844941438593,0.157974312251,0.406056122428,0.0
0.0,-0.149901596046,-1.27191900111,-0.234924271521,0.0
1.0,1.83942435686,1.21139656747,0.106484907481,2.0
0.0,-0.00874353287772,1.06265729079,0.797850701382,0.0
0.0,0.0548319627554,-0.375633665766,-1.87344130395,0.0
1.0,0.193026996675,2.35111408999,1.64589042028,1.0
1.0,-0.00594151812725,1.29274528952,-1.09904475155,1.0
1.0,0.904382719088,2.66373283214,2.25228366196,1.0
1.0,0.767428787331,1.30524312653,1.16129954266,1.0
0.0,-0.0346426506007,0.587391699806,0.64412376785,0.0
1.0,-0.0969685588018,2.41418728833,1.08198881382,1.0
1.0,0.0654865324168,1.44739393707,-0.752377095141,1.0
1.0,0.218601701886,0.49876589221,0.139270836605,1.0
1.0,0.0960304796281,-0.448542836528,0.672389337611,0.0
1.0,0.260961545577,1.23855495377,1.16665581736,1.0
0.0,-0.117936912163,-1.29056142195,1.18098990531,0.0
0.0,0.0172254386411,-0.143258915364,0.403274563037,0.0
0.0,0.0671531171729,1.09654711823,-0.966701890703,0.0
1.0,0.608342661963,-1.19125385117,0.203935862279,1.0
0.0,0.0887503967414,1.53448210179,0.102917390523,1.0
0.0,0.0760846654311,1.1223742187,-2.314044066,0.0
0.0,0.882055391991,0.54023538417,2.67344188562,1.0
0.0,0.0388312005423,0.543390827872,0.441746736378,0.0
0.0,0.124950490071,0.00314772690633,1.22703459705,0.0
0.0,-0.133277739748,1.22999036844,-1.58060394081,0.0
0.0,-0.0349439327217,0.98268314277,1.24456516036,0.0
0.0,-0.0772568748756,-1.40007072318,2.23149891103,0.0
0.0,0.0379153118726,0.587262413464,-1.32087835538,0.0
0.0,0.589517596793,0.794372146357,1.7714017949,1.0
0.0,-0.0596974286721,0.0828325705181,0.00110994468729,0.0
0.0,-0.239030436747,-0.72817190097,-1.54443384825,0.0
1.0,0.282834953719,2.74813706912,1.49288397185,1.0
0.0,0.0913473732017,1.0400618199,0.833603204837,0.0
1.0,0.138972439929,0.260228836027,0.398873447331,1.0
0.0,0.0428186247811,-1.33461060691,1.16591652026,0.0
0.0,-0.0279993301874,-0.385672630978,-1.66676340679,0.0
0.0,-0.127903073622,0.434502646091,-1.49475614645,0.0
0.0,0.0515294321624,0.240205843946,0.136597395589,0.0
0.0,-0.0834281810035,1.25313282477,0.0253852779723,1.0
0.0,0.218409673338,0.789919722181,-0.716573488424,0.0
0.0,0.0570507208355,0.969569025753,0.809594435972,0.0
0.0,-0.0580648302554,0.32685540061,0.530894314216,0.0
0.0,-0.0611385247389,-1.38929873021,0.858139070934,0.0
0.0,-0.00929442066136,-0.195698531147,-0.123136435352,0.0
0.0,-0.0239501922022,1.06008973991,0.602580267978,0.0
1.0,1.24730352474,0.948477071475,0.55434969697,1.0
1.0,1.12493512939,1.50309036862,3.05381869009,1.0
0.0,-0.0731631738909,-0.318748315246,-0.812545770122,0.0
1.0,0.797633791755,-0.0298118485418,3.10529742946,2.0
1.0,0.533908541216,0.876655935954,1.03488794709,2.0
0.0,0.0768839675969,0.309047443033,-1.37551088957,0.0
1.0,1.16226041635,0.344312280539,2.36807935049,1.0
1.0,0.295165963144,0.764288755143,1.12590138839,1.0
0.0,0.0311109991143,-0.939463241986,0.85112409838,0.0
0.0,-0.18896492921,1.11924491756,1.22385591854,0.0
1.0,2.02213081159,0.705544242412,1.33795555415,1.0
1.0,0.399121804484,2.45275554513,0.407759155187,1.0
0.0,-0.0397195316146,1.52874785054,0.975713377669,0.0
0.0,-0.110226974046,-0.0810459647217,0.000755507454596,0.0
0.0,0.0347561613804,-1.00844873255,0.685857818608,0.0
0.0,0.00866976994144,-2.08589787773,-2.15373057379,0.0
1.0,0.946929617031,-0.472037073027,1.44698171701,1.0
1.0,0.0191577396194,-1.3738348249,-0.638585825145,0.0
0.0,0.0506240989306,1.37846962746,1.65330963718,0.0
1.0,0.991046547405,1.11582458723,1.62308734789,1.0
0.0,0.0568103205129,0.389604524092,0.239857745849,0.0
0.0,-0.104965549891,-2.22042100894,0.48630999335,0.0
1.0,0.400276366605,-0.197966429217,0.00155914712328,1.0
1.0,1.43641495646,1.88707977645,2.62325669053,1.0
1.0,1.04769777623,1.28677411238,2.99137041842,1.0
1.0,0.176374259501,0.852794721314,1.39291351055,1.0
0.0,0.024288201315,0.5648423586,1.59040356857,0.0
0.0,-0.208209870319,1.63579780614,-0.569148198673,0.0
1.0,0.178023849234,0.778957536463,0.202886433775,1.0
0.0,-0.0548200298167,0.0693698026581,0.0409247487289,0.0
0.0,0.192344579482,0.192596918731,0.434941038368,1.0
0.0,-0.0774614970019,2.39210963527,-0.393986681243,0.0
0.0,-0.168918303797,-2.09935626442,0.537768190368,0.0
0.0,-0.0471263740703,0.683223014789,0.306389482073,0.0
0.0,-0.197548777122,-0.114802248759,-0.998306775291,1.0
0.0,0.0751099454507,0.566771726184,0.518793017452,1.0
0.0,-0.206508304626,-0.657372553995,0.863528242522,0.0
1.0,0.0803262766372,0.951034969142,1.17146931759,1.0
1.0,0.0499713581571,1.71141057947,2.15264810326,1.0
1.0,1.20973079503,4.11291020104,-0.217403793497,1.0
1.0,0.498514232825,1.8080361894,1.46795042213,1.0
0.0,0.0360647891436,-0.848065598031,-1.1702807064,0.0
0.0,-0.0863493604965,-0.423759682023,-1.11408135823,0.0
1.0,0.857264661886,0.546585891616,0.369069166262,1.0
1.0,0.415407220626,-0.79564317263,0.0579398164258,1.0
1.0,1.93495069192,0.669909808299,0.452004181259,1.0
0.0,-0.136685836328,0.732829081822,-0.214150310711,0.0
0.0,0.0592567273847,-1.27423211908,0.837154486331,0.0
0.0,-0.27043916316,1.04848265105,-0.321159038706,1.0
0.0,-0.0629884552364,0.487774821084,-1.58562570677,1.0
1.0,1.03386366964,0.265766678029,2.1400678465,1.0
1.0,0.534457334425,0.858470362662,0.162909866385,1.0
0.0,0.00226308526769,1.59832180764,-0.0587204271046,1.0
1.0,1.18524034216,1.73354781351,1.44653650694,1.0
0.0,1.188664256,1.0087836549,1.1996104184,1.0
0.0,0.0198680009547,-0.237683316961,1.09417954752,0.0
0.0,-0.00790673418646,0.0766090704517,0.479003143393,0.0
0.0,-0.0579124109636,-0.511763557942,-0.861309579697,0.0
0.0,-0.0480833789512,-2.10474950572,2.17856217399,1.0
0.0,0.0696167997159,2.04217791053,0.194333463338,0.0
0.0,-0.0517692572869,0.155324999199,-0.147340226622,0.0
0.0,-0.00880912440291,0.398147265123,0.963925423056,0.0
0.0,0.216993658808,-0.0579077498769,0.24945094593,0.0
1.0,0.320793098397,0.264883199275,1.39922819294,1.0
0.0,-0.185184273157,-0.185924480949,2.4921839986,0.0
1.0,1.23225970074,-0.599394762194,0.724878571745,1.0
0.0,-0.0678643061294,2.27708649805,-0.317760894017,0.0
1.0,0.356697022409,-0.234511998422,1.11657851201,1.0
0.0,-0.0781156378131,-1.03196628385,1.07151593558,0.0
0.0,-0.0259800140768,-0.440259204386,-1.50653403019,1.0
1.0,0.669660504401,2.28807572485,-0.965555891477,1.0
1.0,0.114653857568,1.01450899926,0.41288472938,1.0
1.0,2.5745497046,-0.23613579603,-0.633922959059,1.0
0.0,-0.141622705579,1.25433836076,-0.424831347526,0.0
0.0,-0.115115373655,0.731000626785,0.502499696129,0.0
1.0,0.698386168306,1.53843495722,0.109251136448,1.0
1.0,-0.0219538605187,1.71573424117,-0.426826576781,1.0
1.0,0.542542819441,3.39436190058,1.06933716172,1.0
0.0,0.394243852433,3.18509489504,1.86254348462,1.0
0.0,-0.0221513262952,-0.686715343003,-1.69497343852,0.0
1.0,0.960502536913,2.62388499281,1.82023239831,1.0
0.0,-0.0688885542575,0.383168189759,0.817306203738,0.0
0.0,0.0204758882402,0.499095816138,0.954085102157,0.0
0.0,0.0765878279481,-1.69227083164,1.21848021487,0.0
1.0,0.424942590823,0.829614234612,3.20201392466,1.0
0.0,0.0299647687837,-0.812823590337,-0.356092048619,0.0
1.0,0.0932434870955,0.828058814893,0.109571580078,0.0
1.0,2.00843124968,2.0710805004,0.583561566752,1.0
0.0,0.0700700612121,-2.07448635102,0.00197684475581,1.0
1.0,0.617720183128,0.977965135996,2.53287335564,2.0
0.0,-0.0104342792987,1.12186150479,-1.34501448393,0.0
0.0,0.0393307050005,-0.186678962313,-0.861049672166,0.0
0.0,1.29786798886,1.729063645,2.3771809365,1.0
1.0,0.0181251162602,0.351165467627,1.0200365069,0.0
0.0,0.0460271624982,0.341660231953,-0.363131646817,0.0
0.0,0.019484234027,-0.271314978068,0.854402001121,0.0
0.0,-0.101969531971,-1.21658080414,0.341215842492,0.0
1.0,0.877408270959,-0.121530147425,2.500274609,2.0
0.0,0.146219593872,0.709352514455,0.0745095938268,0.0
1.0,0.249252608054,1.01945825552,2.02563211387,1.0
0.0,0.0961987189072,-0.138512244607,2.64201191049,0.0
1.0,0.371979514755,0.576109957678,1.59809915505,1.0
1.0,0.392443285193,0.694811154519,1.04932816579,1.0
1.0,0.360787188204,2.04691179449,1.72244698522,1.0
0.0,-0.0950910729687,-0.335244081868,-0.365280858204,0.0
0.0,0.0318521004799,-1.3410647133,2.38796770552,0.0
0.0,-0.099169666344,0.74365177554,0.180071037696,0.0
0.0,0.258305183851,0.795123336135,0.727066679774,1.0
1.0,1.77386590238,1.03139586553,0.16431099498,2.0
1.0,0.0481260581215,2.6075783064,2.09722019161,1.0
0.0,-0.118923246508,-0.0205605573505,0.867187412828,1.0
1.0,0.798121332235,1.28918367312,0.502645628586,1.0
1.0,1.32653112438,-0.178923491298,1.57645134512,1.0
0.0,-0.0704728435611,-0.219669452351,-1.50855596821,0.0
0.0,-0.153758479645,0.609526045209,0.184970575073,0.0
1.0,1.61736644118,-0.555373733841,1.45275635208,2.0
1.0,0.688438624138,1.20084509312,2.70732980956,1.0
1.0,1.82937596826,1.10079107264,0.229181197271,1.0
0.0,-0.0363116661156,0.0412874555874,-1.2783526288,0.0
0.0,0.352294399778,2.03715889866,0.104572039075,1.0
0.0,-0.0388346938301,0.334438514849,-1.33656850031,0.0
0.0,-0.0305619111068,1.47807189836,1.33665735776,0.0
0.0,0.0633661024774,-0.993589515594,1.54863929502,0.0
1.0,0.0705399023869,1.13592456722,1.32021657795,1.0
1.0,2.13493717092,1.08446678639,2.22129494569,2.0
1.0,0.926022406642,-0.0692544937551,1.13395838058,1.0
1.0,0.13111674978,0.956295002091,-0.0951116477008,0.0
1.0,0.287567086078,3.32467330585,0.666962380946,1.0
1.0,0.0859584872344,-0.0170060744838,-0.310390991378,0.0
1.0,1.2269509382,1.50502108827,-0.547801556309,1.0
1.0,0.113955553603,0.0845184758153,0.264254763607,0.0
0.0,-0.0387361964553,-0.713584669907,-0.040333910214,0.0
0.0,-0.109862042518,-1.8207602778,0.745360724078,0.0
0.0,0.142050428727,-0.705773483095,0.0935234964386,0.0
1.0,0.0831106498538,-0.391958380952,0.837296298431,1.0
1.0,0.441765819387,2.70410207806,0.128806969992,1.0
0.0,0.123475191404,-0.115109693923,0.0721532368218,0.0
1.0,1.17626940745,0.654080670953,1.73823723082,3.0
0.0,0.0595490897639,0.889153824788,-1.14333899108,0.0
1.0,0.524554827366,-0.121751102856,1.08747375368,2.0
1.0,0.116300311299,0.233135961995,1.23304295153,1.0
1.0,0.587085181834,1.06807226925,0.281935216382,1.0
0.0,-0.150022186145,1.02876899142,-0.587856304908,0.0
1.0,0.777671954739,1.50168504517,1.23061084877,1.0
1.0,1.78458818357,1.24832514252,-0.133421018293,1.0
0.0,0.0886191188585,0.078117735236,0.349923715249,0.0
0.0,-0.00626395773272,0.400235855527,-0.895354373659,1.0
1.0,0.385729663124,1.20165290513,2.06285369303,1.0
0.0,1.2637172932,-0.0299722747769,3.33782774539,1.0
1.0,0.708048649758,1.04607922163,0.139243198298,1.0
1.0,0.430568155083,-0.0736886589178,1.53420786237,1.0
1.0,1.89300054875,1.0810825429,0.273258095118,1.0
0.0,0.114603014414,-0.480647941488,1.0409541738,0.0
0.0,-0.0777371484846,2.53938162278,-1.26525840909,0.0
0.0,0.15587891845,-0.0398943837517,0.480586758428,0.0
1.0,1.05643079444,-0.404239566262,0.127011033111,3.0
0.0,0.162964213111,-0.134180210677,-0.206984589098,0.0
1.0,0.214206050545,1.51935874564,-0.0310252751473,1.0
1.0,0.169999257196,2.67336394615,1.8223504709,2.0
1.0,0.56679048304,0.410547600061,0.16301964556,1.0
0.0,-0.0454794717378,-1.58242797402,0.551964259332,0.0
1.0,1.55142645999,1.81683701143,0.655901971738,1.0
0.0,-0.0607646345373,-1.3805987059,-0.114472371799,0.0
1.0,0.598435820576,0.563844558493,1.1477559074,1.0
0.0,0.0957791614473,-0.257620485511,-0.761824671659,0.0
0.0,0.0207603351401,-0.0696334533001,0.210367113541,0.0
1.0,0.170164866003,1.68916445707,2.53033456435,1.0
0.0,-0.109551938885,-0.683634282286,-0.778094785833,0.0
0.0,-0.0880754089603,-0.273729252167,1.17181014327,1.0
1.0,1.49817482669,0.985729647051,2.49809763349,1.0
1.0,-0.000839579146983,1.14959795752,0.183845010972,1.0
1.0,0.577113969768,1.09782717471,-0.455054605091,1.0
1.0,0.0649280343334,1.43600577522,1.30196090017,2.0
0.0,0.0377994385938,1.84383950964,0.452592477233,1.0
1.0,0.107036516023,0.392634115651,1.86860321916,0.0
0.0,0.127189242194,0.453585523509,0.0348075404998,1.0
0.0,-0.0110812560279,-1.58222316675,-0.802199408035,0.0
1.0,0.404177825095,1.05022769917,-0.147159511012,2.0
1.0,0.945957725722,1.479507548,2.08990495909,1.0
0.0,0.0337957528232,0.72894119457,-0.571183974084,0.0
1.0,0.089130368687,-0.692350774234,0.0438287994604,1.0
1.0,0.268064076798,0.340960725111,1.95580274511,1.0
0.0,0.0618886298023,-0.574100675284,-0.484258351931,0.0
1.0,2.29106339358,1.53641389989,0.95407117126,1.0
1.0,0.137225261468,2.03388105492,0.983431590177,2.0
1.0,0.633985941384,0.592539892708,1.68332451152,1.0
0.0,-0.151891082509,0.907962313627,0.59074433551,0.0
1.0,0.206971173685,1.12347980916,0.779886268745,1.0
1.0,0.746463467745,0.875714222838,1.0636490615,1.0
1.0,0.702691441048,0.788615770182,0.628220988477,1.0
1.0,0.0591871010659,1.7466113646,-0.477612406919,1.0
1.0,0.920995247734,1.32557781679,1.2576008574,1.0
0.0,0.835943322532,3.27582542765,2.89219176083,1.0
1.0,0.112778025063,-0.852224642997,-0.883719140691,0.0
1.0,2.91559930615,1.51810170203,0.226970290397,1.0
1.0,0.300129728115,0.470798990188,0.129272228356,2.0
0.0,0.0990166238959,-0.869286986989,0.724591778723,1.0
1.0,1.60956270797,0.989132862965,1.4484854542,1.0
1.0,1.29008030659,1.13735247941,0.841462307584,1.0
1.0,0.0616674012137,3.91817355506,0.081980938361,1.0
0.0,-0.0649826885497,-0.184145815683,0.0923767916399,0.0
0.0,0.00841682301857,-1.13017872948,-1.56462212734,0.0
1.0,0.60778625257,1.27301071749,1.14342656686,1.0
1.0,0.503886898707,-1.07464003755,1.87152438609,1.0
0.0,-0.026864575331,-0.0919567826043,-1.25119913663,1.0
1.0,0.510964390786,1.0160252823,-0.53251827683,1.0
1.0,1.11108527987,1.79460038295,2.57943789169,1.0
0.0,1.83121065347,1.97362224943,0.388240360495,1.0
1.0,0.360186098635,0.496430381092,2.13594784594,2.0
0.0,-0.0246383402515,-0.15061401463,-0.153997665198,0.0
0.0,0.0986376505906,-0.766120830611,-0.161954816941,0.0
0.0,-0.0711973227259,-1.12806255481,0.438412699497,0.0
1.0,0.791465738872,1.30989477938,0.116001143254,1.0
0.0,-0.0160631119525,-1.2735855486,0.132497143496,0.0
0.0,-0.0484173951249,-0.414626900572,-0.381489414824,0.0
0.0,-0.0966246319753,-0.995173959899,-1.32049344341,0.0
1.0,0.984679173337,1.54968318629,1.33748207473,1.0
1.0,0.801585802078,2.80143009927,0.736692193122,1.0
0.0,-0.000928856156782,-1.3015879828,-0.157024828445,1.0
0.0,0.0306981072686,-1.8530184829,-1.21016094341,0.0
1.0,1.15665322833,0.87511311465,2.59140036776,1.0
0.0,-0.0342878861558,0.0156977959578,0.876714186386,0.0
0.0,0.0278348634645,0.218659306757,0.964155884172,0.0
0.0,-0.0509213362599,-0.446320515234,-0.305444702442,0.0
0.0,-0.0846359719887,-0.200639298825,-1.7291828895,0.0
0.0,-0.0584907653418,0.367510410541,1.95291738249,1.0
0.0,-0.0478758571522,1.04043089264,-0.0610975080059,1.0
1.0,0.0359475797547,-1.95504877032,-0.74879979602,0.0
1.0,1.4316962251,0.631060560969,1.41680157448,1.0
0.0,-0.0716043436276,0.213808793941,1.167120788,0.0
0.0,0.851291339547,0.0820238953893,0.976949443915,1.0
1.0,1.8233079004,2.73116963177,2.27857516794,1.0
0.0,0.039579884871,-0.635409880229,1.08299993852,0.0
1.0,0.738677240776,0.958707312993,-0.0763811874021,2.0
1.0,0.128409579395,0.556022096842,-0.673790105659,0.0
1.0,0.37500246988,0.408715211198,1.95753716328,2.0
0.0,-0.23869298702,-1.8465730478,-2.71261256381,0.0
0.0,-0.049587817201,-0.428654526917,-0.149455693165,0.0
0.0,0.109730018754,1.02944055593,-1.43083120162,0.0
1.0,1.7265854049,0.663104873215,0.523446198566,1.0
1.0,0.0715558189685,0.153565698541,0.701179910971,1.0
1.0,0.494431127661,1.9256722095,0.641755622092,1.0
0.0,0.0243657223703,-0.330774896023,-0.552261252113,0.0
1.0,0.316424023504,0.48983918635,-0.0971436496288,2.0
0.0,-0.0985539600721,0.149456089663,2.29191126682,0.0
1.0,1.18189144135,1.77075020962,2.86746200416,1.0
0.0,0.0110535317474,2.38171353173,-1.16206582026,1.0
0.0,-0.0626315276183,0.827236107657,1.5821167513,0.0
0.0,0.0494063918976,1.15983996639,-0.399465490473,0.0
0.0,-0.28546266629,-0.505966198988,0.129187473332,0.0
1.0,0.814713401882,-0.0258681059695,0.936726040103,1.0
0.0,-0.112605396091,0.0623313496191,-0.659748641254,1.0
1.0,1.15785959905,1.10716991526,1.98385234361,1.0
0.0,-0.053804775849,-1.07851274136,0.125886530577,0.0
1.0,1.74700848954,0.824705470096,0.523448576781,1.0
0.0,-0.185933677166,0.399317601719,-1.3045894438,0.0
0.0,0.00454914763308,0.360393395018,-0.893595013719,0.0
0.0,1.83763255109,1.50428785338,-0.641380115602,2.0
0.0,0.185664743656,0.290964730137,0.0122235484152,0.0
0.0,-0.0481765971093,-0.50700865927,-1.19666559228,0.0
1.0,0.767749321117,0.486099373351,0.734439487481,1.0
1.0,0.541093044501,-0.198951397994,2.37010185361,1.0
0.0,-0.239195620431,1.78477503919,1.19929957292,0.0
1.0,0.0844774375782,0.0134503646193,-0.0322768941026,1.0
1.0,1.36998011463,0.775146944205,0.912915273857,1.0
0.0,0.11785126898,-0.928792081452,1.87987454942,0.0
0.0,-0.137340288897,2.93565790233,0.520756120359,0.0
0.0,0.0519902139529,-1.07332803222,-0.327806459877,0.0
1.0,1.03373275018,0.571152074394,-0.42601811712,1.0
1.0,1.29158946613,1.41583683629,1.39387321816,1.0
0.0,0.0276581505591,0.600212965744,0.829323772583,0.0
0.0,0.000855608082435,0.957932055216,-0.631651524514,1.0
0.0,-0.157088145713,1.80760850777,0.291202755138,0.0
1.0,2.16136516668,1.50615765546,0.636426705085,1.0
0.0,-0.0610857639805,-1.05603079997,-0.184032399199,0.0
0.0,0.0504483256383,-0.256945125122,-2.48782205756,0.0
1.0,1.12415214035,1.30783237251,0.778218596284,2.0
1.0,-0.117945966451,2.06822604151,0.969369302408,1.0
1.0,1.15095271312,-0.397805478424,0.368597444433,1.0
0.0,-0.0347302288958,1.20257650523,0.0525263682153,1.0
0.0,0.145327547604,0.179914369546,-0.755950706692,0.0
0.0,-0.00782306590585,0.837830535229,0.360441676293,1.0
1.0,-0.171690455389,0.898005283364,0.783476802464,1.0
1.0,2.95760981564,0.157567369874,0.060758459318,1.0
1.0,1.6096100271,1.7508727794,2.33255146767,1.0
0.0,0.0698688813517,0.654431027106,0.928932013532,1.0
1.0,0.17532282415,1.97205696574,0.395093236072,1.0
0.0,-0.154311822794,-0.0133046353786,0.497788309418,0.0
0.0,0.0164294765371,-0.59982202332,0.53741200282,0.0
1.0,0.952778511325,-0.558786995024,1.64230123501,1.0
0.0,0.0492986458514,0.819373268139,-1.694255896,0.0
0.0,-0.00575177530055,0.423889482444,1.00660654103,1.0
0.0,0.107534340196,-0.965782632864,-0.569698962926,0.0
0.0,0.0210668465203,-0.538573673297,-0.357827933441,1.0
0.0,0.0209534230263,-0.466758811951,2.63788175226,0.0
1.0,0.948955807871,-0.482984431982,1.30187338072,1.0
0.0,0.023384802579,-0.817682396605,-0.386322475447,0.0
1.0,0.25163376144,-0.133830356806,-1.20529437276,1.0
1.0,0.797462121451,0.587520988112,2.38976413395,1.0
0.0,0.142449582125,-0.73869749833,-1.34520967081,0.0
0.0,-0.00917060241451,-1.62700492087,-1.0034389035,0.0
0.0,-0.0887769511539,2.02259023057,-0.331352299088,0.0
1.0,0.337873644004,2.25254073103,2.4164117917,1.0
0.0,-0.0286794235738,-0.77901942152,0.773239986666,0.0
0.0,0.980565863742,1.27242139665,0.84216249016,1.0
1.0,-0.0291758632259,0.417465089821,0.308292063639,0.0
1.0,0.659434209339,2.19108585477,0.399614307129,1.0
0.0,0.0493560204334,-0.81860502666,0.139653689565,0.0
0.0,0.029089705759,1.09210678398,0.0733367447781,0.0
1.0,0.178454720973,0.452094695793,1.96876989568,1.0
1.0,0.119321548516,-0.335862404169,1.96717812244,1.0
0.0,0.0929409984791,0.724136559314,0.493977382206,0.0
1.0,0.202453978657,2.29075842412,0.637652442454,1.0
0.0,-0.0523731302771,2.58790897353,0.74182229439,0.0
1.0,0.745550127398,-0.19972526509,0.908031533797,1.0
1.0,0.613161730418,1.69891968508,-0.0819143687131,1.0
0.0,-0.202179863996,-0.409801243794,-0.403287791911,0.0
1.0,-0.0101280718702,0.783358710524,0.0845269837843,0.0
0.0,-0.0598437580581,-1.47048955123,0.910215783665,0.0
1.0,0.0376377081493,-0.262769775699,0.816471827843,1.0
1.0,0.0727855198592,0.224125176834,-0.20919871124,1.0
0.0,0.0363970630853,0.0789640456681,0.0567416832968,1.0
0.0,0.209319793221,-0.641081266538,0.113456040057,1.0
1.0,-0.121156862792,1.65905434391,1.1858376289,1.0
1.0,2.26832164894,2.02689461826,1.91987151595,1.0
1.0,0.973765801604,1.59957754125,2.01892324009,1.0
0.0,-0.0779092739377,1.61878763966,-0.594210872382,0.0
0.0,0.0203235954586,0.415826629455,-0.616143458049,0.0
0.0,-0.0457633249338,-1.21689671034,-1.04019871096,0.0
1.0,0.230235839973,2.36337651354,1.69881567028,1.0
1.0,0.15091310134,-0.605156235606,1.44882010834,0.0
1.0,0.348599497185,1.91041849969,0.684918072091,2.0
0.0,0.0508608373233,1.57373421656,-0.241430564725,0.0
1.0,2.44477772454,1.45668801073,2.4667825569,2.0
1.0,1.1285597196,-0.496158813165,1.50555785322,2.0
1.0,0.317176660048,0.0817878334902,1.4362357048,1.0
0.0,0.120660815486,1.32274446689,-1.19091650597,0.0
0.0,-0.152716785659,-0.169122685643,0.678728069279,0.0
0.0,-0.105508936818,0.0795735349422,-0.92913634051,0.0
1.0,0.958133653566,1.75882441616,-0.134020185935,1.0
1.0,1.05488503211,1.69632286208,0.653228423233,1.0
1.0,1.05806219765,1.27879981239,0.414207276551,1.0
1.0,0.296193018113,0.79133162878,0.778400305615,1.0
1.0,0.801363836117,0.687331554268,-0.440981634525,1.0
0.0,-0.0974121846216,0.857898825291,0.958816306468,0.0
1.0,1.09609547532,1.55356953107,2.12768629452,1.0
0.0,-0.130736978223,-0.257300000618,-1.94734247414,0.0
0.0,-0.159787213449,1.08211231299,0.978457805667,0.0
1.0,0.469003700869,0.87096588487,0.189471370178,1.0
0.0,0.073195550251,-0.851662174334,0.856975536983,0.0
0.0,-0.0196921807997,-0.758970698903,-0.0684464926664,0.0
1.0,-0.0461444351998,0.0212591636902,1.02877556408,2.0
0.0,0.00443587975156,-0.272410016604,-0.185097649421,0.0
1.0,0.274903169546,2.23372427834,2.21212920423,1.0
0.0,0.0494705653775,-0.805095181031,-1.23958801253,0.0
1.0,0.0383435031404,0.188475761018,0.607840338735,1.0
0.0,-0.0409308474096,-0.656689345627,1.10133016489,0.0
0.0,0.10059245118,-0.260309041271,0.71634008054,0.0
1.0,-0.0588447608896,-0.510041211985,3.32469891432,1.0
0.0,0.112790899325,-0.220538229157,-0.528946762725,0.0
1.0,1.13730722279,0.806294620195,1.95730482259,1.0
0.0,-0.0336552589878,0.540287944036,-0.106090635341,0.0
1.0,0.194144095487,1.22328091326,2.23340607635,3.0
1.0,0.893341813155,-0.198392124952,0.992311004279,1.0
1.0,1.6709888147,2.08419824404,0.612124218138,1.0
0.0,-0.107667912747,0.210303040222,1.30607220387,0.0
0.0,-0.0762519239147,0.198393517177,-0.491561939019,0.0
0.0,0.103630289207,-0.00918235338514,-1.4127257589,1.0
1.0,-0.0571496525995,0.482242552778,0.483153116826,1.0
0.0,0.0900533077332,0.217802339749,0.619032946589,0.0
0.0,0.169943598301,0.475588435929,1.39203875159,0.0
1.0,0.794571823631,-0.746895691346,1.1111293753,2.0
0.0,0.0681362326575,-0.538760837346,1.31819706723,0.0
1.0,1.43036055856,0.745053029596,-0.358174921478,1.0
0.0,0.0754733298068,0.256170605694,-0.443263464818,0.0
0.0,0.0199423985987,1.19331100593,-0.288575117154,0.0
1.0,1.44689847336,0.228259185403,0.885440572527,2.0
1.0,-0.0645572072035,-0.497961846818,0.0840943882502,0.0
1.0,1.19971581386,0.487465889353,1.69091095739,1.0
0.0,0.050325206475,-0.801527590105,-0.44480683817,0.0
0.0,-0.206340315248,-0.347186495112,0.139028686953,0.0
1.0,1.7646257737,1.77080221999,0.954877109676,1.0
1.0,0.800197100457,-0.0538354953643,0.0741100961089,2.0
1.0,0.261871050399,1.42781439515,0.886333310919,1.0
0.0,0.194834264479,-1.70190223002,-0.143659529897,1.0
1.0,1.33251148798,0.438662003558,0.834919434997,1.0
0.0,-0.0653898388326,-0.329489300218,0.0317594565815,0.0
0.0,0.00273133798514,1.67485967291,0.0756735406134,0.0
0.0,0.279647579352,0.725197695247,0.567704820893,1.0
0.0,-0.158217676335,-2.20124347345,1.27271473397,1.0
1.0,0.584891398411,-0.998888906861,-0.169480629203,2.0
0.0,-0.056076090698,0.0340295863467,-0.72097010847,0.0
