,X5_10,X7_13,X7_14,X7_15,X7_16,X7_17,X7_18,X7_19,X7_20,X7_21,X7_22,X7_23,X7_24,X7_25,X7_26,X7_27,X7_28,X7_29,X7_30,X7_31,X3_12,X3_13,X1_31,X1_32,X1_33,X1_34,X1_35,X1_36,X1_37,X1_38,X1_39,X1_40,X1_41,X5_9,X5_10,X5_11,X5_12,X5_13,X5_14,X5_15,X5_16,X5_17,X5_18,X5_19,X5_20,X5_21,X5_22,X5_23,X5_24,X5_25,X5_26
59,0.731,0.759,0.731,0.863,0.971,0.814,0.791,0.763,0.795,0.774,0.723,0.732,0.76,0.813,0.827,0.808,0.77,0.793,0.725,0.775,0.525,0.496,0.243,0.242,0.241,0.24,0.239,0.238,0.236,0.235,0.234,0.233,0.162,0.698,0.731,0.749,0.775,0.772,0.756,0.761,0.892,0.79,0.7,0.703,0.73,0.722,0.686,0.681,0.721,0.727,0.732
69,0.725,0.74,0.786,0.821,0.828,0.762,0.737,0.737,0.741,0.739,0.782,0.759,0.731,0.863,0.971,0.814,0.791,0.763,0.795,0.774,0.491,0.509,0.139,0.0,0.0554,0.111,0.131,0.135,0.14,0.132,0.0728,0.244,0.243,0.723,0.725,0.716,0.716,0.72,0.723,0.736,0.754,0.708,0.69,0.698,0.731,0.749,0.775,0.772,0.756,0.761,0.892
79,0.719,0.777,0.767,0.776,0.784,0.804,0.809,0.78,0.808,0.781,0.781,0.74,0.786,0.821,0.828,0.762,0.737,0.737,0.741,0.739,0.603,0.617,0.102,0.101,0.101,0.152,0.203,0.253,0.254,0.239,0.174,0.171,0.139,0.718,0.719,0.72,0.721,0.719,0.706,0.719,0.731,0.743,0.736,0.723,0.725,0.716,0.716,0.72,0.723,0.736,0.754
89,0.676,0.747,0.828,0.836,0.853,0.833,0.805,0.824,0.776,0.789,0.817,0.777,0.767,0.776,0.784,0.804,0.809,0.78,0.808,0.781,0.584,0.767,0.139,0.133,0.128,0.122,0.116,0.11,0.107,0.105,0.104,0.103,0.102,0.653,0.676,0.698,0.686,0.691,0.758,0.766,0.771,0.759,0.725,0.718,0.719,0.72,0.721,0.719,0.706,0.719,0.731
99,0.415,0.698,0.72,0.756,0.76,0.771,0.74,0.757,0.784,0.792,0.722,0.747,0.828,0.836,0.853,0.833,0.805,0.824,0.776,0.789,0.711,0.707,0.212,0.202,0.192,0.182,0.174,0.168,0.162,0.157,0.151,0.145,0.139,0.392,0.415,0.448,0.494,0.524,0.553,0.583,0.596,0.609,0.629,0.653,0.676,0.698,0.686,0.691,0.758,0.766,0.771
109,0.512,0.665,0.678,0.69,0.659,0.633,0.618,0.631,0.643,0.682,0.702,0.698,0.72,0.756,0.76,0.771,0.74,0.757,0.784,0.792,0.598,0.603,0.281,0.289,0.298,0.306,0.314,0.322,0.253,0.243,0.232,0.222,0.212,0.589,0.512,0.483,0.467,0.45,0.434,0.417,0.4,0.361,0.369,0.392,0.415,0.448,0.494,0.524,0.553,0.583,0.596
119,0.936,0.912,0.922,0.883,0.871,0.873,0.83,0.802,0.71,0.705,0.662,0.665,0.678,0.69,0.659,0.633,0.618,0.631,0.643,0.682,0.575,0.569,0.19,0.209,0.217,0.225,0.233,0.241,0.249,0.257,0.265,0.273,0.281,0.909,0.936,0.915,0.895,0.875,0.856,0.837,0.795,0.727,0.659,0.589,0.512,0.483,0.467,0.45,0.434,0.417,0.4
129,0.717,0.778,0.742,0.754,0.732,0.737,0.782,0.851,0.911,0.933,0.962,0.912,0.922,0.883,0.871,0.873,0.83,0.802,0.71,0.705,0.582,0.574,0.282,0.269,0.256,0.243,0.23,0.217,0.204,0.191,0.178,0.172,0.19,0.724,0.717,0.71,0.703,0.697,0.713,0.736,0.758,0.809,0.862,0.909,0.936,0.915,0.895,0.875,0.856,0.837,0.795
139,0.7,0.753,0.704,0.74,0.777,0.798,0.803,0.809,0.797,0.786,0.766,0.778,0.742,0.754,0.732,0.737,0.782,0.851,0.911,0.933,0.572,0.575,0.415,0.416,0.417,0.418,0.418,0.383,0.333,0.32,0.307,0.295,0.282,0.709,0.7,0.69,0.68,0.671,0.669,0.719,0.739,0.738,0.731,0.724,0.717,0.71,0.703,0.697,0.713,0.736,0.758
149,0.708,0.755,0.778,0.768,0.784,0.792,0.786,0.775,0.783,0.775,0.742,0.753,0.704,0.74,0.777,0.798,0.803,0.809,0.797,0.786,0.607,0.602,0.282,0.279,0.277,0.274,0.272,0.269,0.305,0.346,0.388,0.415,0.415,0.713,0.708,0.707,0.706,0.713,0.725,0.736,0.738,0.728,0.719,0.709,0.7,0.69,0.68,0.671,0.669,0.719,0.739
159,0.713,0.77,0.784,0.809,0.818,0.806,0.772,0.778,0.767,0.741,0.758,0.755,0.778,0.768,0.784,0.792,0.786,0.775,0.783,0.775,0.615,0.64,0.307,0.305,0.302,0.3,0.297,0.295,0.292,0.29,0.287,0.285,0.282,0.718,0.713,0.708,0.704,0.72,0.741,0.762,0.755,0.741,0.727,0.713,0.708,0.707,0.706,0.713,0.725,0.736,0.738
169,0.728,0.725,0.76,0.776,0.774,0.787,0.784,0.816,0.778,0.748,0.754,0.77,0.784,0.809,0.818,0.806,0.772,0.778,0.767,0.741,0.368,0.431,0.271,0.272,0.273,0.274,0.275,0.276,0.275,0.27,0.312,0.31,0.307,0.734,0.728,0.696,0.694,0.698,0.705,0.712,0.71,0.726,0.722,0.718,0.713,0.708,0.704,0.72,0.741,0.762,0.755
179,0.708,0.74,0.727,0.714,0.768,0.753,0.746,0.77,0.77,0.728,0.723,0.725,0.76,0.776,0.774,0.787,0.784,0.816,0.778,0.748,0.395,0.342,0.282,0.28,0.278,0.304,0.285,0.315,0.302,0.28,0.27,0.27,0.271,0.702,0.708,0.718,0.73,0.723,0.718,0.727,0.734,0.741,0.74,0.734,0.728,0.696,0.694,0.698,0.705,0.712,0.71
189,0.724,0.755,0.766,0.756,0.752,0.717,0.746,0.732,0.707,0.733,0.753,0.74,0.727,0.714,0.768,0.753,0.746,0.77,0.77,0.728,0.152,0.143,0.3,0.3,0.298,0.296,0.294,0.292,0.29,0.288,0.286,0.284,0.282,0.722,0.724,0.723,0.723,0.71,0.709,0.705,0.699,0.693,0.695,0.702,0.708,0.718,0.73,0.723,0.718,0.727,0.734
199,0.711,0.755,0.724,0.719,0.745,0.77,0.78,0.773,0.781,0.759,0.749,0.755,0.766,0.756,0.752,0.717,0.746,0.732,0.707,0.733,0.123,0.121,0.257,0.262,0.266,0.27,0.274,0.279,0.283,0.287,0.291,0.296,0.3,0.713,0.711,0.71,0.706,0.708,0.71,0.713,0.715,0.717,0.72,0.722,0.724,0.723,0.723,0.71,0.709,0.705,0.699
209,0.71,0.729,0.756,0.763,0.787,0.76,0.751,0.764,0.746,0.773,0.777,0.755,0.724,0.719,0.745,0.77,0.78,0.773,0.781,0.759,0.232,0.253,0.284,0.275,0.265,0.256,0.247,0.238,0.24,0.245,0.249,0.253,0.257,0.712,0.71,0.709,0.714,0.728,0.742,0.731,0.719,0.716,0.714,0.713,0.711,0.71,0.706,0.708,0.71,0.713,0.715
219,0.724,0.747,0.755,0.751,0.746,0.745,0.73,0.704,0.706,0.71,0.737,0.729,0.756,0.763,0.787,0.76,0.751,0.764,0.746,0.773,0.181,0.176,0.282,0.277,0.272,0.27,0.274,0.278,0.282,0.286,0.29,0.293,0.284,0.725,0.724,0.723,0.722,0.721,0.72,0.718,0.717,0.715,0.714,0.712,0.71,0.709,0.714,0.728,0.742,0.731,0.719
229,0.718,0.75,0.732,0.739,0.783,0.773,0.799,0.765,0.774,0.773,0.754,0.747,0.755,0.751,0.746,0.745,0.73,0.704,0.706,0.71,0.242,0.332,0.222,0.213,0.32,0.315,0.31,0.305,0.301,0.296,0.291,0.286,0.282,0.723,0.718,0.713,0.685,0.694,0.704,0.716,0.722,0.725,0.725,0.725,0.724,0.723,0.722,0.721,0.72,0.718,0.717
239,0.699,0.79,0.816,0.763,0.697,0.751,0.772,0.759,0.772,0.764,0.74,0.75,0.732,0.739,0.783,0.773,0.799,0.765,0.774,0.773,0.184,0.173,0.241,0.24,0.24,0.239,0.239,0.238,0.238,0.237,0.237,0.23,0.222,0.675,0.699,0.718,0.728,0.731,0.729,0.708,0.676,0.709,0.723,0.723,0.718,0.713,0.685,0.694,0.704,0.716,0.722
249,0.727,0.73,0.728,0.776,0.78,0.741,0.701,0.688,0.719,0.725,0.75,0.79,0.816,0.763,0.697,0.751,0.772,0.759,0.772,0.764,0.138,0.156,0.256,0.248,0.244,0.244,0.244,0.243,0.243,0.242,0.242,0.241,0.241,0.737,0.727,0.717,0.715,0.733,0.751,0.746,0.728,0.71,0.693,0.675,0.699,0.718,0.728,0.731,0.729,0.708,0.676
259,0.803,0.766,0.786,0.783,0.805,0.784,0.781,0.737,0.728,0.708,0.671,0.73,0.728,0.776,0.78,0.741,0.701,0.688,0.719,0.725,0.493,0.465,0.295,0.3,0.305,0.309,0.302,0.294,0.286,0.279,0.271,0.264,0.256,0.802,0.803,0.798,0.793,0.789,0.784,0.779,0.775,0.764,0.747,0.737,0.727,0.717,0.715,0.733,0.751,0.746,0.728
269,0.709,0.706,0.703,0.667,0.656,0.708,0.774,0.776,0.779,0.747,0.773,0.766,0.786,0.783,0.805,0.784,0.781,0.737,0.728,0.708,0.415,0.419,0.249,0.253,0.258,0.263,0.267,0.272,0.277,0.281,0.286,0.291,0.295,0.719,0.709,0.71,0.717,0.723,0.726,0.72,0.725,0.777,0.8,0.802,0.803,0.798,0.793,0.789,0.784,0.779,0.775
279,0.72,0.695,0.7,0.735,0.733,0.747,0.709,0.736,0.731,0.731,0.739,0.706,0.703,0.667,0.656,0.708,0.774,0.776,0.779,0.747,0.235,0.235,0.309,0.299,0.29,0.28,0.27,0.261,0.251,0.241,0.239,0.244,0.249,0.708,0.72,0.701,0.716,0.724,0.708,0.722,0.732,0.753,0.697,0.719,0.709,0.71,0.717,0.723,0.726,0.72,0.725
289,0.749,0.727,0.764,0.78,0.767,0.752,0.721,0.722,0.722,0.706,0.704,0.695,0.7,0.735,0.733,0.747,0.709,0.736,0.731,0.731,0.0535,0.00547,0.233,0.314,0.298,0.282,0.266,0.259,0.289,0.319,0.328,0.319,0.309,0.738,0.749,0.75,0.727,0.692,0.716,0.713,0.71,0.708,0.705,0.708,0.72,0.701,0.716,0.724,0.708,0.722,0.732
299,0.696,0.763,0.716,0.72,0.697,0.69,0.761,0.761,0.788,0.804,0.805,0.727,0.764,0.78,0.767,0.752,0.721,0.722,0.722,0.706,0.218,0.233,0.293,0.29,0.285,0.278,0.272,0.266,0.259,0.253,0.246,0.24,0.233,0.681,0.696,0.718,0.713,0.727,0.715,0.729,0.708,0.725,0.737,0.738,0.749,0.75,0.727,0.692,0.716,0.713,0.71
309,0.734,0.771,0.779,0.775,0.752,0.765,0.742,0.721,0.732,0.735,0.758,0.763,0.716,0.72,0.697,0.69,0.761,0.761,0.788,0.804,0.0537,0.0103,0.288,0.29,0.292,0.294,0.296,0.298,0.3,0.3,0.298,0.295,0.293,0.715,0.734,0.709,0.711,0.715,0.717,0.749,0.678,0.707,0.71,0.681,0.696,0.718,0.713,0.727,0.715,0.729,0.708
319,0.72,0.751,0.757,0.74,0.732,0.726,0.727,0.728,0.77,0.759,0.764,0.771,0.779,0.775,0.752,0.765,0.742,0.721,0.732,0.735,0.0189,0.0212,0.267,0.269,0.271,0.273,0.275,0.277,0.279,0.282,0.284,0.286,0.288,0.719,0.72,0.718,0.714,0.698,0.691,0.712,0.71,0.707,0.74,0.715,0.734,0.709,0.711,0.715,0.717,0.749,0.678
329,0.727,0.726,0.744,0.742,0.735,0.766,0.767,0.778,0.782,0.766,0.75,0.751,0.757,0.74,0.732,0.726,0.727,0.728,0.77,0.759,0.0594,0.0412,0.259,0.258,0.258,0.258,0.257,0.257,0.259,0.261,0.263,0.265,0.267,0.727,0.727,0.719,0.716,0.694,0.712,0.714,0.716,0.718,0.719,0.719,0.72,0.718,0.714,0.698,0.691,0.712,0.71
339,0.738,0.792,0.798,0.779,0.786,0.773,0.759,0.749,0.756,0.754,0.754,0.726,0.744,0.742,0.735,0.766,0.767,0.778,0.782,0.766,0.18,0.168,0.263,0.262,0.262,0.262,0.261,0.261,0.26,0.26,0.26,0.259,0.259,0.749,0.738,0.731,0.724,0.728,0.738,0.729,0.718,0.719,0.722,0.727,0.727,0.719,0.716,0.694,0.712,0.714,0.716
349,0.741,0.792,0.811,0.8,0.813,0.839,0.824,0.804,0.804,0.807,0.785,0.792,0.798,0.779,0.786,0.773,0.759,0.749,0.756,0.754,0.366,0.337,0.239,0.246,0.253,0.258,0.263,0.265,0.264,0.264,0.263,0.263,0.263,0.733,0.741,0.734,0.738,0.742,0.746,0.753,0.761,0.769,0.763,0.749,0.738,0.731,0.724,0.728,0.738,0.729,0.718
359,0.73,0.854,0.83,0.83,0.83,0.788,0.831,0.865,0.852,0.835,0.812,0.792,0.811,0.8,0.813,0.839,0.824,0.804,0.804,0.807,0.459,0.439,0.214,0.235,0.264,0.238,0.212,0.204,0.211,0.218,0.225,0.232,0.239,0.73,0.73,0.729,0.729,0.728,0.721,0.713,0.704,0.695,0.711,0.733,0.741,0.734,0.738,0.742,0.746,0.753,0.761
369,0.75,0.826,0.85,0.837,0.847,0.843,0.842,0.841,0.84,0.808,0.83,0.854,0.83,0.83,0.83,0.788,0.831,0.865,0.852,0.835,0.494,0.515,0.245,0.242,0.238,0.235,0.232,0.229,0.226,0.223,0.22,0.217,0.214,0.761,0.75,0.738,0.73,0.73,0.73,0.73,0.73,0.73,0.73,0.73,0.73,0.729,0.729,0.728,0.721,0.713,0.704
379,0.814,0.899,0.889,0.869,0.867,0.888,0.88,0.889,0.874,0.9,0.862,0.826,0.85,0.837,0.847,0.843,0.842,0.841,0.84,0.808,0.678,0.664,0.227,0.224,0.221,0.22,0.219,0.217,0.216,0.215,0.214,0.213,0.245,0.815,0.814,0.814,0.809,0.804,0.801,0.798,0.796,0.784,0.773,0.761,0.75,0.738,0.73,0.73,0.73,0.73,0.73
389,0.844,0.936,0.935,0.932,0.945,0.884,0.865,0.899,0.899,0.889,0.877,0.899,0.889,0.869,0.867,0.888,0.88,0.889,0.874,0.9,0.674,0.673,0.253,0.25,0.248,0.245,0.243,0.24,0.237,0.235,0.232,0.229,0.227,0.84,0.844,0.841,0.835,0.83,0.824,0.818,0.815,0.815,0.815,0.815,0.814,0.814,0.809,0.804,0.801,0.798,0.796
399,0.808,0.881,0.883,0.891,0.906,0.882,0.869,0.86,0.894,0.945,0.926,0.936,0.935,0.932,0.945,0.884,0.865,0.899,0.899,0.889,0.679,0.707,0.217,0.221,0.224,0.228,0.232,0.235,0.239,0.242,0.246,0.249,0.253,0.802,0.808,0.812,0.815,0.818,0.822,0.825,0.829,0.833,0.836,0.84,0.844,0.841,0.835,0.83,0.824,0.818,0.815
409,0.692,0.829,0.871,0.911,0.911,0.864,0.921,0.904,0.898,0.878,0.873,0.881,0.883,0.891,0.906,0.882,0.869,0.86,0.894,0.945,0.672,0.708,0.221,0.22,0.219,0.218,0.217,0.216,0.215,0.214,0.213,0.214,0.217,0.702,0.692,0.748,0.774,0.8,0.818,0.815,0.812,0.805,0.794,0.802,0.808,0.812,0.815,0.818,0.822,0.825,0.829
419,0.703,0.806,0.825,0.859,0.869,0.906,0.806,0.785,0.787,0.794,0.789,0.829,0.871,0.911,0.911,0.864,0.921,0.904,0.898,0.878,0.508,0.511,0.235,0.233,0.232,0.23,0.228,0.226,0.224,0.223,0.222,0.222,0.221,0.704,0.703,0.707,0.712,0.716,0.724,0.761,0.754,0.763,0.712,0.702,0.692,0.748,0.774,0.8,0.818,0.815,0.812
429,0.724,0.821,0.809,0.824,0.837,0.869,0.825,0.828,0.817,0.8,0.842,0.806,0.825,0.859,0.869,0.906,0.806,0.785,0.787,0.794,0.395,0.381,0.221,0.238,0.255,0.268,0.263,0.258,0.253,0.248,0.243,0.238,0.235,0.729,0.724,0.721,0.718,0.715,0.713,0.723,0.727,0.72,0.712,0.704,0.703,0.707,0.712,0.716,0.724,0.761,0.754
439,0.725,0.805,0.758,0.8,0.832,0.846,0.888,0.847,0.824,0.834,0.828,0.821,0.809,0.824,0.837,0.869,0.825,0.828,0.817,0.8,0.554,0.517,0.237,0.237,0.237,0.231,0.215,0.199,0.183,0.169,0.186,0.203,0.221,0.729,0.725,0.722,0.718,0.715,0.711,0.719,0.727,0.735,0.738,0.729,0.724,0.721,0.718,0.715,0.713,0.723,0.727
449,0.709,0.761,0.757,0.788,0.787,0.786,0.827,0.807,0.791,0.803,0.804,0.805,0.758,0.8,0.832,0.846,0.888,0.847,0.824,0.834,0.548,0.534,0.237,0.237,0.237,0.237,0.237,0.237,0.237,0.237,0.237,0.237,0.237,0.707,0.709,0.71,0.712,0.714,0.715,0.717,0.719,0.733,0.733,0.729,0.725,0.722,0.718,0.715,0.711,0.719,0.727
459,0.725,0.747,0.767,0.81,0.815,0.797,0.783,0.754,0.744,0.787,0.796,0.761,0.757,0.788,0.787,0.786,0.827,0.807,0.791,0.803,0.332,0.454,0.224,0.226,0.227,0.229,0.23,0.231,0.233,0.234,0.236,0.237,0.237,0.736,0.725,0.714,0.698,0.697,0.717,0.729,0.723,0.716,0.709,0.707,0.709,0.71,0.712,0.714,0.715,0.717,0.719
469,0.731,0.785,0.794,0.818,0.841,0.85,0.868,0.821,0.798,0.791,0.75,0.747,0.767,0.81,0.815,0.797,0.783,0.754,0.744,0.787,0.528,0.542,0.215,0.215,0.216,0.217,0.218,0.219,0.219,0.22,0.222,0.223,0.224,0.729,0.731,0.72,0.71,0.7,0.712,0.73,0.749,0.758,0.747,0.736,0.725,0.714,0.698,0.697,0.717,0.729,0.723
479,0.715,0.819,0.828,0.802,0.799,0.795,0.804,0.83,0.852,0.831,0.789,0.785,0.794,0.818,0.841,0.85,0.868,0.821,0.798,0.791,0.492,0.536,0.242,0.226,0.21,0.209,0.21,0.211,0.211,0.212,0.213,0.214,0.215,0.71,0.715,0.721,0.723,0.72,0.717,0.714,0.717,0.721,0.725,0.729,0.731,0.72,0.71,0.7,0.712,0.73,0.749
489,0.707,0.802,0.796,0.817,0.835,0.795,0.819,0.816,0.813,0.83,0.82,0.819,0.828,0.802,0.799,0.795,0.804,0.83,0.852,0.831,0.452,0.442,0.21,0.216,0.221,0.227,0.232,0.238,0.244,0.249,0.262,0.258,0.242,0.696,0.707,0.718,0.728,0.731,0.705,0.715,0.723,0.7,0.705,0.71,0.715,0.721,0.723,0.72,0.717,0.714,0.717
499,0.709,0.813,0.82,0.836,0.804,0.827,0.815,0.771,0.786,0.783,0.798,0.802,0.796,0.817,0.835,0.795,0.819,0.816,0.813,0.83,0.518,0.472,0.185,0.183,0.181,0.178,0.176,0.182,0.188,0.193,0.199,0.204,0.21,0.711,0.709,0.71,0.732,0.76,0.763,0.748,0.74,0.733,0.726,0.696,0.707,0.718,0.728,0.731,0.705,0.715,0.723
509,0.702,0.835,0.843,0.862,0.895,0.839,0.839,0.791,0.77,0.768,0.788,0.813,0.82,0.836,0.804,0.827,0.815,0.771,0.786,0.783,0.582,0.62,0.208,0.206,0.203,0.201,0.199,0.196,0.194,0.192,0.19,0.187,0.185,0.705,0.702,0.695,0.695,0.736,0.759,0.771,0.775,0.793,0.755,0.711,0.709,0.71,0.732,0.76,0.763,0.748,0.74
519,0.708,0.787,0.791,0.802,0.83,0.835,0.85,0.823,0.808,0.809,0.803,0.835,0.843,0.862,0.895,0.839,0.839,0.791,0.77,0.768,0.493,0.506,0.24,0.266,0.258,0.251,0.243,0.235,0.228,0.22,0.212,0.21,0.208,0.707,0.708,0.709,0.709,0.714,0.73,0.715,0.724,0.73,0.737,0.705,0.702,0.695,0.695,0.736,0.759,0.771,0.775
529,0.748,0.839,0.809,0.806,0.782,0.769,0.78,0.795,0.819,0.824,0.801,0.787,0.791,0.802,0.83,0.835,0.85,0.823,0.808,0.809,0.382,0.322,0.189,0.187,0.184,0.182,0.179,0.177,0.174,0.172,0.169,0.193,0.24,0.733,0.748,0.695,0.728,0.741,0.726,0.717,0.711,0.707,0.707,0.707,0.708,0.709,0.709,0.714,0.73,0.715,0.724
539,0.736,0.748,0.757,0.779,0.777,0.758,0.772,0.832,0.8,0.789,0.834,0.839,0.809,0.806,0.782,0.769,0.78,0.795,0.819,0.824,0.263,0.352,0.204,0.206,0.208,0.207,0.204,0.202,0.199,0.197,0.194,0.192,0.189,0.754,0.736,0.732,0.705,0.699,0.72,0.721,0.725,0.709,0.717,0.733,0.748,0.695,0.728,0.741,0.726,0.717,0.711
549,0.727,0.751,0.763,0.791,0.792,0.775,0.818,0.828,0.778,0.782,0.728,0.748,0.757,0.779,0.777,0.758,0.772,0.832,0.8,0.789,0.396,0.405,0.184,0.186,0.188,0.19,0.192,0.194,0.196,0.198,0.2,0.202,0.204,0.743,0.727,0.742,0.68,0.699,0.705,0.71,0.728,0.734,0.727,0.754,0.736,0.732,0.705,0.699,0.72,0.721,0.725
559,0.703,0.793,0.742,0.756,0.784,0.857,0.874,0.837,0.822,0.803,0.788,0.751,0.763,0.791,0.792,0.775,0.818,0.828,0.778,0.782,0.266,0.308,0.168,0.168,0.168,0.169,0.171,0.174,0.176,0.178,0.18,0.182,0.184,0.716,0.703,0.707,0.711,0.698,0.681,0.696,0.735,0.765,0.781,0.743,0.727,0.742,0.68,0.699,0.705,0.71,0.728
569,0.792,0.782,0.777,0.791,0.835,0.9,0.868,0.784,0.783,0.826,0.833,0.793,0.742,0.756,0.784,0.857,0.874,0.837,0.822,0.803,0.749,0.747,0.168,0.168,0.168,0.168,0.168,0.168,0.168,0.168,0.168,0.168,0.168,0.791,0.792,0.799,0.774,0.766,0.761,0.781,0.794,0.801,0.807,0.716,0.703,0.707,0.711,0.698,0.681,0.696,0.735
579,0.983,0.855,0.79,0.755,0.759,0.784,0.791,0.8,0.776,0.792,0.796,0.782,0.777,0.791,0.835,0.9,0.868,0.784,0.783,0.826,0.756,0.743,0.19,0.177,0.168,0.167,0.166,0.165,0.164,0.165,0.167,0.168,0.168,1.0,0.983,0.946,0.919,0.848,0.826,0.819,0.812,0.805,0.798,0.791,0.792,0.799,0.774,0.766,0.761,0.781,0.794
589,0.755,0.637,0.678,0.697,0.737,0.806,0.84,0.96,1.0,0.966,0.879,0.855,0.79,0.755,0.759,0.784,0.791,0.8,0.776,0.792,0.733,0.757,0.226,0.223,0.233,0.244,0.255,0.266,0.255,0.236,0.218,0.204,0.19,0.744,0.755,0.753,0.748,0.796,0.815,0.832,0.862,0.913,0.932,1.0,0.983,0.946,0.919,0.848,0.826,0.819,0.812
599,0.759,0.816,0.797,0.708,0.75,0.716,0.696,0.705,0.654,0.622,0.593,0.637,0.678,0.697,0.737,0.806,0.84,0.96,1.0,0.966,0.375,0.345,0.461,0.381,0.302,0.276,0.269,0.262,0.255,0.247,0.24,0.233,0.226,0.753,0.759,0.773,0.788,0.759,0.745,0.739,0.733,0.73,0.734,0.744,0.755,0.753,0.748,0.796,0.815,0.832,0.862
609,0.726,0.747,0.748,0.752,0.735,0.727,0.757,0.763,0.769,0.806,0.832,0.816,0.797,0.708,0.75,0.716,0.696,0.705,0.654,0.622,0.748,0.752,0.279,0.318,0.356,0.394,0.434,0.476,0.518,0.56,0.603,0.54,0.461,0.702,0.726,0.762,0.793,0.778,0.772,0.768,0.763,0.758,0.755,0.753,0.759,0.773,0.788,0.759,0.745,0.739,0.733
619,0.79,0.995,0.958,0.739,0.66,0.622,0.628,0.661,0.682,0.708,0.745,0.747,0.748,0.752,0.735,0.727,0.757,0.763,0.769,0.806,0.486,0.303,0.295,0.268,0.242,0.226,0.23,0.235,0.239,0.243,0.247,0.252,0.279,0.78,0.79,0.8,0.808,0.803,0.742,0.607,0.615,0.623,0.632,0.702,0.726,0.762,0.793,0.778,0.772,0.768,0.763
629,0.733,0.811,0.802,0.833,0.834,0.794,0.771,0.811,0.817,0.877,0.95,0.995,0.958,0.739,0.66,0.622,0.628,0.661,0.682,0.708,0.704,0.736,0.228,0.238,0.247,0.256,0.265,0.274,0.283,0.292,0.302,0.311,0.295,0.725,0.733,0.736,0.734,0.767,0.772,0.769,0.766,0.763,0.77,0.78,0.79,0.8,0.808,0.803,0.742,0.607,0.615
639,0.692,0.746,0.809,0.848,0.881,0.771,0.787,0.806,0.807,0.764,0.779,0.811,0.802,0.833,0.834,0.794,0.771,0.811,0.817,0.877,0.627,0.74,0.305,0.325,0.346,0.331,0.274,0.234,0.193,0.152,0.17,0.214,0.228,0.701,0.692,0.684,0.675,0.723,0.755,0.759,0.753,0.744,0.734,0.725,0.733,0.736,0.734,0.767,0.772,0.769,0.766
649,0.744,0.681,0.726,0.762,0.764,0.798,0.806,0.793,0.74,0.721,0.693,0.746,0.809,0.848,0.881,0.771,0.787,0.806,0.807,0.764,0.167,0.216,0.254,0.254,0.253,0.253,0.248,0.244,0.239,0.244,0.264,0.285,0.305,0.852,0.744,0.688,0.687,0.691,0.701,0.717,0.726,0.717,0.709,0.701,0.692,0.684,0.675,0.723,0.755,0.759,0.753
659,0.758,0.696,0.668,0.67,0.72,0.818,0.92,0.982,0.834,0.687,0.703,0.681,0.726,0.762,0.764,0.798,0.806,0.793,0.74,0.721,0.623,0.67,0.238,0.242,0.246,0.25,0.254,0.257,0.256,0.256,0.255,0.255,0.254,0.762,0.758,0.754,0.749,0.744,0.739,0.735,0.768,0.812,0.832,0.852,0.744,0.688,0.687,0.691,0.701,0.717,0.726
669,0.75,0.707,0.698,0.709,0.682,0.689,0.722,0.72,0.762,0.736,0.711,0.696,0.668,0.67,0.72,0.818,0.92,0.982,0.834,0.687,0.628,0.656,0.294,0.285,0.276,0.268,0.262,0.257,0.253,0.248,0.244,0.24,0.238,0.75,0.75,0.751,0.752,0.752,0.753,0.753,0.756,0.762,0.765,0.762,0.758,0.754,0.749,0.744,0.739,0.735,0.768
679,0.709,0.686,0.638,0.645,0.653,0.683,0.706,0.706,0.706,0.725,0.704,0.707,0.698,0.709,0.682,0.689,0.722,0.72,0.762,0.736,0.531,0.536,0.249,0.245,0.242,0.238,0.259,0.291,0.323,0.33,0.317,0.303,0.294,0.707,0.709,0.71,0.712,0.714,0.715,0.716,0.717,0.741,0.747,0.75,0.75,0.751,0.752,0.752,0.753,0.753,0.756
689,0.732,0.683,0.686,0.652,0.672,0.65,0.654,0.683,0.679,0.714,0.71,0.686,0.638,0.645,0.653,0.683,0.706,0.706,0.706,0.725,0.393,0.435,0.237,0.237,0.239,0.242,0.245,0.248,0.251,0.254,0.257,0.253,0.249,0.737,0.732,0.726,0.72,0.715,0.709,0.705,0.701,0.698,0.704,0.707,0.709,0.71,0.712,0.714,0.715,0.716,0.717
699,0.758,0.706,0.703,0.674,0.637,0.684,0.69,0.714,0.711,0.691,0.679,0.683,0.686,0.652,0.672,0.65,0.654,0.683,0.679,0.714,0.617,0.579,0.237,0.237,0.237,0.237,0.237,0.237,0.237,0.237,0.237,0.237,0.237,0.716,0.758,0.797,0.768,0.738,0.724,0.722,0.72,0.747,0.743,0.737,0.732,0.726,0.72,0.715,0.709,0.705,0.701
709,0.734,0.701,0.67,0.695,0.672,0.609,0.642,0.645,0.696,0.747,0.76,0.706,0.703,0.674,0.637,0.684,0.69,0.714,0.711,0.691,0.455,0.442,0.234,0.261,0.273,0.237,0.237,0.237,0.237,0.237,0.237,0.237,0.237,0.719,0.734,0.737,0.73,0.745,0.708,0.711,0.714,0.685,0.703,0.716,0.758,0.797,0.768,0.738,0.724,0.722,0.72
719,0.737,0.705,0.751,0.713,0.679,0.664,0.639,0.633,0.655,0.683,0.683,0.701,0.67,0.695,0.672,0.609,0.642,0.645,0.696,0.747,0.699,0.7,0.261,0.266,0.268,0.265,0.263,0.26,0.258,0.252,0.244,0.235,0.234,0.76,0.737,0.742,0.747,0.749,0.75,0.744,0.737,0.731,0.725,0.719,0.734,0.737,0.73,0.745,0.708,0.711,0.714
729,0.867,0.612,0.606,0.628,0.672,0.709,0.75,0.696,0.629,0.629,0.644,0.705,0.751,0.713,0.679,0.664,0.639,0.633,0.655,0.683,0.287,0.324,0.228,0.23,0.231,0.233,0.234,0.236,0.24,0.245,0.25,0.256,0.261,0.862,0.867,0.848,0.757,0.68,0.684,0.724,0.749,0.753,0.756,0.76,0.737,0.742,0.747,0.749,0.75,0.744,0.737
739,0.837,0.75,0.699,0.676,0.665,0.684,0.756,0.869,0.942,0.926,0.801,0.612,0.606,0.628,0.672,0.709,0.75,0.696,0.629,0.629,0.662,0.648,0.213,0.214,0.216,0.217,0.219,0.22,0.222,0.224,0.225,0.227,0.228,0.827,0.837,0.841,0.83,0.819,0.809,0.798,0.795,0.814,0.834,0.862,0.867,0.848,0.757,0.68,0.684,0.724,0.749
749,0.831,0.769,0.73,0.729,0.703,0.707,0.74,0.759,0.803,0.814,0.802,0.75,0.699,0.676,0.665,0.684,0.756,0.869,0.942,0.926,0.634,0.613,0.25,0.2,0.152,0.16,0.168,0.175,0.183,0.191,0.198,0.206,0.213,0.829,0.831,0.826,0.818,0.809,0.804,0.805,0.806,0.808,0.818,0.827,0.837,0.841,0.83,0.819,0.809,0.798,0.795
759,0.805,0.767,0.742,0.73,0.729,0.723,0.731,0.776,0.772,0.805,0.803,0.769,0.73,0.729,0.703,0.707,0.74,0.759,0.803,0.814,0.709,0.686,0.207,0.208,0.218,0.234,0.251,0.268,0.284,0.301,0.318,0.299,0.25,0.809,0.805,0.814,0.819,0.819,0.819,0.821,0.823,0.825,0.827,0.829,0.831,0.826,0.818,0.809,0.804,0.805,0.806
769,0.823,0.836,0.833,0.835,0.845,0.797,0.805,0.776,0.733,0.745,0.759,0.767,0.742,0.73,0.729,0.723,0.731,0.776,0.772,0.805,0.753,0.748,0.266,0.252,0.238,0.225,0.211,0.201,0.202,0.203,0.204,0.205,0.207,0.802,0.823,0.831,0.832,0.834,0.835,0.836,0.83,0.823,0.816,0.809,0.805,0.814,0.819,0.819,0.819,0.821,0.823
779,0.83,0.796,0.823,0.814,0.805,0.77,0.772,0.761,0.77,0.798,0.81,0.836,0.833,0.835,0.845,0.797,0.805,0.776,0.733,0.745,0.625,0.597,0.216,0.222,0.229,0.235,0.242,0.248,0.254,0.261,0.293,0.279,0.266,0.831,0.83,0.827,0.824,0.821,0.818,0.814,0.811,0.808,0.805,0.802,0.823,0.831,0.832,0.834,0.835,0.836,0.83
789,0.82,0.735,0.733,0.732,0.747,0.753,0.76,0.772,0.798,0.799,0.837,0.796,0.823,0.814,0.805,0.77,0.772,0.761,0.77,0.798,0.605,0.616,0.232,0.229,0.227,0.224,0.221,0.219,0.216,0.213,0.211,0.21,0.216,0.826,0.82,0.809,0.798,0.789,0.796,0.803,0.81,0.817,0.824,0.831,0.83,0.827,0.824,0.821,0.818,0.814,0.811
799,0.777,0.706,0.735,0.721,0.778,0.776,0.773,0.804,0.785,0.764,0.74,0.735,0.733,0.732,0.747,0.753,0.76,0.772,0.798,0.799,0.708,0.734,0.265,0.253,0.241,0.23,0.218,0.206,0.195,0.183,0.171,0.198,0.232,0.76,0.777,0.786,0.793,0.8,0.806,0.813,0.822,0.831,0.829,0.826,0.82,0.809,0.798,0.789,0.796,0.803,0.81
809,0.76,0.738,0.703,0.675,0.66,0.695,0.708,0.668,0.626,0.696,0.71,0.706,0.735,0.721,0.778,0.776,0.773,0.804,0.785,0.764,0.631,0.657,0.257,0.259,0.26,0.261,0.262,0.263,0.265,0.266,0.267,0.268,0.265,0.76,0.76,0.759,0.759,0.759,0.758,0.758,0.768,0.779,0.784,0.76,0.777,0.786,0.793,0.8,0.806,0.813,0.822
819,0.755,0.683,0.679,0.674,0.674,0.699,0.702,0.704,0.661,0.655,0.698,0.738,0.703,0.675,0.66,0.695,0.708,0.668,0.626,0.696,0.733,0.681,0.231,0.234,0.237,0.239,0.242,0.245,0.247,0.25,0.253,0.255,0.257,0.741,0.755,0.764,0.768,0.769,0.762,0.762,0.762,0.761,0.761,0.76,0.76,0.759,0.759,0.759,0.758,0.758,0.768
829,0.672,0.593,0.58,0.629,0.623,0.617,0.606,0.622,0.644,0.67,0.687,0.683,0.679,0.674,0.674,0.699,0.702,0.704,0.661,0.655,0.675,0.659,0.228,0.222,0.216,0.209,0.208,0.209,0.214,0.218,0.222,0.226,0.231,0.675,0.672,0.668,0.664,0.66,0.666,0.681,0.696,0.712,0.726,0.741,0.755,0.764,0.768,0.769,0.762,0.762,0.762
839,0.675,0.674,0.665,0.706,0.704,0.677,0.667,0.67,0.657,0.646,0.63,0.593,0.58,0.629,0.623,0.617,0.606,0.622,0.644,0.67,0.763,0.748,0.228,0.229,0.23,0.231,0.232,0.233,0.234,0.235,0.236,0.234,0.228,0.671,0.675,0.685,0.695,0.707,0.719,0.731,0.685,0.681,0.678,0.675,0.672,0.668,0.664,0.66,0.666,0.681,0.696
849,0.669,0.642,0.66,0.669,0.665,0.661,0.669,0.673,0.626,0.628,0.663,0.674,0.665,0.706,0.704,0.677,0.667,0.67,0.657,0.646,0.509,0.555,0.219,0.22,0.22,0.221,0.222,0.223,0.224,0.225,0.226,0.227,0.228,0.675,0.669,0.663,0.662,0.663,0.665,0.666,0.667,0.668,0.67,0.671,0.675,0.685,0.695,0.707,0.719,0.731,0.685
859,0.719,0.668,0.669,0.638,0.629,0.629,0.629,0.629,0.629,0.679,0.637,0.642,0.66,0.669,0.665,0.661,0.669,0.673,0.626,0.628,0.801,0.805,0.21,0.211,0.212,0.213,0.214,0.214,0.215,0.216,0.217,0.218,0.219,0.7,0.719,0.737,0.752,0.738,0.724,0.711,0.697,0.687,0.681,0.675,0.669,0.663,0.662,0.663,0.665,0.666,0.667
869,0.647,0.637,0.662,0.652,0.646,0.604,0.553,0.555,0.572,0.595,0.638,0.668,0.669,0.638,0.629,0.629,0.629,0.629,0.629,0.679,0.812,0.809,0.206,0.2,0.202,0.203,0.205,0.206,0.208,0.175,0.209,0.209,0.21,0.672,0.647,0.661,0.686,0.704,0.7,0.696,0.693,0.689,0.686,0.7,0.719,0.737,0.752,0.738,0.724,0.711,0.697
879,0.661,0.599,0.664,0.67,0.67,0.652,0.666,0.637,0.593,0.582,0.587,0.637,0.662,0.652,0.646,0.604,0.553,0.555,0.572,0.595,0.789,0.805,0.256,0.262,0.255,0.249,0.243,0.237,0.231,0.225,0.219,0.212,0.206,0.666,0.661,0.65,0.664,0.686,0.713,0.708,0.698,0.691,0.684,0.672,0.647,0.661,0.686,0.704,0.7,0.696,0.693
889,0.659,0.633,0.621,0.588,0.555,0.628,0.67,0.643,0.611,0.547,0.558,0.599,0.664,0.67,0.67,0.652,0.666,0.637,0.593,0.582,0.454,0.501,0.207,0.206,0.205,0.204,0.203,0.202,0.201,0.2,0.217,0.237,0.256,0.661,0.659,0.627,0.656,0.653,0.651,0.65,0.673,0.703,0.683,0.666,0.661,0.65,0.664,0.686,0.713,0.708,0.698
899,0.696,0.67,0.654,0.639,0.651,0.657,0.642,0.631,0.633,0.647,0.662,0.633,0.621,0.588,0.555,0.628,0.67,0.643,0.611,0.547,0.307,0.265,0.222,0.22,0.219,0.217,0.216,0.214,0.213,0.211,0.209,0.208,0.207,0.69,0.696,0.694,0.692,0.682,0.63,0.648,0.657,0.659,0.661,0.661,0.659,0.627,0.656,0.653,0.651,0.65,0.673
909,0.725,0.636,0.629,0.622,0.653,0.597,0.595,0.624,0.68,0.727,0.728,0.67,0.654,0.639,0.651,0.657,0.642,0.631,0.633,0.647,0.338,0.268,0.225,0.216,0.207,0.198,0.233,0.214,0.212,0.218,0.223,0.223,0.222,0.732,0.725,0.565,0.638,0.632,0.664,0.651,0.667,0.656,0.673,0.69,0.696,0.694,0.692,0.682,0.63,0.648,0.657
919,0.725,0.491,0.464,0.451,0.493,0.539,0.639,0.772,0.718,0.644,0.635,0.636,0.629,0.622,0.653,0.597,0.595,0.624,0.68,0.727,0.263,0.391,0.299,0.309,0.3,0.29,0.281,0.272,0.263,0.253,0.244,0.235,0.225,0.727,0.725,0.723,0.559,0.424,0.429,0.478,0.52,0.57,0.633,0.732,0.725,0.565,0.638,0.632,0.664,0.651,0.667
929,0.675,0.64,0.62,0.65,0.695,0.718,0.758,0.775,0.844,0.878,0.676,0.491,0.464,0.451,0.493,0.539,0.639,0.772,0.718,0.644,0.63,0.692,0.276,0.249,0.233,0.223,0.234,0.244,0.255,0.266,0.277,0.288,0.299,0.682,0.675,0.676,0.675,0.662,0.655,0.682,0.702,0.712,0.721,0.727,0.725,0.723,0.559,0.424,0.429,0.478,0.52
939,0.675,0.7,0.698,0.693,0.673,0.692,0.74,0.708,0.708,0.717,0.668,0.64,0.62,0.65,0.695,0.718,0.758,0.775,0.844,0.878,0.632,0.604,0.307,0.216,0.164,0.146,0.129,0.176,0.222,0.269,0.316,0.316,0.276,0.676,0.675,0.674,0.673,0.671,0.669,0.667,0.665,0.663,0.701,0.682,0.675,0.676,0.675,0.662,0.655,0.682,0.702
949,0.694,0.674,0.684,0.695,0.669,0.714,0.7,0.689,0.695,0.712,0.698,0.7,0.698,0.693,0.673,0.692,0.74,0.708,0.708,0.717,0.6,0.56,0.211,0.221,0.23,0.24,0.25,0.259,0.269,0.278,0.288,0.298,0.307,0.695,0.694,0.688,0.679,0.67,0.677,0.669,0.66,0.701,0.678,0.676,0.675,0.674,0.673,0.671,0.669,0.667,0.665
959,0.711,0.66,0.662,0.651,0.639,0.684,0.696,0.696,0.697,0.697,0.699,0.674,0.684,0.695,0.669,0.714,0.7,0.689,0.695,0.712,0.725,0.72,0.215,0.222,0.229,0.236,0.242,0.249,0.256,0.262,0.265,0.201,0.211,0.723,0.711,0.699,0.688,0.676,0.672,0.669,0.681,0.71,0.709,0.695,0.694,0.688,0.679,0.67,0.677,0.669,0.66
969,0.671,0.663,0.655,0.673,0.697,0.707,0.771,0.77,0.777,0.714,0.692,0.66,0.662,0.651,0.639,0.684,0.696,0.696,0.697,0.697,0.701,0.729,0.193,0.189,0.189,0.191,0.192,0.193,0.195,0.196,0.202,0.209,0.215,0.674,0.671,0.669,0.666,0.664,0.671,0.691,0.71,0.721,0.723,0.723,0.711,0.699,0.688,0.676,0.672,0.669,0.681
979,0.677,0.636,0.633,0.632,0.659,0.667,0.677,0.678,0.669,0.688,0.672,0.663,0.655,0.673,0.697,0.707,0.771,0.77,0.777,0.714,0.493,0.563,0.161,0.156,0.151,0.146,0.168,0.212,0.208,0.204,0.201,0.197,0.193,0.665,0.677,0.664,0.664,0.663,0.666,0.67,0.675,0.679,0.676,0.674,0.671,0.669,0.666,0.664,0.671,0.691,0.71
989,0.679,0.619,0.666,0.696,0.696,0.659,0.632,0.68,0.672,0.654,0.664,0.636,0.633,0.632,0.659,0.667,0.677,0.678,0.669,0.688,0.3,0.246,0.198,0.197,0.197,0.195,0.19,0.185,0.181,0.176,0.171,0.166,0.161,0.686,0.679,0.664,0.661,0.664,0.665,0.661,0.657,0.655,0.656,0.665,0.677,0.664,0.664,0.663,0.666,0.67,0.675
999,0.689,0.667,0.67,0.701,0.714,0.687,0.7,0.709,0.686,0.649,0.656,0.619,0.666,0.696,0.696,0.659,0.632,0.68,0.672,0.654,0.769,0.757,0.209,0.207,0.205,0.202,0.2,0.2,0.199,0.199,0.198,0.198,0.198,0.698,0.689,0.682,0.693,0.704,0.711,0.707,0.704,0.7,0.693,0.686,0.679,0.664,0.661,0.664,0.665,0.661,0.657
1009,0.697,0.688,0.675,0.673,0.712,0.712,0.712,0.679,0.664,0.615,0.645,0.667,0.67,0.701,0.714,0.687,0.7,0.709,0.686,0.649,0.794,0.8,0.248,0.244,0.24,0.236,0.232,0.228,0.223,0.219,0.215,0.212,0.209,0.687,0.697,0.7,0.703,0.705,0.708,0.71,0.712,0.715,0.708,0.698,0.689,0.682,0.693,0.704,0.711,0.707,0.704
1019,0.657,0.713,0.642,0.638,0.621,0.64,0.651,0.651,0.651,0.678,0.671,0.688,0.675,0.673,0.712,0.712,0.712,0.679,0.664,0.615,0.636,0.612,0.237,0.239,0.242,0.244,0.247,0.249,0.252,0.254,0.257,0.253,0.248,0.643,0.657,0.671,0.668,0.652,0.642,0.648,0.658,0.668,0.678,0.687,0.697,0.7,0.703,0.705,0.708,0.71,0.712
1029,0.677,0.665,0.649,0.656,0.637,0.64,0.644,0.643,0.688,0.675,0.73,0.713,0.642,0.638,0.621,0.64,0.651,0.651,0.651,0.678,0.589,0.617,0.212,0.214,0.217,0.219,0.222,0.224,0.227,0.229,0.232,0.234,0.237,0.672,0.677,0.657,0.636,0.634,0.632,0.619,0.623,0.627,0.63,0.643,0.657,0.671,0.668,0.652,0.642,0.648,0.658
1039,0.703,0.72,0.719,0.658,0.608,0.638,0.694,0.721,0.707,0.698,0.676,0.665,0.649,0.656,0.637,0.64,0.644,0.643,0.688,0.675,0.806,0.798,0.2,0.201,0.203,0.204,0.205,0.206,0.207,0.208,0.21,0.211,0.212,0.688,0.703,0.7,0.698,0.696,0.694,0.67,0.657,0.662,0.667,0.672,0.677,0.657,0.636,0.634,0.632,0.619,0.623
1049,0.661,0.759,0.729,0.72,0.719,0.75,0.687,0.693,0.719,0.726,0.676,0.72,0.719,0.658,0.608,0.638,0.694,0.721,0.707,0.698,0.891,0.881,0.183,0.179,0.175,0.172,0.168,0.173,0.179,0.184,0.189,0.194,0.2,0.589,0.661,0.694,0.695,0.696,0.694,0.691,0.684,0.671,0.657,0.688,0.703,0.7,0.698,0.696,0.694,0.67,0.657
1059,0.615,0.735,0.679,0.592,0.588,0.6,0.548,0.558,0.73,0.713,0.762,0.759,0.729,0.72,0.719,0.75,0.687,0.693,0.719,0.726,0.25,0.25,0.183,0.185,0.187,0.189,0.192,0.194,0.196,0.194,0.19,0.186,0.183,0.671,0.615,0.61,0.619,0.619,0.562,0.557,0.566,0.554,0.571,0.589,0.661,0.694,0.695,0.696,0.694,0.691,0.684
1069,0.666,0.601,0.586,0.585,0.599,0.635,0.665,0.712,0.657,0.637,0.672,0.735,0.679,0.592,0.588,0.6,0.548,0.558,0.73,0.713,0.372,0.379,0.193,0.208,0.202,0.197,0.191,0.185,0.179,0.177,0.179,0.181,0.183,0.67,0.666,0.676,0.646,0.619,0.625,0.63,0.659,0.682,0.685,0.671,0.615,0.61,0.619,0.619,0.562,0.557,0.566
1079,0.141,0.273,0.328,0.478,0.681,0.681,0.621,0.631,0.662,0.666,0.692,0.601,0.586,0.585,0.599,0.635,0.665,0.712,0.657,0.637,0.515,0.639,0.26,0.295,0.33,0.283,0.243,0.217,0.191,0.16,0.116,0.129,0.193,0.164,0.141,0.119,0.0962,0.167,0.419,0.625,0.68,0.677,0.673,0.67,0.666,0.676,0.646,0.619,0.625,0.63,0.659
1089,0.542,0.573,0.568,0.543,0.494,0.42,0.389,0.4,0.39,0.387,0.295,0.273,0.328,0.478,0.681,0.681,0.621,0.631,0.662,0.666,0.493,0.498,0.223,0.226,0.229,0.232,0.235,0.238,0.241,0.244,0.247,0.25,0.26,0.508,0.542,0.511,0.458,0.404,0.348,0.291,0.251,0.216,0.187,0.164,0.141,0.119,0.0962,0.167,0.419,0.625,0.68
1099,0.474,0.518,0.532,0.532,0.525,0.522,0.536,0.579,0.652,0.652,0.648,0.573,0.568,0.543,0.494,0.42,0.389,0.4,0.39,0.387,0.557,0.547,0.0449,0.00843,0.014,0.0363,0.125,0.162,0.176,0.19,0.204,0.219,0.223,0.473,0.474,0.472,0.474,0.472,0.47,0.464,0.472,0.469,0.484,0.508,0.542,0.511,0.458,0.404,0.348,0.291,0.251
1109,0.676,0.58,0.527,0.519,0.51,0.494,0.492,0.49,0.517,0.483,0.515,0.518,0.532,0.532,0.525,0.522,0.536,0.579,0.652,0.652,0.404,0.397,0.115,0.108,0.101,0.094,0.087,0.0799,0.0729,0.0659,0.0589,0.0519,0.0449,0.691,0.676,0.656,0.624,0.579,0.546,0.515,0.501,0.479,0.467,0.473,0.474,0.472,0.474,0.472,0.47,0.464,0.472
1119,0.782,0.746,0.693,0.623,0.595,0.593,0.603,0.597,0.601,0.598,0.6,0.58,0.527,0.519,0.51,0.494,0.492,0.49,0.517,0.483,0.507,0.404,0.187,0.179,0.171,0.164,0.157,0.15,0.143,0.136,0.129,0.122,0.115,0.782,0.782,0.783,0.795,0.781,0.737,0.693,0.679,0.683,0.687,0.691,0.676,0.656,0.624,0.579,0.546,0.515,0.501
1129,0.836,0.685,0.647,0.616,0.602,0.641,0.688,0.718,0.668,0.707,0.729,0.746,0.693,0.623,0.595,0.593,0.603,0.597,0.601,0.598,0.549,0.554,0.273,0.264,0.255,0.247,0.238,0.23,0.221,0.213,0.204,0.196,0.187,0.857,0.836,0.813,0.79,0.767,0.729,0.732,0.76,0.78,0.783,0.782,0.782,0.783,0.795,0.781,0.737,0.693,0.679
1139,0.665,0.579,0.537,0.6,0.666,0.786,0.78,0.798,0.793,0.725,0.72,0.685,0.647,0.616,0.602,0.641,0.688,0.718,0.668,0.707,0.622,0.634,0.281,0.288,0.278,0.265,0.252,0.239,0.227,0.298,0.29,0.281,0.273,0.639,0.665,0.7,0.736,0.747,0.758,0.792,0.838,0.884,0.871,0.857,0.836,0.813,0.79,0.767,0.729,0.732,0.76
1149,0.749,0.608,0.646,0.688,0.651,0.544,0.544,0.546,0.561,0.572,0.575,0.579,0.537,0.6,0.666,0.786,0.78,0.798,0.793,0.725,0.62,0.633,0.276,0.244,0.226,0.232,0.237,0.244,0.252,0.259,0.266,0.274,0.281,0.754,0.749,0.744,0.738,0.732,0.73,0.731,0.699,0.62,0.607,0.639,0.665,0.7,0.736,0.747,0.758,0.792,0.838
1159,0.803,0.676,0.64,0.641,0.632,0.631,0.634,0.609,0.61,0.592,0.626,0.608,0.646,0.688,0.651,0.544,0.544,0.546,0.561,0.572,0.626,0.625,0.158,0.177,0.225,0.273,0.32,0.368,0.4,0.369,0.338,0.307,0.276,0.798,0.803,0.805,0.799,0.791,0.784,0.776,0.769,0.763,0.758,0.754,0.749,0.744,0.738,0.732,0.73,0.731,0.699
1169,0.737,0.597,0.608,0.618,0.58,0.56,0.556,0.596,0.635,0.645,0.672,0.676,0.64,0.641,0.632,0.631,0.634,0.609,0.61,0.592,0.555,0.545,0.266,0.26,0.254,0.248,0.24,0.226,0.213,0.199,0.185,0.172,0.158,0.732,0.737,0.74,0.742,0.767,0.776,0.785,0.794,0.772,0.785,0.798,0.803,0.805,0.799,0.791,0.784,0.776,0.769
1179,0.741,0.488,0.489,0.491,0.473,0.475,0.478,0.509,0.527,0.558,0.598,0.597,0.608,0.618,0.58,0.56,0.556,0.596,0.635,0.645,0.596,0.604,0.323,0.317,0.311,0.306,0.3,0.294,0.289,0.283,0.277,0.271,0.266,0.734,0.741,0.728,0.716,0.705,0.71,0.714,0.719,0.723,0.728,0.732,0.737,0.74,0.742,0.767,0.776,0.785,0.794
1189,0.736,0.388,0.401,0.402,0.442,0.503,0.519,0.519,0.546,0.517,0.496,0.488,0.489,0.491,0.473,0.475,0.478,0.509,0.527,0.558,0.62,0.673,0.36,0.364,0.368,0.367,0.36,0.354,0.347,0.341,0.334,0.329,0.323,0.757,0.736,0.698,0.661,0.673,0.686,0.7,0.714,0.727,0.74,0.734,0.741,0.728,0.716,0.705,0.71,0.714,0.719
1199,0.726,0.475,0.478,0.471,0.459,0.491,0.545,0.552,0.548,0.463,0.378,0.388,0.401,0.402,0.442,0.503,0.519,0.519,0.546,0.517,0.881,0.88,0.352,0.351,0.35,0.349,0.348,0.347,0.346,0.348,0.352,0.356,0.36,0.729,0.726,0.72,0.715,0.709,0.703,0.703,0.707,0.727,0.751,0.757,0.736,0.698,0.661,0.673,0.686,0.7,0.714
1209,0.752,0.502,0.5,0.5,0.491,0.467,0.5,0.476,0.497,0.493,0.475,0.475,0.478,0.471,0.459,0.491,0.545,0.552,0.548,0.463,0.872,0.879,0.312,0.299,0.294,0.317,0.34,0.358,0.357,0.356,0.355,0.353,0.352,0.766,0.752,0.738,0.735,0.733,0.731,0.729,0.727,0.725,0.726,0.729,0.726,0.72,0.715,0.709,0.703,0.703,0.707
1219,0.785,0.533,0.532,0.53,0.563,0.614,0.608,0.585,0.573,0.515,0.511,0.502,0.5,0.5,0.491,0.467,0.5,0.476,0.497,0.493,0.876,0.878,0.404,0.395,0.386,0.378,0.369,0.36,0.351,0.343,0.334,0.325,0.312,0.79,0.785,0.779,0.774,0.768,0.775,0.783,0.791,0.795,0.781,0.766,0.752,0.738,0.735,0.733,0.731,0.729,0.727
1229,0.555,0.325,0.306,0.298,0.337,0.4,0.491,0.529,0.567,0.545,0.534,0.533,0.532,0.53,0.563,0.614,0.608,0.585,0.573,0.515,0.869,0.876,0.353,0.337,0.329,0.321,0.313,0.322,0.347,0.371,0.395,0.413,0.404,0.538,0.555,0.571,0.587,0.603,0.619,0.649,0.694,0.74,0.785,0.79,0.785,0.779,0.774,0.768,0.775,0.783,0.791
1239,0.685,0.543,0.54,0.534,0.493,0.414,0.345,0.328,0.342,0.342,0.342,0.325,0.306,0.298,0.337,0.4,0.491,0.529,0.567,0.545,0.876,0.881,0.517,0.501,0.484,0.468,0.452,0.435,0.419,0.403,0.386,0.37,0.353,0.676,0.685,0.694,0.696,0.684,0.667,0.617,0.568,0.518,0.521,0.538,0.555,0.571,0.587,0.603,0.619,0.649,0.694
1249,0.638,0.417,0.418,0.419,0.461,0.465,0.457,0.462,0.464,0.524,0.516,0.543,0.54,0.534,0.493,0.414,0.345,0.328,0.342,0.342,0.953,0.954,0.25,0.253,0.256,0.292,0.358,0.424,0.489,0.555,0.55,0.533,0.517,0.628,0.638,0.648,0.658,0.667,0.677,0.68,0.679,0.677,0.676,0.676,0.685,0.694,0.696,0.684,0.667,0.617,0.568
1259,0.563,0.383,0.373,0.36,0.378,0.362,0.374,0.398,0.375,0.417,0.418,0.417,0.418,0.419,0.461,0.465,0.457,0.462,0.464,0.524,0.953,0.955,0.377,0.351,0.326,0.3,0.274,0.249,0.238,0.241,0.244,0.247,0.25,0.58,0.563,0.56,0.582,0.588,0.594,0.6,0.606,0.613,0.621,0.628,0.638,0.648,0.658,0.667,0.677,0.68,0.679
1269,0.35,0.26,0.31,0.332,0.352,0.404,0.414,0.392,0.345,0.346,0.338,0.383,0.373,0.36,0.378,0.362,0.374,0.398,0.375,0.417,0.853,0.852,0.348,0.357,0.36,0.362,0.364,0.367,0.369,0.371,0.374,0.376,0.377,0.414,0.35,0.315,0.392,0.469,0.519,0.553,0.587,0.614,0.597,0.58,0.563,0.56,0.582,0.588,0.594,0.6,0.606
1279,0.422,0.232,0.261,0.275,0.343,0.4,0.445,0.419,0.309,0.222,0.249,0.26,0.31,0.332,0.352,0.404,0.414,0.392,0.345,0.346,0.757,0.751,0.323,0.315,0.307,0.299,0.295,0.304,0.313,0.321,0.33,0.339,0.348,0.529,0.422,0.331,0.291,0.336,0.402,0.458,0.502,0.507,0.489,0.414,0.35,0.315,0.392,0.469,0.519,0.553,0.587
1289,0.708,0.533,0.484,0.461,0.461,0.524,0.589,0.483,0.431,0.311,0.238,0.232,0.261,0.275,0.343,0.4,0.445,0.419,0.309,0.222,0.828,0.822,0.18,0.206,0.24,0.274,0.294,0.302,0.311,0.32,0.328,0.331,0.323,0.701,0.708,0.728,0.741,0.735,0.73,0.708,0.686,0.664,0.621,0.529,0.422,0.331,0.291,0.336,0.402,0.458,0.502
1299,0.649,0.505,0.549,0.565,0.564,0.514,0.458,0.417,0.417,0.497,0.53,0.533,0.484,0.461,0.461,0.524,0.589,0.483,0.431,0.311,0.827,0.832,0.248,0.24,0.233,0.226,0.258,0.262,0.266,0.263,0.235,0.208,0.18,0.667,0.649,0.666,0.693,0.721,0.748,0.751,0.749,0.746,0.71,0.701,0.708,0.728,0.741,0.735,0.73,0.708,0.686
1309,0.612,0.435,0.531,0.561,0.551,0.495,0.432,0.417,0.342,0.379,0.414,0.505,0.549,0.565,0.564,0.514,0.458,0.417,0.417,0.497,0.829,0.826,0.413,0.436,0.437,0.419,0.401,0.382,0.364,0.332,0.297,0.263,0.248,0.643,0.612,0.617,0.662,0.716,0.752,0.759,0.738,0.705,0.685,0.667,0.649,0.666,0.693,0.721,0.748,0.751,0.749
1319,0.593,0.424,0.405,0.379,0.412,0.478,0.466,0.411,0.303,0.308,0.361,0.435,0.531,0.561,0.551,0.495,0.432,0.417,0.342,0.379,0.822,0.822,0.482,0.53,0.536,0.509,0.481,0.454,0.427,0.456,0.402,0.391,0.413,0.554,0.593,0.619,0.645,0.649,0.655,0.654,0.628,0.691,0.693,0.643,0.612,0.617,0.662,0.716,0.752,0.759,0.738
1329,0.458,0.35,0.357,0.355,0.328,0.286,0.286,0.338,0.349,0.374,0.423,0.424,0.405,0.379,0.412,0.478,0.466,0.411,0.303,0.308,0.751,0.748,0.305,0.381,0.456,0.511,0.488,0.466,0.442,0.418,0.393,0.433,0.482,0.537,0.458,0.41,0.39,0.387,0.384,0.381,0.378,0.435,0.495,0.554,0.593,0.619,0.645,0.649,0.655,0.654,0.628
1339,0.821,0.693,0.687,0.666,0.657,0.666,0.616,0.467,0.393,0.352,0.344,0.35,0.357,0.355,0.328,0.286,0.286,0.338,0.349,0.374,0.779,0.738,0.232,0.207,0.215,0.226,0.214,0.202,0.331,0.383,0.349,0.316,0.305,0.823,0.821,0.819,0.814,0.802,0.783,0.764,0.744,0.725,0.648,0.537,0.458,0.41,0.39,0.387,0.384,0.381,0.378
1349,0.773,0.654,0.618,0.573,0.57,0.591,0.621,0.672,0.697,0.693,0.695,0.693,0.687,0.666,0.657,0.666,0.616,0.467,0.393,0.352,0.825,0.823,0.124,0.107,0.0902,0.0735,0.0689,0.0851,0.101,0.125,0.161,0.196,0.232,0.731,0.773,0.814,0.809,0.801,0.794,0.786,0.778,0.786,0.811,0.823,0.821,0.819,0.814,0.802,0.783,0.764,0.744
1359,0.409,0.206,0.326,0.45,0.452,0.462,0.495,0.508,0.598,0.68,0.695,0.654,0.618,0.573,0.57,0.591,0.621,0.672,0.697,0.693,0.922,0.948,0.67,0.625,0.576,0.526,0.471,0.406,0.341,0.274,0.202,0.14,0.124,0.359,0.409,0.464,0.526,0.589,0.651,0.697,0.703,0.709,0.714,0.731,0.773,0.814,0.809,0.801,0.794,0.786,0.778
1369,0.502,0.372,0.42,0.42,0.358,0.292,0.263,0.206,0.157,0.134,0.15,0.206,0.326,0.45,0.452,0.462,0.495,0.508,0.598,0.68,0.502,0.501,0.78,0.781,0.813,0.782,0.782,0.782,0.782,0.782,0.748,0.709,0.67,0.509,0.502,0.496,0.489,0.482,0.476,0.469,0.41,0.357,0.358,0.359,0.409,0.464,0.526,0.589,0.651,0.697,0.703
1379,0.624,0.414,0.426,0.409,0.382,0.373,0.361,0.403,0.409,0.409,0.387,0.372,0.42,0.42,0.358,0.292,0.263,0.206,0.157,0.134,0.503,0.497,0.235,0.241,0.365,0.474,0.526,0.579,0.631,0.684,0.736,0.778,0.78,0.646,0.624,0.602,0.581,0.56,0.538,0.517,0.496,0.489,0.5,0.509,0.502,0.496,0.489,0.482,0.476,0.469,0.41
1389,0.62,0.362,0.362,0.402,0.447,0.479,0.513,0.492,0.455,0.414,0.442,0.414,0.426,0.409,0.382,0.373,0.361,0.403,0.409,0.409,0.6,0.605,0.262,0.254,0.246,0.238,0.231,0.225,0.227,0.229,0.231,0.233,0.235,0.633,0.62,0.606,0.593,0.601,0.615,0.63,0.648,0.666,0.671,0.646,0.624,0.602,0.581,0.56,0.538,0.517,0.496
1399,0.599,0.398,0.4,0.426,0.402,0.415,0.432,0.436,0.435,0.434,0.375,0.362,0.362,0.402,0.447,0.479,0.513,0.492,0.455,0.414,0.625,0.628,0.348,0.336,0.325,0.316,0.308,0.3,0.293,0.285,0.277,0.269,0.262,0.611,0.599,0.593,0.59,0.597,0.603,0.61,0.616,0.623,0.629,0.633,0.62,0.606,0.593,0.601,0.615,0.63,0.648
1409,0.582,0.348,0.417,0.472,0.505,0.509,0.482,0.459,0.395,0.394,0.393,0.398,0.4,0.426,0.402,0.415,0.432,0.436,0.435,0.434,0.795,0.793,0.356,0.364,0.373,0.381,0.39,0.398,0.396,0.384,0.372,0.36,0.348,0.562,0.582,0.589,0.596,0.613,0.64,0.657,0.671,0.68,0.645,0.611,0.599,0.593,0.59,0.597,0.603,0.61,0.616
1419,0.486,0.361,0.32,0.319,0.382,0.332,0.332,0.378,0.378,0.378,0.378,0.348,0.417,0.472,0.505,0.509,0.482,0.459,0.395,0.394,0.809,0.81,0.358,0.352,0.346,0.34,0.334,0.327,0.322,0.33,0.339,0.347,0.356,0.498,0.486,0.497,0.477,0.455,0.458,0.466,0.507,0.507,0.52,0.562,0.582,0.589,0.596,0.613,0.64,0.657,0.671
1429,0.575,0.373,0.375,0.394,0.384,0.366,0.377,0.369,0.369,0.41,0.376,0.361,0.32,0.319,0.382,0.332,0.332,0.378,0.378,0.378,0.931,0.928,0.316,0.327,0.338,0.348,0.359,0.37,0.381,0.377,0.371,0.364,0.358,0.572,0.575,0.579,0.581,0.569,0.557,0.545,0.533,0.522,0.51,0.498,0.486,0.497,0.477,0.455,0.458,0.466,0.507
1439,0.713,0.556,0.527,0.413,0.386,0.384,0.38,0.356,0.36,0.373,0.371,0.373,0.375,0.394,0.384,0.366,0.377,0.369,0.369,0.41,0.71,0.705,0.245,0.242,0.239,0.241,0.251,0.262,0.273,0.284,0.295,0.305,0.316,0.713,0.713,0.714,0.715,0.711,0.682,0.595,0.554,0.559,0.568,0.572,0.575,0.579,0.581,0.569,0.557,0.545,0.533
1449,0.722,0.492,0.499,0.476,0.454,0.456,0.451,0.46,0.453,0.494,0.529,0.556,0.527,0.413,0.386,0.384,0.38,0.356,0.36,0.373,0.691,0.697,0.229,0.232,0.235,0.238,0.241,0.244,0.247,0.25,0.252,0.249,0.245,0.722,0.722,0.721,0.719,0.718,0.717,0.716,0.714,0.713,0.712,0.713,0.713,0.714,0.715,0.711,0.682,0.595,0.554
1459,0.679,0.467,0.445,0.462,0.453,0.48,0.464,0.469,0.467,0.462,0.466,0.492,0.499,0.476,0.454,0.456,0.451,0.46,0.453,0.494,0.699,0.698,0.369,0.366,0.362,0.337,0.309,0.281,0.252,0.224,0.223,0.226,0.229,0.662,0.679,0.719,0.719,0.72,0.72,0.721,0.721,0.721,0.722,0.722,0.722,0.721,0.719,0.718,0.717,0.716,0.714
1469,0.66,0.387,0.38,0.414,0.423,0.386,0.371,0.373,0.412,0.467,0.467,0.467,0.445,0.462,0.453,0.48,0.464,0.469,0.467,0.462,0.812,0.811,0.403,0.4,0.396,0.393,0.39,0.386,0.383,0.379,0.376,0.373,0.369,0.66,0.66,0.661,0.661,0.662,0.656,0.652,0.651,0.655,0.659,0.662,0.679,0.719,0.719,0.72,0.72,0.721,0.721
1479,0.684,0.434,0.413,0.415,0.417,0.417,0.407,0.403,0.4,0.395,0.391,0.387,0.38,0.414,0.423,0.386,0.371,0.373,0.412,0.467,0.75,0.757,0.437,0.434,0.431,0.427,0.424,0.42,0.417,0.414,0.41,0.407,0.403,0.71,0.684,0.681,0.683,0.685,0.681,0.674,0.666,0.659,0.659,0.66,0.66,0.661,0.661,0.662,0.656,0.652,0.651
1489,0.629,0.379,0.398,0.418,0.443,0.46,0.453,0.499,0.455,0.451,0.447,0.434,0.413,0.415,0.417,0.417,0.407,0.403,0.4,0.395,0.687,0.698,0.319,0.33,0.382,0.369,0.356,0.344,0.351,0.375,0.399,0.423,0.437,0.627,0.629,0.631,0.633,0.635,0.645,0.672,0.7,0.707,0.713,0.71,0.684,0.681,0.683,0.685,0.681,0.674,0.666
1499,0.647,0.406,0.39,0.41,0.373,0.396,0.427,0.399,0.423,0.432,0.401,0.379,0.398,0.418,0.443,0.46,0.453,0.499,0.455,0.451,0.694,0.691,0.344,0.34,0.336,0.333,0.329,0.325,0.321,0.317,0.314,0.31,0.319,0.643,0.647,0.651,0.648,0.618,0.62,0.621,0.622,0.624,0.625,0.627,0.629,0.631,0.633,0.635,0.645,0.672,0.7
1509,0.622,0.336,0.332,0.329,0.342,0.339,0.363,0.39,0.409,0.435,0.42,0.406,0.39,0.41,0.373,0.396,0.427,0.399,0.423,0.432,0.585,0.571,0.357,0.299,0.325,0.35,0.355,0.36,0.359,0.355,0.352,0.348,0.344,0.658,0.622,0.607,0.586,0.562,0.539,0.554,0.578,0.601,0.625,0.643,0.647,0.651,0.648,0.618,0.62,0.621,0.622
1519,0.792,0.564,0.534,0.568,0.551,0.528,0.537,0.49,0.466,0.459,0.412,0.336,0.332,0.329,0.342,0.339,0.363,0.39,0.409,0.435,0.662,0.662,0.299,0.305,0.311,0.316,0.322,0.328,0.334,0.34,0.345,0.351,0.357,0.777,0.792,0.791,0.779,0.767,0.756,0.744,0.733,0.721,0.697,0.658,0.622,0.607,0.586,0.562,0.539,0.554,0.578
1529,0.65,0.405,0.418,0.431,0.45,0.491,0.528,0.568,0.568,0.577,0.579,0.564,0.534,0.568,0.551,0.528,0.537,0.49,0.466,0.459,0.704,0.702,0.357,0.335,0.313,0.29,0.268,0.27,0.276,0.282,0.287,0.293,0.299,0.639,0.65,0.661,0.675,0.689,0.703,0.717,0.732,0.746,0.761,0.777,0.792,0.791,0.779,0.767,0.756,0.744,0.733
1539,0.549,0.34,0.325,0.33,0.343,0.367,0.357,0.344,0.358,0.322,0.349,0.405,0.418,0.431,0.45,0.491,0.528,0.568,0.568,0.577,0.701,0.702,0.654,0.619,0.584,0.549,0.514,0.479,0.446,0.424,0.402,0.379,0.357,0.547,0.549,0.544,0.541,0.544,0.547,0.586,0.609,0.618,0.627,0.639,0.65,0.661,0.675,0.689,0.703,0.717,0.732
1549,0.476,0.307,0.309,0.296,0.336,0.372,0.407,0.398,0.35,0.321,0.346,0.34,0.325,0.33,0.343,0.367,0.357,0.344,0.358,0.322,0.698,0.706,0.451,0.487,0.524,0.561,0.597,0.63,0.655,0.68,0.706,0.689,0.654,0.48,0.476,0.471,0.475,0.487,0.5,0.512,0.525,0.537,0.544,0.547,0.549,0.544,0.541,0.544,0.547,0.586,0.609
1559,0.555,0.376,0.376,0.337,0.337,0.326,0.315,0.311,0.307,0.295,0.301,0.307,0.309,0.296,0.336,0.372,0.407,0.398,0.35,0.321,0.705,0.707,0.246,0.242,0.238,0.252,0.275,0.298,0.32,0.343,0.377,0.414,0.451,0.542,0.555,0.555,0.555,0.549,0.526,0.508,0.498,0.489,0.485,0.48,0.476,0.471,0.475,0.487,0.5,0.512,0.525
1569,0.557,0.385,0.34,0.359,0.342,0.323,0.324,0.359,0.359,0.37,0.376,0.376,0.376,0.337,0.337,0.326,0.315,0.311,0.307,0.295,0.711,0.701,0.272,0.279,0.278,0.274,0.27,0.266,0.262,0.258,0.254,0.25,0.246,0.585,0.557,0.528,0.523,0.524,0.517,0.509,0.503,0.51,0.524,0.542,0.555,0.555,0.555,0.549,0.526,0.508,0.498
1579,0.686,0.502,0.494,0.496,0.491,0.472,0.474,0.494,0.442,0.409,0.417,0.385,0.34,0.359,0.342,0.323,0.324,0.359,0.359,0.37,0.702,0.7,0.284,0.278,0.271,0.265,0.259,0.253,0.247,0.25,0.257,0.264,0.272,0.69,0.686,0.682,0.678,0.674,0.67,0.666,0.645,0.627,0.609,0.585,0.557,0.528,0.523,0.524,0.517,0.509,0.503
1589,0.734,0.461,0.47,0.516,0.512,0.513,0.484,0.498,0.478,0.486,0.463,0.502,0.494,0.496,0.491,0.472,0.474,0.494,0.442,0.409,0.694,0.699,0.243,0.248,0.253,0.258,0.263,0.268,0.273,0.279,0.284,0.289,0.284,0.758,0.734,0.715,0.72,0.733,0.74,0.747,0.746,0.727,0.709,0.69,0.686,0.682,0.678,0.674,0.67,0.666,0.645
1599,0.575,0.399,0.419,0.454,0.437,0.483,0.485,0.496,0.461,0.457,0.459,0.461,0.47,0.516,0.512,0.513,0.484,0.498,0.478,0.486,0.749,0.756,0.313,0.287,0.28,0.274,0.267,0.261,0.254,0.247,0.241,0.238,0.243,0.49,0.575,0.625,0.682,0.702,0.71,0.721,0.731,0.741,0.752,0.758,0.734,0.715,0.72,0.733,0.74,0.747,0.746
1609,0.371,0.0731,0.0963,0.137,0.0784,0.171,0.165,0.188,0.26,0.339,0.353,0.399,0.419,0.454,0.437,0.483,0.485,0.496,0.461,0.457,0.177,0.174,0.401,0.406,0.412,0.407,0.394,0.38,0.367,0.354,0.34,0.327,0.313,0.352,0.371,0.396,0.352,0.00125,0.0,0.0519,0.147,0.315,0.404,0.49,0.575,0.625,0.682,0.702,0.71,0.721,0.731
1619,0.386,0.0252,0.0101,0.0,0.0409,0.0987,0.12,0.147,0.202,0.28,0.19,0.0731,0.0963,0.137,0.0784,0.171,0.165,0.188,0.26,0.339,0.192,0.193,0.284,0.324,0.365,0.38,0.391,0.402,0.414,0.425,0.426,0.395,0.401,0.419,0.386,0.311,0.271,0.251,0.232,0.25,0.284,0.3,0.34,0.352,0.371,0.396,0.352,0.00125,0.0,0.0519,0.147
1629,0.763,0.336,0.26,0.213,0.185,0.222,0.192,0.193,0.163,0.101,0.0859,0.0252,0.0101,0.0,0.0409,0.0987,0.12,0.147,0.202,0.28,0.379,0.372,0.153,0.137,0.124,0.0524,0.0543,0.0829,0.123,0.163,0.204,0.244,0.284,0.766,0.763,0.723,0.682,0.641,0.517,0.456,0.472,0.458,0.425,0.419,0.386,0.311,0.271,0.251,0.232,0.25,0.284
1639,0.748,0.379,0.335,0.338,0.436,0.486,0.49,0.527,0.5,0.483,0.419,0.336,0.26,0.213,0.185,0.222,0.192,0.193,0.163,0.101,0.75,0.752,0.105,0.0725,0.0404,0.0506,0.0792,0.108,0.137,0.165,0.185,0.169,0.153,0.729,0.748,0.719,0.723,0.702,0.628,0.623,0.718,0.775,0.768,0.766,0.763,0.723,0.682,0.641,0.517,0.456,0.472
1649,0.675,0.379,0.384,0.404,0.442,0.447,0.467,0.476,0.453,0.433,0.416,0.379,0.335,0.338,0.436,0.486,0.49,0.527,0.5,0.483,0.951,0.955,0.667,0.554,0.441,0.328,0.292,0.265,0.233,0.201,0.169,0.137,0.105,0.679,0.675,0.683,0.691,0.663,0.677,0.708,0.688,0.709,0.741,0.729,0.748,0.719,0.723,0.702,0.628,0.623,0.718
1659,0.679,0.453,0.454,0.455,0.457,0.458,0.439,0.476,0.454,0.434,0.382,0.379,0.384,0.404,0.442,0.447,0.467,0.476,0.453,0.433,0.949,0.953,0.481,0.509,0.539,0.569,0.663,0.826,1.0,0.978,0.893,0.78,0.667,0.669,0.679,0.685,0.69,0.695,0.701,0.707,0.713,0.715,0.688,0.679,0.675,0.683,0.691,0.663,0.677,0.708,0.688
1669,0.6,0.354,0.376,0.372,0.408,0.402,0.415,0.411,0.426,0.443,0.431,0.453,0.454,0.455,0.457,0.458,0.439,0.476,0.454,0.434,0.947,0.949,0.309,0.327,0.346,0.364,0.382,0.401,0.417,0.433,0.449,0.465,0.481,0.596,0.6,0.607,0.615,0.627,0.641,0.655,0.636,0.651,0.664,0.669,0.679,0.685,0.69,0.695,0.701,0.707,0.713
1679,0.573,0.404,0.396,0.412,0.414,0.383,0.381,0.379,0.378,0.376,0.368,0.354,0.376,0.372,0.408,0.402,0.415,0.411,0.426,0.443,0.95,0.95,0.312,0.307,0.302,0.296,0.357,0.345,0.332,0.32,0.307,0.295,0.309,0.571,0.573,0.578,0.585,0.591,0.598,0.604,0.611,0.603,0.6,0.596,0.6,0.607,0.615,0.627,0.641,0.655,0.636
1689,0.55,0.362,0.389,0.356,0.374,0.353,0.379,0.385,0.39,0.396,0.393,0.404,0.396,0.412,0.414,0.383,0.381,0.379,0.378,0.376,0.917,0.924,0.301,0.304,0.306,0.309,0.311,0.314,0.316,0.319,0.321,0.317,0.312,0.548,0.55,0.553,0.555,0.558,0.56,0.563,0.565,0.567,0.569,0.571,0.573,0.578,0.585,0.591,0.598,0.604,0.611
1699,0.584,0.356,0.353,0.351,0.339,0.339,0.339,0.352,0.401,0.391,0.386,0.362,0.389,0.356,0.374,0.353,0.379,0.385,0.39,0.396,0.817,0.856,0.276,0.278,0.281,0.283,0.286,0.288,0.291,0.293,0.296,0.298,0.301,0.611,0.584,0.558,0.532,0.505,0.479,0.492,0.506,0.521,0.535,0.548,0.55,0.553,0.555,0.558,0.56,0.563,0.565
1709,0.597,0.407,0.398,0.416,0.436,0.441,0.457,0.423,0.425,0.408,0.391,0.356,0.353,0.351,0.339,0.339,0.339,0.352,0.401,0.391,0.85,0.852,0.274,0.273,0.273,0.272,0.271,0.271,0.27,0.269,0.271,0.273,0.276,0.591,0.597,0.608,0.618,0.629,0.64,0.646,0.639,0.633,0.626,0.611,0.584,0.558,0.532,0.505,0.479,0.492,0.506
1719,0.611,0.395,0.423,0.407,0.409,0.397,0.391,0.387,0.383,0.379,0.411,0.407,0.398,0.416,0.436,0.441,0.457,0.423,0.425,0.408,0.779,0.779,0.281,0.28,0.28,0.279,0.278,0.278,0.277,0.276,0.276,0.275,0.274,0.613,0.611,0.609,0.606,0.604,0.602,0.6,0.597,0.595,0.593,0.591,0.597,0.608,0.618,0.629,0.64,0.646,0.639
1729,0.593,0.347,0.394,0.421,0.43,0.42,0.404,0.385,0.389,0.393,0.402,0.395,0.423,0.407,0.409,0.397,0.391,0.387,0.383,0.379,0.781,0.777,0.271,0.272,0.273,0.274,0.275,0.276,0.277,0.278,0.279,0.28,0.281,0.593,0.593,0.6,0.612,0.623,0.624,0.622,0.62,0.618,0.615,0.613,0.611,0.609,0.606,0.604,0.602,0.6,0.597
1739,0.516,0.312,0.352,0.344,0.383,0.395,0.395,0.399,0.395,0.367,0.36,0.347,0.394,0.421,0.43,0.42,0.404,0.385,0.389,0.393,0.754,0.745,0.262,0.263,0.264,0.265,0.266,0.267,0.268,0.269,0.27,0.27,0.271,0.527,0.516,0.505,0.495,0.501,0.528,0.555,0.582,0.592,0.592,0.593,0.593,0.6,0.612,0.623,0.624,0.622,0.62
1749,0.625,0.443,0.443,0.44,0.437,0.434,0.43,0.4,0.4,0.369,0.358,0.312,0.352,0.344,0.383,0.395,0.395,0.399,0.395,0.367,0.755,0.76,0.251,0.253,0.254,0.255,0.256,0.257,0.258,0.259,0.26,0.261,0.262,0.607,0.625,0.612,0.61,0.608,0.601,0.594,0.586,0.579,0.567,0.527,0.516,0.505,0.495,0.501,0.528,0.555,0.582
1759,0.353,0.359,0.365,0.413,0.433,0.407,0.444,0.437,0.448,0.45,0.439,0.443,0.443,0.44,0.437,0.434,0.43,0.4,0.4,0.369,0.748,0.746,0.209,0.213,0.217,0.222,0.226,0.23,0.234,0.238,0.242,0.247,0.251,0.392,0.353,0.389,0.427,0.465,0.503,0.539,0.556,0.573,0.59,0.607,0.625,0.612,0.61,0.608,0.601,0.594,0.586
1769,0.662,0.467,0.467,0.442,0.444,0.437,0.438,0.353,0.293,0.324,0.33,0.359,0.365,0.413,0.433,0.407,0.444,0.437,0.448,0.45,0.747,0.755,0.228,0.233,0.238,0.243,0.248,0.252,0.224,0.196,0.201,0.205,0.209,0.678,0.662,0.655,0.626,0.628,0.627,0.599,0.561,0.516,0.469,0.392,0.353,0.389,0.427,0.465,0.503,0.539,0.556
1779,0.736,0.486,0.489,0.478,0.484,0.486,0.488,0.491,0.459,0.467,0.424,0.467,0.467,0.442,0.444,0.437,0.438,0.353,0.293,0.324,0.75,0.757,0.186,0.175,0.164,0.158,0.152,0.146,0.152,0.213,0.218,0.223,0.228,0.742,0.736,0.73,0.724,0.718,0.713,0.707,0.701,0.695,0.689,0.678,0.662,0.655,0.626,0.628,0.627,0.599,0.561
1789,0.696,0.508,0.476,0.491,0.508,0.523,0.507,0.532,0.534,0.536,0.538,0.486,0.489,0.478,0.484,0.486,0.488,0.491,0.459,0.467,0.879,0.867,0.271,0.27,0.269,0.265,0.254,0.242,0.231,0.22,0.209,0.197,0.186,0.689,0.696,0.703,0.716,0.728,0.727,0.746,0.738,0.738,0.748,0.742,0.736,0.73,0.724,0.718,0.713,0.707,0.701
1799,0.713,0.531,0.428,0.428,0.441,0.35,0.362,0.399,0.418,0.461,0.497,0.508,0.476,0.491,0.508,0.523,0.507,0.532,0.534,0.536,0.812,0.83,0.29,0.283,0.277,0.276,0.275,0.275,0.274,0.273,0.272,0.272,0.271,0.699,0.713,0.723,0.732,0.731,0.705,0.68,0.671,0.676,0.683,0.689,0.696,0.703,0.716,0.728,0.727,0.746,0.738
1809,0.651,0.48,0.491,0.443,0.443,0.436,0.447,0.451,0.475,0.526,0.548,0.531,0.428,0.428,0.441,0.35,0.362,0.399,0.418,0.461,0.874,0.877,0.341,0.356,0.349,0.342,0.334,0.327,0.32,0.312,0.305,0.298,0.29,0.633,0.651,0.668,0.686,0.699,0.685,0.681,0.678,0.675,0.672,0.699,0.713,0.723,0.732,0.731,0.705,0.68,0.671
1819,0.338,0.312,0.318,0.319,0.321,0.344,0.37,0.406,0.41,0.436,0.45,0.48,0.491,0.443,0.443,0.436,0.447,0.451,0.475,0.526,0.881,0.875,0.301,0.29,0.276,0.263,0.25,0.237,0.258,0.279,0.3,0.32,0.341,0.324,0.338,0.35,0.361,0.372,0.416,0.462,0.51,0.557,0.605,0.633,0.651,0.668,0.686,0.699,0.685,0.681,0.678
1829,0.637,0.387,0.246,0.274,0.317,0.311,0.326,0.316,0.312,0.323,0.319,0.312,0.318,0.319,0.321,0.344,0.37,0.406,0.41,0.436,0.689,0.626,0.277,0.288,0.298,0.301,0.301,0.301,0.301,0.301,0.301,0.301,0.301,0.669,0.637,0.568,0.479,0.344,0.256,0.278,0.299,0.304,0.31,0.324,0.338,0.35,0.361,0.372,0.416,0.462,0.51
1839,0.713,0.431,0.424,0.435,0.469,0.49,0.516,0.546,0.538,0.548,0.515,0.387,0.246,0.274,0.317,0.311,0.326,0.316,0.312,0.323,0.675,0.678,0.176,0.182,0.193,0.203,0.214,0.224,0.235,0.245,0.256,0.267,0.277,0.742,0.713,0.691,0.669,0.667,0.676,0.686,0.696,0.705,0.702,0.669,0.637,0.568,0.479,0.344,0.256,0.278,0.299
1849,0.706,0.444,0.475,0.523,0.56,0.591,0.595,0.562,0.514,0.462,0.42,0.431,0.424,0.435,0.469,0.49,0.516,0.546,0.538,0.548,0.676,0.673,0.356,0.288,0.221,0.186,0.165,0.153,0.158,0.163,0.167,0.172,0.176,0.723,0.706,0.695,0.7,0.71,0.73,0.75,0.769,0.787,0.772,0.742,0.713,0.691,0.669,0.667,0.676,0.686,0.696
1859,0.708,0.413,0.451,0.465,0.477,0.525,0.531,0.505,0.458,0.423,0.409,0.444,0.475,0.523,0.56,0.591,0.595,0.562,0.514,0.462,0.674,0.679,0.328,0.331,0.334,0.337,0.34,0.343,0.346,0.349,0.352,0.355,0.356,0.717,0.708,0.699,0.69,0.684,0.7,0.715,0.731,0.746,0.741,0.723,0.706,0.695,0.7,0.71,0.73,0.75,0.769
1869,0.71,0.432,0.485,0.518,0.569,0.511,0.525,0.473,0.471,0.43,0.393,0.413,0.451,0.465,0.477,0.525,0.531,0.505,0.458,0.423,0.672,0.672,0.385,0.393,0.401,0.408,0.416,0.423,0.431,0.413,0.372,0.331,0.328,0.719,0.71,0.694,0.694,0.702,0.713,0.732,0.751,0.738,0.726,0.717,0.708,0.699,0.69,0.684,0.7,0.715,0.731
1879,0.62,0.399,0.419,0.452,0.475,0.475,0.502,0.467,0.476,0.395,0.396,0.432,0.485,0.518,0.569,0.511,0.525,0.473,0.471,0.43,0.672,0.67,0.333,0.337,0.342,0.347,0.351,0.356,0.361,0.365,0.37,0.378,0.385,0.597,0.62,0.642,0.665,0.681,0.698,0.714,0.73,0.746,0.736,0.719,0.71,0.694,0.694,0.702,0.713,0.732,0.751
1889,0.551,0.381,0.385,0.39,0.345,0.366,0.347,0.329,0.334,0.358,0.386,0.399,0.419,0.452,0.475,0.475,0.502,0.467,0.476,0.395,0.675,0.68,0.328,0.348,0.369,0.389,0.396,0.378,0.36,0.343,0.332,0.328,0.333,0.509,0.551,0.569,0.586,0.592,0.586,0.582,0.581,0.585,0.59,0.597,0.62,0.642,0.665,0.681,0.698,0.714,0.73
1899,0.529,0.392,0.356,0.339,0.301,0.315,0.292,0.293,0.298,0.341,0.376,0.381,0.385,0.39,0.345,0.366,0.347,0.329,0.334,0.358,0.627,0.624,0.296,0.306,0.316,0.325,0.324,0.322,0.32,0.318,0.316,0.314,0.328,0.539,0.529,0.52,0.501,0.46,0.432,0.42,0.408,0.43,0.471,0.509,0.551,0.569,0.586,0.592,0.586,0.582,0.581
1909,0.569,0.411,0.411,0.448,0.418,0.413,0.409,0.419,0.385,0.395,0.41,0.392,0.356,0.339,0.301,0.315,0.292,0.293,0.298,0.341,0.62,0.631,0.189,0.205,0.218,0.228,0.237,0.247,0.257,0.267,0.277,0.287,0.296,0.577,0.569,0.558,0.559,0.564,0.571,0.578,0.569,0.559,0.549,0.539,0.529,0.52,0.501,0.46,0.432,0.42,0.408
1919,0.657,0.524,0.492,0.498,0.458,0.484,0.466,0.452,0.46,0.412,0.41,0.411,0.411,0.448,0.418,0.413,0.409,0.419,0.385,0.395,0.625,0.629,0.143,0.139,0.135,0.13,0.126,0.122,0.125,0.141,0.157,0.173,0.189,0.646,0.657,0.674,0.692,0.675,0.65,0.634,0.617,0.6,0.583,0.577,0.569,0.558,0.559,0.564,0.571,0.578,0.569
1929,0.582,0.513,0.522,0.5,0.477,0.453,0.425,0.425,0.463,0.498,0.521,0.524,0.492,0.498,0.458,0.484,0.466,0.452,0.46,0.412,0.639,0.615,0.182,0.179,0.176,0.172,0.168,0.164,0.159,0.155,0.151,0.147,0.143,0.517,0.582,0.646,0.694,0.723,0.716,0.664,0.659,0.656,0.634,0.646,0.657,0.674,0.692,0.675,0.65,0.634,0.617
1939,0.841,0.748,0.659,0.46,0.343,0.293,0.264,0.236,0.286,0.352,0.447,0.513,0.522,0.5,0.477,0.453,0.425,0.425,0.463,0.498,0.452,0.459,0.205,0.204,0.202,0.2,0.199,0.197,0.194,0.191,0.188,0.185,0.182,0.825,0.841,0.849,0.79,0.695,0.582,0.431,0.378,0.393,0.455,0.517,0.582,0.646,0.694,0.723,0.716,0.664,0.659
1949,0.72,0.575,0.625,0.67,0.695,0.695,0.723,0.774,0.845,0.851,0.825,0.748,0.659,0.46,0.343,0.293,0.264,0.236,0.286,0.352,0.576,0.57,0.18,0.249,0.264,0.257,0.249,0.24,0.23,0.221,0.211,0.207,0.205,0.729,0.72,0.711,0.731,0.752,0.773,0.787,0.792,0.798,0.808,0.825,0.841,0.849,0.79,0.695,0.582,0.431,0.378
1959,0.838,0.67,0.628,0.628,0.658,0.675,0.671,0.617,0.596,0.554,0.588,0.575,0.625,0.67,0.695,0.695,0.723,0.774,0.845,0.851,0.58,0.574,0.236,0.201,0.167,0.133,0.0983,0.0713,0.0724,0.0735,0.0746,0.112,0.18,0.869,0.838,0.807,0.777,0.746,0.749,0.754,0.759,0.764,0.762,0.729,0.72,0.711,0.731,0.752,0.773,0.787,0.792
1969,0.586,0.59,0.618,0.645,0.691,0.724,0.8,0.814,0.814,0.753,0.719,0.67,0.628,0.628,0.658,0.675,0.671,0.617,0.596,0.554,0.701,0.62,0.218,0.206,0.206,0.217,0.227,0.237,0.248,0.258,0.269,0.27,0.236,0.504,0.586,0.658,0.712,0.748,0.784,0.82,0.852,0.874,0.897,0.869,0.838,0.807,0.777,0.746,0.749,0.754,0.759
1979,0.0546,0.312,0.312,0.312,0.287,0.314,0.393,0.414,0.446,0.535,0.585,0.59,0.618,0.645,0.691,0.724,0.8,0.814,0.814,0.753,0.545,0.552,0.337,0.325,0.313,0.302,0.29,0.278,0.266,0.254,0.242,0.23,0.218,0.061,0.0546,0.0695,0.0871,0.116,0.146,0.174,0.196,0.305,0.422,0.504,0.586,0.658,0.712,0.748,0.784,0.82,0.852
1989,0.18,0.359,0.347,0.285,0.303,0.321,0.336,0.307,0.291,0.287,0.284,0.312,0.312,0.312,0.287,0.314,0.393,0.414,0.446,0.535,0.643,0.647,0.295,0.32,0.345,0.37,0.395,0.411,0.396,0.38,0.365,0.349,0.337,0.199,0.18,0.161,0.135,0.0876,0.0425,0.00891,0.0049,0.0675,0.0675,0.061,0.0546,0.0695,0.0871,0.116,0.146,0.174,0.196
1999,0.623,0.545,0.51,0.471,0.471,0.472,0.427,0.395,0.396,0.389,0.384,0.359,0.347,0.285,0.303,0.321,0.336,0.307,0.291,0.287,0.7,0.705,0.238,0.239,0.24,0.241,0.242,0.242,0.243,0.244,0.246,0.271,0.295,0.655,0.623,0.591,0.559,0.489,0.418,0.347,0.327,0.276,0.219,0.199,0.18,0.161,0.135,0.0876,0.0425,0.00891,0.0049
2009,0.734,0.67,0.683,0.667,0.624,0.663,0.692,0.633,0.602,0.593,0.553,0.545,0.51,0.471,0.471,0.472,0.427,0.395,0.396,0.389,0.762,0.749,0.25,0.24,0.231,0.221,0.212,0.202,0.203,0.222,0.237,0.238,0.238,0.729,0.734,0.739,0.744,0.748,0.74,0.732,0.726,0.721,0.7,0.655,0.623,0.591,0.559,0.489,0.418,0.347,0.327
2019,0.639,0.55,0.574,0.552,0.54,0.575,0.611,0.647,0.639,0.628,0.66,0.67,0.683,0.667,0.624,0.663,0.692,0.633,0.602,0.593,0.546,0.553,0.347,0.328,0.318,0.349,0.32,0.298,0.288,0.279,0.269,0.259,0.25,0.602,0.639,0.671,0.704,0.719,0.731,0.742,0.717,0.724,0.727,0.729,0.734,0.739,0.744,0.748,0.74,0.732,0.726
2029,0.408,0.409,0.352,0.294,0.28,0.287,0.311,0.387,0.468,0.497,0.526,0.55,0.574,0.552,0.54,0.575,0.611,0.647,0.639,0.628,0.7,0.596,0.487,0.477,0.502,0.483,0.464,0.444,0.425,0.405,0.386,0.367,0.347,0.423,0.408,0.404,0.428,0.445,0.457,0.47,0.518,0.53,0.557,0.602,0.639,0.671,0.704,0.719,0.731,0.742,0.717
2039,0.275,0.355,0.35,0.383,0.437,0.42,0.458,0.458,0.396,0.38,0.417,0.409,0.352,0.294,0.28,0.287,0.311,0.387,0.468,0.497,0.502,0.51,0.507,0.507,0.506,0.506,0.505,0.505,0.504,0.504,0.503,0.496,0.487,0.29,0.275,0.299,0.333,0.369,0.405,0.437,0.44,0.444,0.438,0.423,0.408,0.404,0.428,0.445,0.457,0.47,0.518
2049,0.429,0.425,0.421,0.406,0.377,0.367,0.358,0.319,0.326,0.333,0.35,0.355,0.35,0.383,0.437,0.42,0.458,0.458,0.396,0.38,0.377,0.381,0.224,0.22,0.229,0.252,0.289,0.326,0.362,0.399,0.436,0.472,0.507,0.445,0.429,0.413,0.398,0.382,0.365,0.35,0.335,0.32,0.305,0.29,0.275,0.299,0.333,0.369,0.405,0.437,0.44
2059,0.596,0.579,0.574,0.565,0.497,0.505,0.496,0.456,0.451,0.423,0.403,0.425,0.421,0.406,0.377,0.367,0.358,0.319,0.326,0.333,0.456,0.378,0.235,0.269,0.267,0.266,0.265,0.263,0.262,0.26,0.259,0.258,0.224,0.596,0.596,0.597,0.635,0.608,0.577,0.547,0.515,0.483,0.461,0.445,0.429,0.413,0.398,0.382,0.365,0.35,0.335
2069,0.576,0.517,0.552,0.539,0.541,0.538,0.525,0.53,0.526,0.559,0.585,0.579,0.574,0.565,0.497,0.505,0.496,0.456,0.451,0.423,0.529,0.532,0.316,0.314,0.312,0.309,0.304,0.299,0.293,0.288,0.283,0.233,0.235,0.568,0.576,0.585,0.593,0.594,0.594,0.594,0.595,0.595,0.595,0.596,0.596,0.597,0.635,0.608,0.577,0.547,0.515
2079,0.32,0.382,0.39,0.459,0.467,0.462,0.481,0.52,0.576,0.53,0.503,0.517,0.552,0.539,0.541,0.538,0.525,0.53,0.526,0.559,0.554,0.558,0.366,0.356,0.341,0.326,0.31,0.295,0.279,0.264,0.321,0.319,0.316,0.35,0.32,0.373,0.407,0.414,0.441,0.491,0.53,0.544,0.557,0.568,0.576,0.585,0.593,0.594,0.594,0.594,0.595
2089,0.653,0.574,0.607,0.593,0.529,0.521,0.468,0.381,0.34,0.392,0.402,0.382,0.39,0.459,0.467,0.462,0.481,0.52,0.576,0.53,0.353,0.374,0.28,0.284,0.288,0.292,0.296,0.301,0.305,0.309,0.313,0.338,0.366,0.645,0.653,0.661,0.655,0.645,0.635,0.589,0.525,0.475,0.418,0.35,0.32,0.373,0.407,0.414,0.441,0.491,0.53
2099,0.62,0.566,0.528,0.563,0.524,0.535,0.528,0.546,0.555,0.577,0.574,0.574,0.607,0.593,0.529,0.521,0.468,0.381,0.34,0.392,0.439,0.378,0.239,0.243,0.247,0.251,0.255,0.259,0.264,0.268,0.272,0.276,0.28,0.609,0.62,0.639,0.659,0.678,0.66,0.659,0.651,0.629,0.637,0.645,0.653,0.661,0.655,0.645,0.635,0.589,0.525
2109,0.44,0.406,0.44,0.488,0.479,0.474,0.48,0.477,0.505,0.54,0.581,0.566,0.528,0.563,0.524,0.535,0.528,0.546,0.555,0.577,0.624,0.626,0.389,0.395,0.402,0.396,0.369,0.341,0.314,0.287,0.261,0.244,0.239,0.431,0.44,0.45,0.467,0.503,0.539,0.576,0.584,0.591,0.599,0.609,0.62,0.639,0.659,0.678,0.66,0.659,0.651
2119,0.442,0.401,0.41,0.415,0.443,0.475,0.435,0.405,0.389,0.366,0.401,0.406,0.44,0.488,0.479,0.474,0.48,0.477,0.505,0.54,0.609,0.6,0.322,0.329,0.335,0.342,0.349,0.355,0.362,0.369,0.375,0.382,0.389,0.434,0.442,0.448,0.451,0.455,0.458,0.463,0.472,0.482,0.444,0.431,0.44,0.45,0.467,0.503,0.539,0.576,0.584
2129,0.382,0.379,0.405,0.39,0.401,0.408,0.405,0.406,0.409,0.403,0.397,0.401,0.41,0.415,0.443,0.475,0.435,0.405,0.389,0.366,0.602,0.606,0.282,0.285,0.288,0.292,0.295,0.299,0.302,0.306,0.309,0.315,0.322,0.48,0.382,0.383,0.389,0.395,0.4,0.406,0.411,0.419,0.427,0.434,0.442,0.448,0.451,0.455,0.458,0.463,0.472
2139,0.593,0.464,0.435,0.476,0.478,0.512,0.52,0.447,0.388,0.362,0.352,0.379,0.405,0.39,0.401,0.408,0.405,0.406,0.409,0.403,0.381,0.369,0.29,0.287,0.283,0.28,0.277,0.273,0.27,0.271,0.275,0.278,0.282,0.625,0.593,0.569,0.532,0.531,0.53,0.536,0.544,0.551,0.524,0.48,0.382,0.383,0.389,0.395,0.4,0.406,0.411
2149,0.54,0.361,0.385,0.402,0.47,0.539,0.593,0.561,0.519,0.495,0.457,0.464,0.435,0.476,0.478,0.512,0.52,0.447,0.388,0.362,0.551,0.547,0.323,0.32,0.316,0.313,0.31,0.307,0.303,0.3,0.297,0.293,0.29,0.565,0.54,0.536,0.531,0.532,0.563,0.593,0.607,0.626,0.658,0.625,0.593,0.569,0.532,0.531,0.53,0.536,0.544
2159,0.589,0.484,0.479,0.483,0.514,0.476,0.476,0.467,0.409,0.431,0.363,0.361,0.385,0.402,0.47,0.539,0.593,0.561,0.519,0.495,0.523,0.52,0.334,0.313,0.291,0.345,0.342,0.339,0.336,0.333,0.33,0.326,0.323,0.592,0.589,0.582,0.578,0.578,0.577,0.572,0.564,0.556,0.548,0.565,0.54,0.536,0.531,0.532,0.563,0.593,0.607
2169,0.6,0.48,0.457,0.479,0.48,0.461,0.457,0.475,0.476,0.478,0.482,0.484,0.479,0.483,0.514,0.476,0.476,0.467,0.409,0.431,0.53,0.522,0.27,0.318,0.321,0.359,0.396,0.434,0.42,0.398,0.377,0.355,0.334,0.617,0.6,0.599,0.597,0.577,0.587,0.592,0.597,0.592,0.569,0.592,0.589,0.582,0.578,0.578,0.577,0.572,0.564
2179,0.696,0.541,0.516,0.535,0.525,0.555,0.549,0.56,0.503,0.482,0.467,0.48,0.457,0.479,0.48,0.461,0.457,0.475,0.476,0.478,0.519,0.526,0.314,0.31,0.306,0.301,0.297,0.293,0.288,0.284,0.279,0.275,0.27,0.678,0.696,0.696,0.692,0.678,0.662,0.657,0.653,0.648,0.641,0.617,0.6,0.599,0.597,0.577,0.587,0.592,0.597
2189,0.531,0.496,0.552,0.542,0.507,0.492,0.501,0.507,0.505,0.542,0.522,0.541,0.516,0.535,0.525,0.555,0.549,0.56,0.503,0.482,0.525,0.524,0.347,0.344,0.341,0.337,0.334,0.331,0.328,0.324,0.321,0.318,0.314,0.437,0.531,0.589,0.672,0.688,0.701,0.714,0.708,0.681,0.664,0.678,0.696,0.696,0.692,0.678,0.662,0.657,0.653
2199,0.423,0.393,0.428,0.473,0.464,0.403,0.364,0.316,0.359,0.408,0.437,0.496,0.552,0.542,0.507,0.492,0.501,0.507,0.505,0.542,0.378,0.37,0.379,0.376,0.373,0.37,0.367,0.364,0.361,0.357,0.354,0.351,0.347,0.502,0.423,0.364,0.366,0.369,0.374,0.392,0.392,0.365,0.346,0.437,0.531,0.589,0.672,0.688,0.701,0.714,0.708
2209,0.57,0.503,0.551,0.513,0.545,0.599,0.556,0.55,0.455,0.395,0.382,0.393,0.428,0.473,0.464,0.403,0.364,0.316,0.359,0.408,0.452,0.451,0.303,0.346,0.389,0.4,0.397,0.394,0.391,0.388,0.385,0.382,0.379,0.534,0.57,0.594,0.604,0.62,0.632,0.622,0.61,0.598,0.558,0.502,0.423,0.364,0.366,0.369,0.374,0.392,0.392
2219,0.482,0.431,0.431,0.414,0.401,0.388,0.402,0.429,0.466,0.47,0.499,0.503,0.551,0.513,0.545,0.599,0.556,0.55,0.455,0.395,0.501,0.502,0.261,0.238,0.215,0.203,0.193,0.183,0.172,0.172,0.216,0.259,0.303,0.506,0.482,0.458,0.438,0.426,0.415,0.403,0.427,0.462,0.498,0.534,0.57,0.594,0.604,0.62,0.632,0.622,0.61
2229,0.664,0.514,0.516,0.518,0.479,0.499,0.467,0.451,0.448,0.45,0.454,0.431,0.431,0.414,0.401,0.388,0.402,0.429,0.466,0.47,0.514,0.509,0.365,0.377,0.37,0.362,0.353,0.344,0.335,0.327,0.306,0.283,0.261,0.706,0.664,0.663,0.661,0.644,0.622,0.599,0.577,0.554,0.53,0.506,0.482,0.458,0.438,0.426,0.415,0.403,0.427
2239,0.579,0.45,0.592,0.652,0.661,0.623,0.613,0.552,0.553,0.55,0.536,0.514,0.516,0.518,0.479,0.499,0.467,0.451,0.448,0.45,0.7,0.67,0.319,0.301,0.282,0.286,0.297,0.308,0.32,0.331,0.342,0.354,0.365,0.591,0.579,0.542,0.581,0.665,0.706,0.733,0.732,0.73,0.729,0.706,0.664,0.663,0.661,0.644,0.622,0.599,0.577
2249,0.713,0.617,0.537,0.497,0.387,0.357,0.381,0.354,0.267,0.236,0.271,0.45,0.592,0.652,0.661,0.623,0.613,0.552,0.553,0.55,0.606,0.598,0.508,0.489,0.47,0.451,0.432,0.414,0.395,0.376,0.357,0.338,0.319,0.702,0.713,0.724,0.701,0.677,0.628,0.575,0.559,0.566,0.581,0.591,0.579,0.542,0.581,0.665,0.706,0.733,0.732
2259,0.688,0.524,0.555,0.53,0.499,0.508,0.513,0.565,0.585,0.611,0.684,0.617,0.537,0.497,0.387,0.357,0.381,0.354,0.267,0.236,0.594,0.6,0.315,0.482,0.629,0.74,0.789,0.731,0.673,0.615,0.557,0.526,0.508,0.687,0.688,0.69,0.692,0.692,0.687,0.683,0.678,0.68,0.691,0.702,0.713,0.724,0.701,0.677,0.628,0.575,0.559
2269,0.734,0.566,0.496,0.486,0.508,0.533,0.544,0.516,0.521,0.497,0.505,0.524,0.555,0.53,0.499,0.508,0.513,0.565,0.585,0.611,0.536,0.558,0.425,0.426,0.393,0.329,0.309,0.309,0.309,0.309,0.309,0.309,0.315,0.735,0.734,0.728,0.691,0.677,0.676,0.686,0.682,0.685,0.684,0.687,0.688,0.69,0.692,0.692,0.687,0.683,0.678
2279,0.686,0.509,0.535,0.616,0.68,0.642,0.688,0.689,0.716,0.685,0.588,0.566,0.496,0.486,0.508,0.533,0.544,0.516,0.521,0.497,0.754,0.751,0.39,0.404,0.417,0.419,0.42,0.421,0.422,0.423,0.424,0.424,0.425,0.68,0.686,0.687,0.689,0.69,0.687,0.691,0.744,0.785,0.744,0.735,0.734,0.728,0.691,0.677,0.676,0.686,0.682
2289,0.629,0.496,0.459,0.428,0.409,0.394,0.424,0.49,0.549,0.546,0.519,0.509,0.535,0.616,0.68,0.642,0.688,0.689,0.716,0.685,0.625,0.628,0.511,0.488,0.465,0.441,0.418,0.395,0.372,0.35,0.364,0.377,0.39,0.616,0.629,0.64,0.638,0.621,0.613,0.621,0.629,0.637,0.657,0.68,0.686,0.687,0.689,0.69,0.687,0.691,0.744
2299,0.649,0.501,0.523,0.503,0.509,0.473,0.492,0.498,0.48,0.467,0.495,0.496,0.459,0.428,0.409,0.394,0.424,0.49,0.549,0.546,0.577,0.581,0.523,0.564,0.611,0.657,0.704,0.718,0.676,0.634,0.591,0.549,0.511,0.682,0.649,0.646,0.643,0.641,0.638,0.633,0.626,0.619,0.625,0.616,0.629,0.64,0.638,0.621,0.613,0.621,0.629
2309,0.659,0.518,0.542,0.536,0.61,0.654,0.681,0.637,0.533,0.513,0.511,0.501,0.523,0.503,0.509,0.473,0.492,0.498,0.48,0.467,0.599,0.604,0.348,0.346,0.313,0.312,0.31,0.338,0.392,0.44,0.468,0.496,0.523,0.658,0.659,0.66,0.669,0.679,0.685,0.694,0.71,0.711,0.711,0.682,0.649,0.646,0.643,0.641,0.638,0.633,0.626
2319,0.664,0.621,0.611,0.632,0.547,0.478,0.517,0.511,0.545,0.52,0.503,0.518,0.542,0.536,0.61,0.654,0.681,0.637,0.533,0.513,0.594,0.593,0.404,0.391,0.378,0.366,0.36,0.358,0.356,0.354,0.352,0.35,0.348,0.664,0.664,0.669,0.679,0.682,0.667,0.657,0.654,0.655,0.656,0.658,0.659,0.66,0.669,0.679,0.685,0.694,0.71
2329,0.515,0.545,0.596,0.603,0.609,0.581,0.537,0.518,0.507,0.529,0.584,0.621,0.611,0.632,0.547,0.478,0.517,0.511,0.545,0.52,0.597,0.598,0.344,0.361,0.378,0.394,0.479,0.467,0.454,0.442,0.429,0.417,0.404,0.533,0.515,0.555,0.597,0.64,0.668,0.679,0.691,0.678,0.663,0.664,0.664,0.669,0.679,0.682,0.667,0.657,0.654
2339,0.742,0.63,0.639,0.68,0.693,0.658,0.566,0.514,0.48,0.467,0.494,0.545,0.596,0.603,0.609,0.581,0.537,0.518,0.507,0.529,0.608,0.601,0.337,0.334,0.332,0.329,0.326,0.327,0.329,0.332,0.334,0.336,0.344,0.743,0.742,0.741,0.74,0.735,0.727,0.712,0.683,0.644,0.55,0.533,0.515,0.555,0.597,0.64,0.668,0.679,0.691
2349,0.677,0.621,0.662,0.671,0.633,0.609,0.609,0.603,0.632,0.653,0.652,0.63,0.639,0.68,0.693,0.658,0.566,0.514,0.48,0.467,0.677,0.675,0.241,0.234,0.283,0.315,0.318,0.322,0.325,0.329,0.332,0.335,0.337,0.647,0.677,0.697,0.709,0.71,0.728,0.723,0.718,0.721,0.733,0.743,0.742,0.741,0.74,0.735,0.727,0.712,0.683
2359,0.717,0.609,0.683,0.621,0.619,0.553,0.54,0.495,0.488,0.531,0.563,0.621,0.662,0.671,0.633,0.609,0.609,0.603,0.632,0.653,0.75,0.754,0.462,0.456,0.424,0.391,0.359,0.327,0.295,0.267,0.258,0.25,0.241,0.717,0.717,0.672,0.649,0.64,0.659,0.661,0.642,0.628,0.614,0.647,0.677,0.697,0.709,0.71,0.728,0.723,0.718
2369,0.622,0.556,0.495,0.45,0.445,0.543,0.65,0.685,0.662,0.622,0.605,0.609,0.683,0.621,0.619,0.553,0.54,0.495,0.488,0.531,0.706,0.697,0.359,0.395,0.43,0.456,0.44,0.425,0.409,0.459,0.46,0.461,0.462,0.608,0.622,0.636,0.625,0.613,0.6,0.579,0.596,0.669,0.698,0.717,0.717,0.672,0.649,0.64,0.659,0.661,0.642
2379,0.604,0.521,0.531,0.515,0.494,0.507,0.52,0.519,0.477,0.504,0.539,0.556,0.495,0.45,0.445,0.543,0.65,0.685,0.662,0.622,0.444,0.534,0.351,0.333,0.314,0.296,0.278,0.259,0.241,0.252,0.287,0.323,0.359,0.661,0.604,0.525,0.45,0.438,0.463,0.489,0.506,0.559,0.595,0.608,0.622,0.636,0.625,0.613,0.6,0.579,0.596
2389,0.731,0.691,0.752,0.825,0.843,0.789,0.745,0.745,0.719,0.668,0.555,0.521,0.531,0.515,0.494,0.507,0.52,0.519,0.477,0.504,0.747,0.672,0.282,0.292,0.302,0.312,0.323,0.363,0.402,0.39,0.378,0.365,0.351,0.719,0.731,0.738,0.745,0.758,0.775,0.791,0.808,0.757,0.708,0.661,0.604,0.525,0.45,0.438,0.463,0.489,0.506
