,X5_23,X5_24,X5_25,X5_26,X5_27,X5_28,X5_29,X5_30,X5_31,X5_32,X5_33,X5_1,X5_2,X5_3,X5_4,X5_5,X5_6,X5_7,X5_8,X5_9,X5_10,X5_11,X5_12,X5_13,X5_14,X7_23,X7_24,X7_25,X7_26,X7_27,X7_28,X7_29,X3_13,X3_14,X3_15,X3_16,X3_17,X3_18,X3_19,X3_20,X3_21,X3_22,X3_23,X3_24,X3_25,X3_26,X3_27,X3_28,X3_29,X3_30,X6_8,X6_9,X6_10,X6_11,X6_12
59,0.681,0.721,0.727,0.732,0.737,0.704,0.709,0.686,0.699,0.707,0.712,0.716,0.716,0.72,0.723,0.736,0.754,0.708,0.69,0.698,0.731,0.749,0.775,0.772,0.756,0.732,0.76,0.813,0.827,0.808,0.77,0.793,0.496,0.487,0.515,0.437,0.143,0.155,0.197,0.243,0.187,0.197,0.273,0.349,0.28,0.224,0.201,0.148,0.298,0.265,0.736,0.735,0.722,0.729,0.765
69,0.772,0.756,0.761,0.892,0.79,0.7,0.703,0.73,0.722,0.686,0.681,0.72,0.721,0.719,0.706,0.719,0.731,0.743,0.736,0.723,0.725,0.716,0.716,0.72,0.723,0.759,0.731,0.863,0.971,0.814,0.791,0.763,0.509,0.506,0.466,0.412,0.313,0.423,0.431,0.446,0.491,0.525,0.496,0.487,0.515,0.437,0.143,0.155,0.197,0.243,0.801,0.79,0.777,0.808,0.773
79,0.72,0.723,0.736,0.754,0.708,0.69,0.698,0.731,0.749,0.775,0.772,0.698,0.686,0.691,0.758,0.766,0.771,0.759,0.725,0.718,0.719,0.72,0.721,0.719,0.706,0.74,0.786,0.821,0.828,0.762,0.737,0.737,0.617,0.604,0.664,0.641,0.629,0.556,0.502,0.516,0.467,0.491,0.509,0.506,0.466,0.412,0.313,0.423,0.431,0.446,0.8,0.802,0.806,0.78,0.797
89,0.719,0.706,0.719,0.731,0.743,0.736,0.723,0.725,0.716,0.716,0.72,0.448,0.494,0.524,0.553,0.583,0.596,0.609,0.629,0.653,0.676,0.698,0.686,0.691,0.758,0.777,0.767,0.776,0.784,0.804,0.809,0.78,0.767,0.837,0.759,0.693,0.629,0.599,0.631,0.61,0.616,0.603,0.617,0.604,0.664,0.641,0.629,0.556,0.502,0.516,0.758,0.75,0.784,0.793,0.716
99,0.691,0.758,0.766,0.771,0.759,0.725,0.718,0.719,0.72,0.721,0.719,0.483,0.467,0.45,0.434,0.417,0.4,0.361,0.369,0.392,0.415,0.448,0.494,0.524,0.553,0.747,0.828,0.836,0.853,0.833,0.805,0.824,0.707,0.703,0.699,0.637,0.636,0.622,0.628,0.609,0.538,0.584,0.767,0.837,0.759,0.693,0.629,0.599,0.631,0.61,0.66,0.672,0.687,0.702,0.718
109,0.524,0.553,0.583,0.596,0.609,0.629,0.653,0.676,0.698,0.686,0.691,0.915,0.895,0.875,0.856,0.837,0.795,0.727,0.659,0.589,0.512,0.483,0.467,0.45,0.434,0.698,0.72,0.756,0.76,0.771,0.74,0.757,0.603,0.604,0.603,0.599,0.598,0.667,0.679,0.693,0.715,0.711,0.707,0.703,0.699,0.637,0.636,0.622,0.628,0.609,0.83,0.806,0.706,0.71,0.692
119,0.45,0.434,0.417,0.4,0.361,0.369,0.392,0.415,0.448,0.494,0.524,0.71,0.703,0.697,0.713,0.736,0.758,0.809,0.862,0.909,0.936,0.915,0.895,0.875,0.856,0.665,0.678,0.69,0.659,0.633,0.618,0.631,0.569,0.58,0.575,0.503,0.5,0.511,0.497,0.436,0.598,0.598,0.603,0.604,0.603,0.599,0.598,0.667,0.679,0.693,0.76,0.844,0.896,0.939,0.966
129,0.875,0.856,0.837,0.795,0.727,0.659,0.589,0.512,0.483,0.467,0.45,0.69,0.68,0.671,0.669,0.719,0.739,0.738,0.731,0.724,0.717,0.71,0.703,0.697,0.713,0.912,0.922,0.883,0.871,0.873,0.83,0.802,0.574,0.574,0.579,0.58,0.576,0.58,0.573,0.575,0.571,0.575,0.569,0.58,0.575,0.503,0.5,0.511,0.497,0.436,0.808,0.814,0.782,0.787,0.793
139,0.697,0.713,0.736,0.758,0.809,0.862,0.909,0.936,0.915,0.895,0.875,0.707,0.706,0.713,0.725,0.736,0.738,0.728,0.719,0.709,0.7,0.69,0.68,0.671,0.669,0.778,0.742,0.754,0.732,0.737,0.782,0.851,0.575,0.579,0.584,0.578,0.576,0.581,0.571,0.549,0.556,0.582,0.574,0.574,0.579,0.58,0.576,0.58,0.573,0.575,0.805,0.775,0.798,0.791,0.756
149,0.671,0.669,0.719,0.739,0.738,0.731,0.724,0.717,0.71,0.703,0.697,0.708,0.704,0.72,0.741,0.762,0.755,0.741,0.727,0.713,0.708,0.707,0.706,0.713,0.725,0.753,0.704,0.74,0.777,0.798,0.803,0.809,0.602,0.6,0.6,0.585,0.606,0.598,0.599,0.581,0.575,0.572,0.575,0.579,0.584,0.578,0.576,0.581,0.571,0.549,0.767,0.787,0.756,0.758,0.772
159,0.713,0.725,0.736,0.738,0.728,0.719,0.709,0.7,0.69,0.68,0.671,0.696,0.694,0.698,0.705,0.712,0.71,0.726,0.722,0.718,0.713,0.708,0.704,0.72,0.741,0.755,0.778,0.768,0.784,0.792,0.786,0.775,0.64,0.611,0.602,0.597,0.606,0.602,0.599,0.597,0.601,0.607,0.602,0.6,0.6,0.585,0.606,0.598,0.599,0.581,0.797,0.801,0.791,0.723,0.711
169,0.72,0.741,0.762,0.755,0.741,0.727,0.713,0.708,0.707,0.706,0.713,0.718,0.73,0.723,0.718,0.727,0.734,0.741,0.74,0.734,0.728,0.696,0.694,0.698,0.705,0.77,0.784,0.809,0.818,0.806,0.772,0.778,0.431,0.492,0.562,0.535,0.559,0.544,0.528,0.534,0.546,0.615,0.64,0.611,0.602,0.597,0.606,0.602,0.599,0.597,0.748,0.745,0.747,0.709,0.753
179,0.698,0.705,0.712,0.71,0.726,0.722,0.718,0.713,0.708,0.704,0.72,0.723,0.723,0.71,0.709,0.705,0.699,0.693,0.695,0.702,0.708,0.718,0.73,0.723,0.718,0.725,0.76,0.776,0.774,0.787,0.784,0.816,0.342,0.387,0.365,0.362,0.328,0.272,0.238,0.26,0.266,0.368,0.431,0.492,0.562,0.535,0.559,0.544,0.528,0.534,0.729,0.732,0.72,0.747,0.739
189,0.723,0.718,0.727,0.734,0.741,0.74,0.734,0.728,0.696,0.694,0.698,0.71,0.706,0.708,0.71,0.713,0.715,0.717,0.72,0.722,0.724,0.723,0.723,0.71,0.709,0.74,0.727,0.714,0.768,0.753,0.746,0.77,0.143,0.192,0.182,0.238,0.251,0.321,0.354,0.358,0.388,0.395,0.342,0.387,0.365,0.362,0.328,0.272,0.238,0.26,0.742,0.763,0.763,0.773,0.74
199,0.71,0.709,0.705,0.699,0.693,0.695,0.702,0.708,0.718,0.73,0.723,0.709,0.714,0.728,0.742,0.731,0.719,0.716,0.714,0.713,0.711,0.71,0.706,0.708,0.71,0.755,0.766,0.756,0.752,0.717,0.746,0.732,0.121,0.143,0.148,0.184,0.2,0.184,0.159,0.158,0.149,0.152,0.143,0.192,0.182,0.238,0.251,0.321,0.354,0.358,0.726,0.738,0.732,0.771,0.771
209,0.708,0.71,0.713,0.715,0.717,0.72,0.722,0.724,0.723,0.723,0.71,0.723,0.722,0.721,0.72,0.718,0.717,0.715,0.714,0.712,0.71,0.709,0.714,0.728,0.742,0.755,0.724,0.719,0.745,0.77,0.78,0.773,0.253,0.254,0.189,0.168,0.127,0.128,0.126,0.139,0.142,0.123,0.121,0.143,0.148,0.184,0.2,0.184,0.159,0.158,0.734,0.734,0.709,0.714,0.753
219,0.728,0.742,0.731,0.719,0.716,0.714,0.713,0.711,0.71,0.706,0.708,0.713,0.685,0.694,0.704,0.716,0.722,0.725,0.725,0.725,0.724,0.723,0.722,0.721,0.72,0.729,0.756,0.763,0.787,0.76,0.751,0.764,0.176,0.169,0.141,0.155,0.136,0.122,0.133,0.164,0.224,0.232,0.253,0.254,0.189,0.168,0.127,0.128,0.126,0.139,0.792,0.793,0.738,0.763,0.741
229,0.721,0.72,0.718,0.717,0.715,0.714,0.712,0.71,0.709,0.714,0.728,0.718,0.728,0.731,0.729,0.708,0.676,0.709,0.723,0.723,0.718,0.713,0.685,0.694,0.704,0.747,0.755,0.751,0.746,0.745,0.73,0.704,0.332,0.378,0.394,0.398,0.357,0.36,0.303,0.271,0.242,0.181,0.176,0.169,0.141,0.155,0.136,0.122,0.133,0.164,0.754,0.787,0.759,0.766,0.746
239,0.694,0.704,0.716,0.722,0.725,0.725,0.725,0.724,0.723,0.722,0.721,0.717,0.715,0.733,0.751,0.746,0.728,0.71,0.693,0.675,0.699,0.718,0.728,0.731,0.729,0.75,0.732,0.739,0.783,0.773,0.799,0.765,0.173,0.172,0.13,0.122,0.265,0.23,0.274,0.25,0.253,0.242,0.332,0.378,0.394,0.398,0.357,0.36,0.303,0.271,0.708,0.691,0.712,0.73,0.734
249,0.731,0.729,0.708,0.676,0.709,0.723,0.723,0.718,0.713,0.685,0.694,0.798,0.793,0.789,0.784,0.779,0.775,0.764,0.747,0.737,0.727,0.717,0.715,0.733,0.751,0.79,0.816,0.763,0.697,0.751,0.772,0.759,0.156,0.0994,0.0529,0.0142,0.00753,0.0447,0.112,0.133,0.172,0.184,0.173,0.172,0.13,0.122,0.265,0.23,0.274,0.25,0.77,0.727,0.733,0.704,0.653
259,0.733,0.751,0.746,0.728,0.71,0.693,0.675,0.699,0.718,0.728,0.731,0.71,0.717,0.723,0.726,0.72,0.725,0.777,0.8,0.802,0.803,0.798,0.793,0.789,0.784,0.73,0.728,0.776,0.78,0.741,0.701,0.688,0.465,0.443,0.4,0.346,0.299,0.218,0.173,0.141,0.114,0.138,0.156,0.0994,0.0529,0.0142,0.00753,0.0447,0.112,0.133,0.787,0.79,0.806,0.781,0.752
269,0.789,0.784,0.779,0.775,0.764,0.747,0.737,0.727,0.717,0.715,0.733,0.701,0.716,0.724,0.708,0.722,0.732,0.753,0.697,0.719,0.709,0.71,0.717,0.723,0.726,0.766,0.786,0.783,0.805,0.784,0.781,0.737,0.419,0.433,0.479,0.554,0.578,0.558,0.524,0.522,0.483,0.493,0.465,0.443,0.4,0.346,0.299,0.218,0.173,0.141,0.723,0.754,0.727,0.752,0.745
279,0.723,0.726,0.72,0.725,0.777,0.8,0.802,0.803,0.798,0.793,0.789,0.75,0.727,0.692,0.716,0.713,0.71,0.708,0.705,0.708,0.72,0.701,0.716,0.724,0.708,0.706,0.703,0.667,0.656,0.708,0.774,0.776,0.235,0.253,0.333,0.305,0.324,0.329,0.4,0.4,0.451,0.415,0.419,0.433,0.479,0.554,0.578,0.558,0.524,0.522,0.698,0.704,0.704,0.704,0.698
289,0.724,0.708,0.722,0.732,0.753,0.697,0.719,0.709,0.71,0.717,0.723,0.718,0.713,0.727,0.715,0.729,0.708,0.725,0.737,0.738,0.749,0.75,0.727,0.692,0.716,0.695,0.7,0.735,0.733,0.747,0.709,0.736,0.00547,0.0273,0.0195,0.0048,0.00404,0.0226,0.0591,0.142,0.103,0.235,0.235,0.253,0.333,0.305,0.324,0.329,0.4,0.4,0.757,0.764,0.783,0.799,0.792
299,0.692,0.716,0.713,0.71,0.708,0.705,0.708,0.72,0.701,0.716,0.724,0.709,0.711,0.715,0.717,0.749,0.678,0.707,0.71,0.681,0.696,0.718,0.713,0.727,0.715,0.727,0.764,0.78,0.767,0.752,0.721,0.722,0.233,0.204,0.217,0.181,0.198,0.234,0.163,0.161,0.0831,0.0535,0.00547,0.0273,0.0195,0.0048,0.00404,0.0226,0.0591,0.142,0.756,0.751,0.729,0.741,0.753
309,0.727,0.715,0.729,0.708,0.725,0.737,0.738,0.749,0.75,0.727,0.692,0.718,0.714,0.698,0.691,0.712,0.71,0.707,0.74,0.715,0.734,0.709,0.711,0.715,0.717,0.763,0.716,0.72,0.697,0.69,0.761,0.761,0.0103,0.0463,0.0336,0.0358,0.143,0.118,0.152,0.272,0.258,0.218,0.233,0.204,0.217,0.181,0.198,0.234,0.163,0.161,0.745,0.725,0.75,0.751,0.755
319,0.715,0.717,0.749,0.678,0.707,0.71,0.681,0.696,0.718,0.713,0.727,0.719,0.716,0.694,0.712,0.714,0.716,0.718,0.719,0.719,0.72,0.718,0.714,0.698,0.691,0.771,0.779,0.775,0.752,0.765,0.742,0.721,0.0212,0.0122,0.0287,0.0391,0.039,0.0621,0.013,0.0464,0.0141,0.0537,0.0103,0.0463,0.0336,0.0358,0.143,0.118,0.152,0.272,0.74,0.765,0.785,0.776,0.725
329,0.698,0.691,0.712,0.71,0.707,0.74,0.715,0.734,0.709,0.711,0.715,0.731,0.724,0.728,0.738,0.729,0.718,0.719,0.722,0.727,0.727,0.719,0.716,0.694,0.712,0.751,0.757,0.74,0.732,0.726,0.727,0.728,0.0412,0.101,0.0847,0.0574,0.0387,0.0295,0.0486,0.0246,0.0107,0.0189,0.0212,0.0122,0.0287,0.0391,0.039,0.0621,0.013,0.0464,0.763,0.743,0.772,0.77,0.759
339,0.694,0.712,0.714,0.716,0.718,0.719,0.719,0.72,0.718,0.714,0.698,0.734,0.738,0.742,0.746,0.753,0.761,0.769,0.763,0.749,0.738,0.731,0.724,0.728,0.738,0.726,0.744,0.742,0.735,0.766,0.767,0.778,0.168,0.133,0.0795,0.0621,0.0779,0.0745,0.0832,0.0805,0.044,0.0594,0.0412,0.101,0.0847,0.0574,0.0387,0.0295,0.0486,0.0246,0.871,0.839,0.81,0.813,0.809
349,0.728,0.738,0.729,0.718,0.719,0.722,0.727,0.727,0.719,0.716,0.694,0.729,0.729,0.728,0.721,0.713,0.704,0.695,0.711,0.733,0.741,0.734,0.738,0.742,0.746,0.792,0.798,0.779,0.786,0.773,0.759,0.749,0.337,0.334,0.35,0.35,0.316,0.273,0.238,0.237,0.224,0.18,0.168,0.133,0.0795,0.0621,0.0779,0.0745,0.0832,0.0805,0.84,0.871,0.871,0.841,0.819
359,0.742,0.746,0.753,0.761,0.769,0.763,0.749,0.738,0.731,0.724,0.728,0.738,0.73,0.73,0.73,0.73,0.73,0.73,0.73,0.73,0.73,0.729,0.729,0.728,0.721,0.792,0.811,0.8,0.813,0.839,0.824,0.804,0.439,0.39,0.408,0.389,0.447,0.483,0.436,0.406,0.391,0.366,0.337,0.334,0.35,0.35,0.316,0.273,0.238,0.237,0.852,0.869,0.829,0.833,0.846
369,0.728,0.721,0.713,0.704,0.695,0.711,0.733,0.741,0.734,0.738,0.742,0.814,0.809,0.804,0.801,0.798,0.796,0.784,0.773,0.761,0.75,0.738,0.73,0.73,0.73,0.854,0.83,0.83,0.83,0.788,0.831,0.865,0.515,0.52,0.57,0.569,0.558,0.537,0.496,0.502,0.484,0.459,0.439,0.39,0.408,0.389,0.447,0.483,0.436,0.406,0.901,0.899,0.889,0.893,0.867
379,0.73,0.73,0.73,0.73,0.73,0.73,0.73,0.73,0.729,0.729,0.728,0.841,0.835,0.83,0.824,0.818,0.815,0.815,0.815,0.815,0.814,0.814,0.809,0.804,0.801,0.826,0.85,0.837,0.847,0.843,0.842,0.841,0.664,0.654,0.648,0.634,0.603,0.563,0.537,0.522,0.494,0.494,0.515,0.52,0.57,0.569,0.558,0.537,0.496,0.502,0.899,0.935,0.915,0.898,0.901
389,0.804,0.801,0.798,0.796,0.784,0.773,0.761,0.75,0.738,0.73,0.73,0.812,0.815,0.818,0.822,0.825,0.829,0.833,0.836,0.84,0.844,0.841,0.835,0.83,0.824,0.899,0.889,0.869,0.867,0.888,0.88,0.889,0.673,0.631,0.603,0.617,0.604,0.649,0.689,0.712,0.704,0.678,0.664,0.654,0.648,0.634,0.603,0.563,0.537,0.522,0.902,0.876,0.9,0.935,0.953
399,0.83,0.824,0.818,0.815,0.815,0.815,0.815,0.814,0.814,0.809,0.804,0.748,0.774,0.8,0.818,0.815,0.812,0.805,0.794,0.802,0.808,0.812,0.815,0.818,0.822,0.936,0.935,0.932,0.945,0.884,0.865,0.899,0.707,0.709,0.744,0.751,0.757,0.746,0.745,0.744,0.732,0.674,0.673,0.631,0.603,0.617,0.604,0.649,0.689,0.712,0.9,0.897,0.894,0.878,0.91
409,0.818,0.822,0.825,0.829,0.833,0.836,0.84,0.844,0.841,0.835,0.83,0.707,0.712,0.716,0.724,0.761,0.754,0.763,0.712,0.702,0.692,0.748,0.774,0.8,0.818,0.881,0.883,0.891,0.906,0.882,0.869,0.86,0.708,0.723,0.687,0.667,0.597,0.636,0.618,0.615,0.651,0.679,0.707,0.709,0.744,0.751,0.757,0.746,0.745,0.744,0.821,0.751,0.779,0.803,0.8
419,0.8,0.818,0.815,0.812,0.805,0.794,0.802,0.808,0.812,0.815,0.818,0.721,0.718,0.715,0.713,0.723,0.727,0.72,0.712,0.704,0.703,0.707,0.712,0.716,0.724,0.829,0.871,0.911,0.911,0.864,0.921,0.904,0.511,0.535,0.513,0.463,0.409,0.39,0.45,0.57,0.631,0.672,0.708,0.723,0.687,0.667,0.597,0.636,0.618,0.615,0.834,0.808,0.815,0.796,0.807
429,0.716,0.724,0.761,0.754,0.763,0.712,0.702,0.692,0.748,0.774,0.8,0.722,0.718,0.715,0.711,0.719,0.727,0.735,0.738,0.729,0.724,0.721,0.718,0.715,0.713,0.806,0.825,0.859,0.869,0.906,0.806,0.785,0.381,0.395,0.462,0.413,0.415,0.335,0.4,0.442,0.444,0.508,0.511,0.535,0.513,0.463,0.409,0.39,0.45,0.57,0.872,0.876,0.837,0.837,0.818
439,0.715,0.713,0.723,0.727,0.72,0.712,0.704,0.703,0.707,0.712,0.716,0.71,0.712,0.714,0.715,0.717,0.719,0.733,0.733,0.729,0.725,0.722,0.718,0.715,0.711,0.821,0.809,0.824,0.837,0.869,0.825,0.828,0.517,0.528,0.571,0.58,0.539,0.487,0.411,0.407,0.387,0.395,0.381,0.395,0.462,0.413,0.415,0.335,0.4,0.442,0.845,0.822,0.81,0.82,0.842
449,0.715,0.711,0.719,0.727,0.735,0.738,0.729,0.724,0.721,0.718,0.715,0.714,0.698,0.697,0.717,0.729,0.723,0.716,0.709,0.707,0.709,0.71,0.712,0.714,0.715,0.805,0.758,0.8,0.832,0.846,0.888,0.847,0.534,0.554,0.612,0.605,0.606,0.555,0.545,0.507,0.568,0.554,0.517,0.528,0.571,0.58,0.539,0.487,0.411,0.407,0.812,0.771,0.761,0.837,0.81
459,0.714,0.715,0.717,0.719,0.733,0.733,0.729,0.725,0.722,0.718,0.715,0.72,0.71,0.7,0.712,0.73,0.749,0.758,0.747,0.736,0.725,0.714,0.698,0.697,0.717,0.761,0.757,0.788,0.787,0.786,0.827,0.807,0.454,0.485,0.517,0.476,0.453,0.436,0.461,0.472,0.529,0.548,0.534,0.554,0.612,0.605,0.606,0.555,0.545,0.507,0.866,0.83,0.804,0.798,0.771
469,0.697,0.717,0.729,0.723,0.716,0.709,0.707,0.709,0.71,0.712,0.714,0.721,0.723,0.72,0.717,0.714,0.717,0.721,0.725,0.729,0.731,0.72,0.71,0.7,0.712,0.747,0.767,0.81,0.815,0.797,0.783,0.754,0.542,0.578,0.566,0.48,0.432,0.352,0.336,0.327,0.332,0.332,0.454,0.485,0.517,0.476,0.453,0.436,0.461,0.472,0.833,0.865,0.859,0.824,0.814
479,0.7,0.712,0.73,0.749,0.758,0.747,0.736,0.725,0.714,0.698,0.697,0.718,0.728,0.731,0.705,0.715,0.723,0.7,0.705,0.71,0.715,0.721,0.723,0.72,0.717,0.785,0.794,0.818,0.841,0.85,0.868,0.821,0.536,0.547,0.521,0.555,0.598,0.605,0.585,0.531,0.515,0.528,0.542,0.578,0.566,0.48,0.432,0.352,0.336,0.327,0.853,0.847,0.833,0.835,0.852
489,0.72,0.717,0.714,0.717,0.721,0.725,0.729,0.731,0.72,0.71,0.7,0.71,0.732,0.76,0.763,0.748,0.74,0.733,0.726,0.696,0.707,0.718,0.728,0.731,0.705,0.819,0.828,0.802,0.799,0.795,0.804,0.83,0.442,0.456,0.455,0.503,0.491,0.532,0.551,0.551,0.543,0.492,0.536,0.547,0.521,0.555,0.598,0.605,0.585,0.531,0.808,0.786,0.793,0.809,0.811
499,0.731,0.705,0.715,0.723,0.7,0.705,0.71,0.715,0.721,0.723,0.72,0.695,0.695,0.736,0.759,0.771,0.775,0.793,0.755,0.711,0.709,0.71,0.732,0.76,0.763,0.802,0.796,0.817,0.835,0.795,0.819,0.816,0.472,0.429,0.372,0.354,0.327,0.312,0.32,0.399,0.436,0.452,0.442,0.456,0.455,0.503,0.491,0.532,0.551,0.551,0.887,0.826,0.791,0.787,0.81
509,0.76,0.763,0.748,0.74,0.733,0.726,0.696,0.707,0.718,0.728,0.731,0.709,0.709,0.714,0.73,0.715,0.724,0.73,0.737,0.705,0.702,0.695,0.695,0.736,0.759,0.813,0.82,0.836,0.804,0.827,0.815,0.771,0.62,0.625,0.665,0.628,0.566,0.512,0.426,0.478,0.466,0.518,0.472,0.429,0.372,0.354,0.327,0.312,0.32,0.399,0.884,0.845,0.825,0.82,0.831
519,0.736,0.759,0.771,0.775,0.793,0.755,0.711,0.709,0.71,0.732,0.76,0.695,0.728,0.741,0.726,0.717,0.711,0.707,0.707,0.707,0.708,0.709,0.709,0.714,0.73,0.835,0.843,0.862,0.895,0.839,0.839,0.791,0.506,0.495,0.517,0.492,0.456,0.432,0.404,0.46,0.536,0.582,0.62,0.625,0.665,0.628,0.566,0.512,0.426,0.478,0.819,0.829,0.84,0.839,0.837
529,0.714,0.73,0.715,0.724,0.73,0.737,0.705,0.702,0.695,0.695,0.736,0.732,0.705,0.699,0.72,0.721,0.725,0.709,0.717,0.733,0.748,0.695,0.728,0.741,0.726,0.787,0.791,0.802,0.83,0.835,0.85,0.823,0.322,0.359,0.324,0.381,0.469,0.489,0.468,0.514,0.465,0.493,0.506,0.495,0.517,0.492,0.456,0.432,0.404,0.46,0.809,0.828,0.814,0.799,0.841
539,0.741,0.726,0.717,0.711,0.707,0.707,0.707,0.708,0.709,0.709,0.714,0.742,0.68,0.699,0.705,0.71,0.728,0.734,0.727,0.754,0.736,0.732,0.705,0.699,0.72,0.839,0.809,0.806,0.782,0.769,0.78,0.795,0.352,0.349,0.374,0.318,0.343,0.348,0.328,0.315,0.322,0.382,0.322,0.359,0.324,0.381,0.469,0.489,0.468,0.514,0.805,0.839,0.794,0.803,0.769
549,0.699,0.72,0.721,0.725,0.709,0.717,0.733,0.748,0.695,0.728,0.741,0.707,0.711,0.698,0.681,0.696,0.735,0.765,0.781,0.743,0.727,0.742,0.68,0.699,0.705,0.748,0.757,0.779,0.777,0.758,0.772,0.832,0.405,0.457,0.448,0.478,0.447,0.417,0.373,0.291,0.316,0.263,0.352,0.349,0.374,0.318,0.343,0.348,0.328,0.315,0.881,0.852,0.833,0.836,0.804
559,0.699,0.705,0.71,0.728,0.734,0.727,0.754,0.736,0.732,0.705,0.699,0.799,0.774,0.766,0.761,0.781,0.794,0.801,0.807,0.716,0.703,0.707,0.711,0.698,0.681,0.751,0.763,0.791,0.792,0.775,0.818,0.828,0.308,0.411,0.514,0.546,0.5,0.402,0.296,0.312,0.341,0.396,0.405,0.457,0.448,0.478,0.447,0.417,0.373,0.291,0.892,0.809,0.831,0.853,0.83
569,0.698,0.681,0.696,0.735,0.765,0.781,0.743,0.727,0.742,0.68,0.699,0.946,0.919,0.848,0.826,0.819,0.812,0.805,0.798,0.791,0.792,0.799,0.774,0.766,0.761,0.793,0.742,0.756,0.784,0.857,0.874,0.837,0.747,0.747,0.693,0.596,0.497,0.355,0.21,0.307,0.289,0.266,0.308,0.411,0.514,0.546,0.5,0.402,0.296,0.312,0.782,0.804,0.797,0.817,0.827
579,0.766,0.761,0.781,0.794,0.801,0.807,0.716,0.703,0.707,0.711,0.698,0.753,0.748,0.796,0.815,0.832,0.862,0.913,0.932,1.0,0.983,0.946,0.919,0.848,0.826,0.782,0.777,0.791,0.835,0.9,0.868,0.784,0.743,0.717,0.717,0.725,0.705,0.74,0.751,0.744,0.749,0.749,0.747,0.747,0.693,0.596,0.497,0.355,0.21,0.307,0.833,0.968,1.0,0.968,0.897
589,0.848,0.826,0.819,0.812,0.805,0.798,0.791,0.792,0.799,0.774,0.766,0.773,0.788,0.759,0.745,0.739,0.733,0.73,0.734,0.744,0.755,0.753,0.748,0.796,0.815,0.855,0.79,0.755,0.759,0.784,0.791,0.8,0.757,0.745,0.739,0.756,0.751,0.759,0.757,0.759,0.753,0.756,0.743,0.717,0.717,0.725,0.705,0.74,0.751,0.744,0.704,0.716,0.651,0.645,0.63
599,0.796,0.815,0.832,0.862,0.913,0.932,1.0,0.983,0.946,0.919,0.848,0.762,0.793,0.778,0.772,0.768,0.763,0.758,0.755,0.753,0.759,0.773,0.788,0.759,0.745,0.637,0.678,0.697,0.737,0.806,0.84,0.96,0.345,0.336,0.37,0.387,0.414,0.458,0.515,0.552,0.665,0.733,0.757,0.745,0.739,0.756,0.751,0.759,0.757,0.759,0.749,0.739,0.752,0.775,0.815
609,0.759,0.745,0.739,0.733,0.73,0.734,0.744,0.755,0.753,0.748,0.796,0.8,0.808,0.803,0.742,0.607,0.615,0.623,0.632,0.702,0.726,0.762,0.793,0.778,0.772,0.816,0.797,0.708,0.75,0.716,0.696,0.705,0.752,0.758,0.746,0.708,0.689,0.661,0.613,0.544,0.499,0.375,0.345,0.336,0.37,0.387,0.414,0.458,0.515,0.552,0.626,0.658,0.663,0.712,0.764
619,0.778,0.772,0.768,0.763,0.758,0.755,0.753,0.759,0.773,0.788,0.759,0.736,0.734,0.767,0.772,0.769,0.766,0.763,0.77,0.78,0.79,0.8,0.808,0.803,0.742,0.747,0.748,0.752,0.735,0.727,0.757,0.763,0.303,0.0757,0.0,0.00144,0.205,0.504,0.746,0.747,0.753,0.748,0.752,0.758,0.746,0.708,0.689,0.661,0.613,0.544,0.81,0.82,0.831,0.849,0.94
629,0.803,0.742,0.607,0.615,0.623,0.632,0.702,0.726,0.762,0.793,0.778,0.684,0.675,0.723,0.755,0.759,0.753,0.744,0.734,0.725,0.733,0.736,0.734,0.767,0.772,0.995,0.958,0.739,0.66,0.622,0.628,0.661,0.736,0.701,0.718,0.713,0.725,0.72,0.73,0.698,0.612,0.486,0.303,0.0757,0.0,0.00144,0.205,0.504,0.746,0.747,0.814,0.824,0.821,0.798,0.813
639,0.767,0.772,0.769,0.766,0.763,0.77,0.78,0.79,0.8,0.808,0.803,0.688,0.687,0.691,0.701,0.717,0.726,0.717,0.709,0.701,0.692,0.684,0.675,0.723,0.755,0.811,0.802,0.833,0.834,0.794,0.771,0.811,0.74,0.76,0.705,0.692,0.667,0.673,0.651,0.668,0.667,0.704,0.736,0.701,0.718,0.713,0.725,0.72,0.73,0.698,0.808,0.801,0.772,0.739,0.722
649,0.723,0.755,0.759,0.753,0.744,0.734,0.725,0.733,0.736,0.734,0.767,0.754,0.749,0.744,0.739,0.735,0.768,0.812,0.832,0.852,0.744,0.688,0.687,0.691,0.701,0.746,0.809,0.848,0.881,0.771,0.787,0.806,0.216,0.33,0.343,0.367,0.345,0.348,0.359,0.425,0.509,0.627,0.74,0.76,0.705,0.692,0.667,0.673,0.651,0.668,0.931,0.995,0.887,0.694,0.691
659,0.691,0.701,0.717,0.726,0.717,0.709,0.701,0.692,0.684,0.675,0.723,0.751,0.752,0.752,0.753,0.753,0.756,0.762,0.765,0.762,0.758,0.754,0.749,0.744,0.739,0.681,0.726,0.762,0.764,0.798,0.806,0.793,0.67,0.722,0.744,0.75,0.666,0.52,0.346,0.134,0.123,0.167,0.216,0.33,0.343,0.367,0.345,0.348,0.359,0.425,0.738,0.762,0.804,0.798,0.754
669,0.744,0.739,0.735,0.768,0.812,0.832,0.852,0.744,0.688,0.687,0.691,0.71,0.712,0.714,0.715,0.716,0.717,0.741,0.747,0.75,0.75,0.751,0.752,0.752,0.753,0.696,0.668,0.67,0.72,0.818,0.92,0.982,0.656,0.647,0.671,0.651,0.668,0.643,0.654,0.63,0.597,0.623,0.67,0.722,0.744,0.75,0.666,0.52,0.346,0.134,0.745,0.737,0.746,0.74,0.737
679,0.752,0.753,0.753,0.756,0.762,0.765,0.762,0.758,0.754,0.749,0.744,0.726,0.72,0.715,0.709,0.705,0.701,0.698,0.704,0.707,0.709,0.71,0.712,0.714,0.715,0.707,0.698,0.709,0.682,0.689,0.722,0.72,0.536,0.581,0.59,0.641,0.663,0.637,0.619,0.649,0.628,0.628,0.656,0.647,0.671,0.651,0.668,0.643,0.654,0.63,0.662,0.704,0.712,0.749,0.755
689,0.714,0.715,0.716,0.717,0.741,0.747,0.75,0.75,0.751,0.752,0.752,0.797,0.768,0.738,0.724,0.722,0.72,0.747,0.743,0.737,0.732,0.726,0.72,0.715,0.709,0.686,0.638,0.645,0.653,0.683,0.706,0.706,0.435,0.423,0.446,0.459,0.508,0.558,0.581,0.546,0.576,0.531,0.536,0.581,0.59,0.641,0.663,0.637,0.619,0.649,0.723,0.737,0.741,0.73,0.721
699,0.715,0.709,0.705,0.701,0.698,0.704,0.707,0.709,0.71,0.712,0.714,0.737,0.73,0.745,0.708,0.711,0.714,0.685,0.703,0.716,0.758,0.797,0.768,0.738,0.724,0.683,0.686,0.652,0.672,0.65,0.654,0.683,0.579,0.567,0.573,0.611,0.613,0.588,0.549,0.487,0.452,0.393,0.435,0.423,0.446,0.459,0.508,0.558,0.581,0.546,0.662,0.695,0.759,0.786,0.813
709,0.738,0.724,0.722,0.72,0.747,0.743,0.737,0.732,0.726,0.72,0.715,0.742,0.747,0.749,0.75,0.744,0.737,0.731,0.725,0.719,0.734,0.737,0.73,0.745,0.708,0.706,0.703,0.674,0.637,0.684,0.69,0.714,0.442,0.387,0.453,0.432,0.533,0.668,0.705,0.755,0.683,0.617,0.579,0.567,0.573,0.611,0.613,0.588,0.549,0.487,0.681,0.669,0.671,0.685,0.726
719,0.745,0.708,0.711,0.714,0.685,0.703,0.716,0.758,0.797,0.768,0.738,0.848,0.757,0.68,0.684,0.724,0.749,0.753,0.756,0.76,0.737,0.742,0.747,0.749,0.75,0.701,0.67,0.695,0.672,0.609,0.642,0.645,0.7,0.649,0.626,0.574,0.545,0.501,0.527,0.524,0.483,0.455,0.442,0.387,0.453,0.432,0.533,0.668,0.705,0.755,0.803,0.768,0.669,0.707,0.71
729,0.749,0.75,0.744,0.737,0.731,0.725,0.719,0.734,0.737,0.73,0.745,0.841,0.83,0.819,0.809,0.798,0.795,0.814,0.834,0.862,0.867,0.848,0.757,0.68,0.684,0.705,0.751,0.713,0.679,0.664,0.639,0.633,0.324,0.474,0.592,0.614,0.647,0.629,0.619,0.674,0.696,0.699,0.7,0.649,0.626,0.574,0.545,0.501,0.527,0.524,0.796,0.919,0.999,0.995,0.86
739,0.68,0.684,0.724,0.749,0.753,0.756,0.76,0.737,0.742,0.747,0.749,0.826,0.818,0.809,0.804,0.805,0.806,0.808,0.818,0.827,0.837,0.841,0.83,0.819,0.809,0.612,0.606,0.628,0.672,0.709,0.75,0.696,0.648,0.662,0.703,0.698,0.751,0.757,0.676,0.532,0.4,0.287,0.324,0.474,0.592,0.614,0.647,0.629,0.619,0.674,0.798,0.815,0.844,0.847,0.84
749,0.819,0.809,0.798,0.795,0.814,0.834,0.862,0.867,0.848,0.757,0.68,0.814,0.819,0.819,0.819,0.821,0.823,0.825,0.827,0.829,0.831,0.826,0.818,0.809,0.804,0.75,0.699,0.676,0.665,0.684,0.756,0.869,0.613,0.626,0.638,0.656,0.68,0.687,0.703,0.75,0.658,0.662,0.648,0.662,0.703,0.698,0.751,0.757,0.676,0.532,0.798,0.823,0.828,0.865,0.839
759,0.809,0.804,0.805,0.806,0.808,0.818,0.827,0.837,0.841,0.83,0.819,0.831,0.832,0.834,0.835,0.836,0.83,0.823,0.816,0.809,0.805,0.814,0.819,0.819,0.819,0.769,0.73,0.729,0.703,0.707,0.74,0.759,0.686,0.696,0.719,0.723,0.743,0.748,0.746,0.732,0.674,0.634,0.613,0.626,0.638,0.656,0.68,0.687,0.703,0.75,0.827,0.829,0.792,0.797,0.789
769,0.819,0.819,0.821,0.823,0.825,0.827,0.829,0.831,0.826,0.818,0.809,0.827,0.824,0.821,0.818,0.814,0.811,0.808,0.805,0.802,0.823,0.831,0.832,0.834,0.835,0.767,0.742,0.73,0.729,0.723,0.731,0.776,0.748,0.75,0.752,0.701,0.646,0.604,0.656,0.687,0.724,0.709,0.686,0.696,0.719,0.723,0.743,0.748,0.746,0.732,0.808,0.759,0.822,0.851,0.884
779,0.834,0.835,0.836,0.83,0.823,0.816,0.809,0.805,0.814,0.819,0.819,0.809,0.798,0.789,0.796,0.803,0.81,0.817,0.824,0.831,0.83,0.827,0.824,0.821,0.818,0.836,0.833,0.835,0.845,0.797,0.805,0.776,0.597,0.577,0.559,0.558,0.582,0.622,0.665,0.731,0.744,0.753,0.748,0.75,0.752,0.701,0.646,0.604,0.656,0.687,0.812,0.825,0.853,0.861,0.861
789,0.821,0.818,0.814,0.811,0.808,0.805,0.802,0.823,0.831,0.832,0.834,0.786,0.793,0.8,0.806,0.813,0.822,0.831,0.829,0.826,0.82,0.809,0.798,0.789,0.796,0.796,0.823,0.814,0.805,0.77,0.772,0.761,0.616,0.648,0.678,0.694,0.716,0.724,0.717,0.683,0.676,0.625,0.597,0.577,0.559,0.558,0.582,0.622,0.665,0.731,0.852,0.843,0.827,0.801,0.793
799,0.789,0.796,0.803,0.81,0.817,0.824,0.831,0.83,0.827,0.824,0.821,0.759,0.759,0.759,0.758,0.758,0.768,0.779,0.784,0.76,0.777,0.786,0.793,0.8,0.806,0.735,0.733,0.732,0.747,0.753,0.76,0.772,0.734,0.701,0.727,0.745,0.694,0.684,0.638,0.606,0.596,0.605,0.616,0.648,0.678,0.694,0.716,0.724,0.717,0.683,0.769,0.74,0.682,0.75,0.755
809,0.8,0.806,0.813,0.822,0.831,0.829,0.826,0.82,0.809,0.798,0.789,0.764,0.768,0.769,0.762,0.762,0.762,0.761,0.761,0.76,0.76,0.759,0.759,0.759,0.758,0.706,0.735,0.721,0.778,0.776,0.773,0.804,0.657,0.634,0.649,0.659,0.662,0.657,0.646,0.687,0.72,0.708,0.734,0.701,0.727,0.745,0.694,0.684,0.638,0.606,0.768,0.765,0.717,0.721,0.737
819,0.759,0.758,0.758,0.768,0.779,0.784,0.76,0.777,0.786,0.793,0.8,0.668,0.664,0.66,0.666,0.681,0.696,0.712,0.726,0.741,0.755,0.764,0.768,0.769,0.762,0.738,0.703,0.675,0.66,0.695,0.708,0.668,0.681,0.674,0.642,0.609,0.595,0.586,0.576,0.582,0.611,0.631,0.657,0.634,0.649,0.659,0.662,0.657,0.646,0.687,0.686,0.671,0.721,0.716,0.727
829,0.769,0.762,0.762,0.762,0.761,0.761,0.76,0.76,0.759,0.759,0.759,0.685,0.695,0.707,0.719,0.731,0.685,0.681,0.678,0.675,0.672,0.668,0.664,0.66,0.666,0.683,0.679,0.674,0.674,0.699,0.702,0.704,0.659,0.72,0.733,0.742,0.748,0.738,0.754,0.748,0.745,0.733,0.681,0.674,0.642,0.609,0.595,0.586,0.576,0.582,0.721,0.703,0.71,0.675,0.685
839,0.66,0.666,0.681,0.696,0.712,0.726,0.741,0.755,0.764,0.768,0.769,0.663,0.662,0.663,0.665,0.666,0.667,0.668,0.67,0.671,0.675,0.685,0.695,0.707,0.719,0.593,0.58,0.629,0.623,0.617,0.606,0.622,0.748,0.75,0.749,0.74,0.748,0.702,0.673,0.673,0.653,0.675,0.659,0.72,0.733,0.742,0.748,0.738,0.754,0.748,0.718,0.706,0.696,0.685,0.713
849,0.707,0.719,0.731,0.685,0.681,0.678,0.675,0.672,0.668,0.664,0.66,0.737,0.752,0.738,0.724,0.711,0.697,0.687,0.681,0.675,0.669,0.663,0.662,0.663,0.665,0.674,0.665,0.706,0.704,0.677,0.667,0.67,0.555,0.612,0.621,0.658,0.684,0.674,0.72,0.74,0.759,0.763,0.748,0.75,0.749,0.74,0.748,0.702,0.673,0.673,0.632,0.668,0.701,0.699,0.689
859,0.663,0.665,0.666,0.667,0.668,0.67,0.671,0.675,0.685,0.695,0.707,0.661,0.686,0.704,0.7,0.696,0.693,0.689,0.686,0.7,0.719,0.737,0.752,0.738,0.724,0.642,0.66,0.669,0.665,0.661,0.669,0.673,0.805,0.757,0.644,0.553,0.476,0.419,0.438,0.474,0.504,0.509,0.555,0.612,0.621,0.658,0.684,0.674,0.72,0.74,0.61,0.596,0.636,0.608,0.682
869,0.738,0.724,0.711,0.697,0.687,0.681,0.675,0.669,0.663,0.662,0.663,0.65,0.664,0.686,0.713,0.708,0.698,0.691,0.684,0.672,0.647,0.661,0.686,0.704,0.7,0.668,0.669,0.638,0.629,0.629,0.629,0.629,0.809,0.809,0.806,0.802,0.78,0.783,0.773,0.797,0.807,0.801,0.805,0.757,0.644,0.553,0.476,0.419,0.438,0.474,0.686,0.713,0.646,0.608,0.618
879,0.704,0.7,0.696,0.693,0.689,0.686,0.7,0.719,0.737,0.752,0.738,0.627,0.656,0.653,0.651,0.65,0.673,0.703,0.683,0.666,0.661,0.65,0.664,0.686,0.713,0.637,0.662,0.652,0.646,0.604,0.553,0.555,0.805,0.8,0.753,0.717,0.776,0.761,0.711,0.77,0.768,0.812,0.809,0.809,0.806,0.802,0.78,0.783,0.773,0.797,0.69,0.706,0.663,0.605,0.623
889,0.686,0.713,0.708,0.698,0.691,0.684,0.672,0.647,0.661,0.686,0.704,0.694,0.692,0.682,0.63,0.648,0.657,0.659,0.661,0.661,0.659,0.627,0.656,0.653,0.651,0.599,0.664,0.67,0.67,0.652,0.666,0.637,0.501,0.585,0.614,0.699,0.761,0.743,0.688,0.74,0.69,0.789,0.805,0.8,0.753,0.717,0.776,0.761,0.711,0.77,0.672,0.669,0.652,0.661,0.695
899,0.653,0.651,0.65,0.673,0.703,0.683,0.666,0.661,0.65,0.664,0.686,0.565,0.638,0.632,0.664,0.651,0.667,0.656,0.673,0.69,0.696,0.694,0.692,0.682,0.63,0.633,0.621,0.588,0.555,0.628,0.67,0.643,0.265,0.251,0.252,0.167,0.189,0.238,0.237,0.336,0.396,0.454,0.501,0.585,0.614,0.699,0.761,0.743,0.688,0.74,0.621,0.657,0.679,0.756,0.748
909,0.682,0.63,0.648,0.657,0.659,0.661,0.661,0.659,0.627,0.656,0.653,0.723,0.559,0.424,0.429,0.478,0.52,0.57,0.633,0.732,0.725,0.565,0.638,0.632,0.664,0.67,0.654,0.639,0.651,0.657,0.642,0.631,0.268,0.264,0.277,0.382,0.331,0.4,0.425,0.381,0.356,0.307,0.265,0.251,0.252,0.167,0.189,0.238,0.237,0.336,0.619,0.753,0.708,0.639,0.653
919,0.632,0.664,0.651,0.667,0.656,0.673,0.69,0.696,0.694,0.692,0.682,0.676,0.675,0.662,0.655,0.682,0.702,0.712,0.721,0.727,0.725,0.723,0.559,0.424,0.429,0.636,0.629,0.622,0.653,0.597,0.595,0.624,0.391,0.498,0.505,0.496,0.493,0.51,0.465,0.391,0.349,0.338,0.268,0.264,0.277,0.382,0.331,0.4,0.425,0.381,0.767,0.819,0.847,0.909,0.731
929,0.424,0.429,0.478,0.52,0.57,0.633,0.732,0.725,0.565,0.638,0.632,0.674,0.673,0.671,0.669,0.667,0.665,0.663,0.701,0.682,0.675,0.676,0.675,0.662,0.655,0.491,0.464,0.451,0.493,0.539,0.639,0.772,0.692,0.748,0.797,0.792,0.783,0.694,0.601,0.47,0.401,0.263,0.391,0.498,0.505,0.496,0.493,0.51,0.465,0.391,0.759,0.729,0.737,0.735,0.72
939,0.662,0.655,0.682,0.702,0.712,0.721,0.727,0.725,0.723,0.559,0.424,0.688,0.679,0.67,0.677,0.669,0.66,0.701,0.678,0.676,0.675,0.674,0.673,0.671,0.669,0.64,0.62,0.65,0.695,0.718,0.758,0.775,0.604,0.645,0.671,0.643,0.709,0.711,0.64,0.672,0.664,0.63,0.692,0.748,0.797,0.792,0.783,0.694,0.601,0.47,0.753,0.71,0.743,0.731,0.744
949,0.671,0.669,0.667,0.665,0.663,0.701,0.682,0.675,0.676,0.675,0.662,0.699,0.688,0.676,0.672,0.669,0.681,0.71,0.709,0.695,0.694,0.688,0.679,0.67,0.677,0.7,0.698,0.693,0.673,0.692,0.74,0.708,0.56,0.602,0.586,0.612,0.684,0.627,0.685,0.647,0.621,0.632,0.604,0.645,0.671,0.643,0.709,0.711,0.64,0.672,0.727,0.745,0.725,0.744,0.708
959,0.67,0.677,0.669,0.66,0.701,0.678,0.676,0.675,0.674,0.673,0.671,0.669,0.666,0.664,0.671,0.691,0.71,0.721,0.723,0.723,0.711,0.699,0.688,0.676,0.672,0.674,0.684,0.695,0.669,0.714,0.7,0.689,0.72,0.735,0.754,0.772,0.78,0.713,0.707,0.636,0.633,0.6,0.56,0.602,0.586,0.612,0.684,0.627,0.685,0.647,0.786,0.808,0.818,0.737,0.75
969,0.676,0.672,0.669,0.681,0.71,0.709,0.695,0.694,0.688,0.679,0.67,0.664,0.664,0.663,0.666,0.67,0.675,0.679,0.676,0.674,0.671,0.669,0.666,0.664,0.671,0.66,0.662,0.651,0.639,0.684,0.696,0.696,0.729,0.759,0.772,0.796,0.801,0.8,0.776,0.752,0.731,0.725,0.72,0.735,0.754,0.772,0.78,0.713,0.707,0.636,0.695,0.721,0.712,0.72,0.713
979,0.664,0.671,0.691,0.71,0.721,0.723,0.723,0.711,0.699,0.688,0.676,0.664,0.661,0.664,0.665,0.661,0.657,0.655,0.656,0.665,0.677,0.664,0.664,0.663,0.666,0.663,0.655,0.673,0.697,0.707,0.771,0.77,0.563,0.579,0.638,0.702,0.671,0.698,0.701,0.687,0.706,0.701,0.729,0.759,0.772,0.796,0.801,0.8,0.776,0.752,0.614,0.699,0.701,0.685,0.69
989,0.663,0.666,0.67,0.675,0.679,0.676,0.674,0.671,0.669,0.666,0.664,0.682,0.693,0.704,0.711,0.707,0.704,0.7,0.693,0.686,0.679,0.664,0.661,0.664,0.665,0.636,0.633,0.632,0.659,0.667,0.677,0.678,0.246,0.282,0.255,0.261,0.273,0.326,0.384,0.421,0.466,0.493,0.563,0.579,0.638,0.702,0.671,0.698,0.701,0.687,0.706,0.736,0.706,0.677,0.661
999,0.664,0.665,0.661,0.657,0.655,0.656,0.665,0.677,0.664,0.664,0.663,0.7,0.703,0.705,0.708,0.71,0.712,0.715,0.708,0.698,0.689,0.682,0.693,0.704,0.711,0.619,0.666,0.696,0.696,0.659,0.632,0.68,0.757,0.692,0.615,0.513,0.421,0.353,0.312,0.272,0.251,0.3,0.246,0.282,0.255,0.261,0.273,0.326,0.384,0.421,0.749,0.698,0.683,0.68,0.711
1009,0.704,0.711,0.707,0.704,0.7,0.693,0.686,0.679,0.664,0.661,0.664,0.671,0.668,0.652,0.642,0.648,0.658,0.668,0.678,0.687,0.697,0.7,0.703,0.705,0.708,0.667,0.67,0.701,0.714,0.687,0.7,0.709,0.8,0.804,0.804,0.801,0.782,0.766,0.744,0.746,0.742,0.769,0.757,0.692,0.615,0.513,0.421,0.353,0.312,0.272,0.71,0.699,0.695,0.697,0.76
1019,0.705,0.708,0.71,0.712,0.715,0.708,0.698,0.689,0.682,0.693,0.704,0.657,0.636,0.634,0.632,0.619,0.623,0.627,0.63,0.643,0.657,0.671,0.668,0.652,0.642,0.688,0.675,0.673,0.712,0.712,0.712,0.679,0.612,0.619,0.664,0.685,0.717,0.738,0.751,0.778,0.808,0.794,0.8,0.804,0.804,0.801,0.782,0.766,0.744,0.746,0.691,0.688,0.722,0.757,0.759
1029,0.652,0.642,0.648,0.658,0.668,0.678,0.687,0.697,0.7,0.703,0.705,0.7,0.698,0.696,0.694,0.67,0.657,0.662,0.667,0.672,0.677,0.657,0.636,0.634,0.632,0.713,0.642,0.638,0.621,0.64,0.651,0.651,0.617,0.591,0.607,0.625,0.643,0.702,0.713,0.699,0.679,0.636,0.612,0.619,0.664,0.685,0.717,0.738,0.751,0.778,0.731,0.755,0.77,0.754,0.71
1039,0.634,0.632,0.619,0.623,0.627,0.63,0.643,0.657,0.671,0.668,0.652,0.694,0.695,0.696,0.694,0.691,0.684,0.671,0.657,0.688,0.703,0.7,0.698,0.696,0.694,0.665,0.649,0.656,0.637,0.64,0.644,0.643,0.798,0.765,0.743,0.79,0.797,0.808,0.757,0.696,0.649,0.589,0.617,0.591,0.607,0.625,0.643,0.702,0.713,0.699,0.731,0.751,0.779,0.792,0.745
1049,0.696,0.694,0.67,0.657,0.662,0.667,0.672,0.677,0.657,0.636,0.634,0.61,0.619,0.619,0.562,0.557,0.566,0.554,0.571,0.589,0.661,0.694,0.695,0.696,0.694,0.72,0.719,0.658,0.608,0.638,0.694,0.721,0.881,0.867,0.85,0.858,0.842,0.855,0.845,0.798,0.796,0.806,0.798,0.765,0.743,0.79,0.797,0.808,0.757,0.696,0.626,0.646,0.773,0.778,0.78
1059,0.696,0.694,0.691,0.684,0.671,0.657,0.688,0.703,0.7,0.698,0.696,0.676,0.646,0.619,0.625,0.63,0.659,0.682,0.685,0.671,0.615,0.61,0.619,0.619,0.562,0.759,0.729,0.72,0.719,0.75,0.687,0.693,0.25,0.242,0.251,0.321,0.472,0.688,0.835,1.0,0.988,0.891,0.881,0.867,0.85,0.858,0.842,0.855,0.845,0.798,0.701,0.741,0.727,0.661,0.696
1069,0.619,0.562,0.557,0.566,0.554,0.571,0.589,0.661,0.694,0.695,0.696,0.119,0.0962,0.167,0.419,0.625,0.68,0.677,0.673,0.67,0.666,0.676,0.646,0.619,0.625,0.735,0.679,0.592,0.588,0.6,0.548,0.558,0.379,0.321,0.324,0.325,0.324,0.325,0.317,0.323,0.326,0.25,0.25,0.242,0.251,0.321,0.472,0.688,0.835,1.0,0.683,0.688,0.711,0.707,0.752
1079,0.619,0.625,0.63,0.659,0.682,0.685,0.671,0.615,0.61,0.619,0.619,0.511,0.458,0.404,0.348,0.291,0.251,0.216,0.187,0.164,0.141,0.119,0.0962,0.167,0.419,0.601,0.586,0.585,0.599,0.635,0.665,0.712,0.639,0.797,0.735,0.695,0.691,0.618,0.506,0.491,0.426,0.372,0.379,0.321,0.324,0.325,0.324,0.325,0.317,0.323,0.465,0.482,0.49,0.489,0.369
1089,0.167,0.419,0.625,0.68,0.677,0.673,0.67,0.666,0.676,0.646,0.619,0.472,0.474,0.472,0.47,0.464,0.472,0.469,0.484,0.508,0.542,0.511,0.458,0.404,0.348,0.273,0.328,0.478,0.681,0.681,0.621,0.631,0.498,0.501,0.504,0.499,0.502,0.505,0.501,0.497,0.503,0.515,0.639,0.797,0.735,0.695,0.691,0.618,0.506,0.491,0.58,0.618,0.725,0.752,0.712
1099,0.404,0.348,0.291,0.251,0.216,0.187,0.164,0.141,0.119,0.0962,0.167,0.656,0.624,0.579,0.546,0.515,0.501,0.479,0.467,0.473,0.474,0.472,0.474,0.472,0.47,0.573,0.568,0.543,0.494,0.42,0.389,0.4,0.547,0.55,0.552,0.549,0.573,0.62,0.627,0.587,0.502,0.493,0.498,0.501,0.504,0.499,0.502,0.505,0.501,0.497,0.519,0.506,0.564,0.569,0.549
1109,0.472,0.47,0.464,0.472,0.469,0.484,0.508,0.542,0.511,0.458,0.404,0.783,0.795,0.781,0.737,0.693,0.679,0.683,0.687,0.691,0.676,0.656,0.624,0.579,0.546,0.518,0.532,0.532,0.525,0.522,0.536,0.579,0.397,0.4,0.401,0.407,0.408,0.468,0.504,0.492,0.534,0.557,0.547,0.55,0.552,0.549,0.573,0.62,0.627,0.587,0.621,0.646,0.652,0.64,0.654
1119,0.579,0.546,0.515,0.501,0.479,0.467,0.473,0.474,0.472,0.474,0.472,0.813,0.79,0.767,0.729,0.732,0.76,0.78,0.783,0.782,0.782,0.783,0.795,0.781,0.737,0.58,0.527,0.519,0.51,0.494,0.492,0.49,0.404,0.396,0.397,0.401,0.399,0.403,0.4,0.407,0.39,0.404,0.397,0.4,0.401,0.407,0.408,0.468,0.504,0.492,0.729,0.755,0.727,0.741,0.762
1129,0.781,0.737,0.693,0.679,0.683,0.687,0.691,0.676,0.656,0.624,0.579,0.7,0.736,0.747,0.758,0.792,0.838,0.884,0.871,0.857,0.836,0.813,0.79,0.767,0.729,0.746,0.693,0.623,0.595,0.593,0.603,0.597,0.554,0.553,0.498,0.497,0.497,0.504,0.496,0.508,0.5,0.507,0.404,0.396,0.397,0.401,0.399,0.403,0.4,0.407,0.835,0.841,0.841,0.78,0.771
1139,0.767,0.729,0.732,0.76,0.78,0.783,0.782,0.782,0.783,0.795,0.781,0.744,0.738,0.732,0.73,0.731,0.699,0.62,0.607,0.639,0.665,0.7,0.736,0.747,0.758,0.685,0.647,0.616,0.602,0.641,0.688,0.718,0.634,0.677,0.758,0.752,0.634,0.625,0.627,0.607,0.546,0.549,0.554,0.553,0.498,0.497,0.497,0.504,0.496,0.508,0.601,0.605,0.615,0.607,0.641
1149,0.747,0.758,0.792,0.838,0.884,0.871,0.857,0.836,0.813,0.79,0.767,0.805,0.799,0.791,0.784,0.776,0.769,0.763,0.758,0.754,0.749,0.744,0.738,0.732,0.73,0.579,0.537,0.6,0.666,0.786,0.78,0.798,0.633,0.576,0.55,0.501,0.491,0.624,0.619,0.627,0.631,0.622,0.634,0.677,0.758,0.752,0.634,0.625,0.627,0.607,0.674,0.649,0.617,0.633,0.608
1159,0.732,0.73,0.731,0.699,0.62,0.607,0.639,0.665,0.7,0.736,0.747,0.74,0.742,0.767,0.776,0.785,0.794,0.772,0.785,0.798,0.803,0.805,0.799,0.791,0.784,0.608,0.646,0.688,0.651,0.544,0.544,0.546,0.625,0.629,0.623,0.623,0.622,0.631,0.617,0.631,0.623,0.62,0.633,0.576,0.55,0.501,0.491,0.624,0.619,0.627,0.603,0.616,0.633,0.666,0.722
1169,0.791,0.784,0.776,0.769,0.763,0.758,0.754,0.749,0.744,0.738,0.732,0.728,0.716,0.705,0.71,0.714,0.719,0.723,0.728,0.732,0.737,0.74,0.742,0.767,0.776,0.676,0.64,0.641,0.632,0.631,0.634,0.609,0.545,0.503,0.503,0.5,0.525,0.625,0.623,0.62,0.623,0.626,0.625,0.629,0.623,0.623,0.622,0.631,0.617,0.631,0.488,0.537,0.53,0.611,0.613
1179,0.767,0.776,0.785,0.794,0.772,0.785,0.798,0.803,0.805,0.799,0.791,0.698,0.661,0.673,0.686,0.7,0.714,0.727,0.74,0.734,0.741,0.728,0.716,0.705,0.71,0.597,0.608,0.618,0.58,0.56,0.556,0.596,0.604,0.611,0.598,0.595,0.607,0.598,0.602,0.602,0.554,0.555,0.545,0.503,0.503,0.5,0.525,0.625,0.623,0.62,0.555,0.541,0.563,0.569,0.532
1189,0.705,0.71,0.714,0.719,0.723,0.728,0.732,0.737,0.74,0.742,0.767,0.72,0.715,0.709,0.703,0.703,0.707,0.727,0.751,0.757,0.736,0.698,0.661,0.673,0.686,0.488,0.489,0.491,0.473,0.475,0.478,0.509,0.673,0.669,0.677,0.681,0.681,0.678,0.674,0.677,0.59,0.596,0.604,0.611,0.598,0.595,0.607,0.598,0.602,0.602,0.572,0.562,0.565,0.501,0.406
1199,0.673,0.686,0.7,0.714,0.727,0.74,0.734,0.741,0.728,0.716,0.705,0.738,0.735,0.733,0.731,0.729,0.727,0.725,0.726,0.729,0.726,0.72,0.715,0.709,0.703,0.388,0.401,0.402,0.442,0.503,0.519,0.519,0.88,0.881,0.827,0.831,0.804,0.742,0.72,0.603,0.603,0.62,0.673,0.669,0.677,0.681,0.681,0.678,0.674,0.677,0.511,0.513,0.538,0.547,0.535
1209,0.709,0.703,0.703,0.707,0.727,0.751,0.757,0.736,0.698,0.661,0.673,0.779,0.774,0.768,0.775,0.783,0.791,0.795,0.781,0.766,0.752,0.738,0.735,0.733,0.731,0.475,0.478,0.471,0.459,0.491,0.545,0.552,0.879,0.88,0.878,0.877,0.884,0.869,0.876,0.875,0.876,0.881,0.88,0.881,0.827,0.831,0.804,0.742,0.72,0.603,0.631,0.61,0.607,0.584,0.538
1219,0.733,0.731,0.729,0.727,0.725,0.726,0.729,0.726,0.72,0.715,0.709,0.571,0.587,0.603,0.619,0.649,0.694,0.74,0.785,0.79,0.785,0.779,0.774,0.768,0.775,0.502,0.5,0.5,0.491,0.467,0.5,0.476,0.878,0.88,0.883,0.876,0.879,0.869,0.881,0.873,0.874,0.872,0.879,0.88,0.878,0.877,0.884,0.869,0.876,0.875,0.517,0.577,0.583,0.588,0.583
1229,0.768,0.775,0.783,0.791,0.795,0.781,0.766,0.752,0.738,0.735,0.733,0.694,0.696,0.684,0.667,0.617,0.568,0.518,0.521,0.538,0.555,0.571,0.587,0.603,0.619,0.533,0.532,0.53,0.563,0.614,0.608,0.585,0.876,0.876,0.878,0.88,0.881,0.873,0.875,0.877,0.881,0.876,0.878,0.88,0.883,0.876,0.879,0.869,0.881,0.873,0.42,0.394,0.393,0.381,0.398
1239,0.603,0.619,0.649,0.694,0.74,0.785,0.79,0.785,0.779,0.774,0.768,0.648,0.658,0.667,0.677,0.68,0.679,0.677,0.676,0.676,0.685,0.694,0.696,0.684,0.667,0.325,0.306,0.298,0.337,0.4,0.491,0.529,0.881,0.881,0.874,0.878,0.883,0.867,0.879,0.879,0.881,0.869,0.876,0.876,0.878,0.88,0.881,0.873,0.875,0.877,0.522,0.498,0.531,0.549,0.563
1249,0.684,0.667,0.617,0.568,0.518,0.521,0.538,0.555,0.571,0.587,0.603,0.56,0.582,0.588,0.594,0.6,0.606,0.613,0.621,0.628,0.638,0.648,0.658,0.667,0.677,0.543,0.54,0.534,0.493,0.414,0.345,0.328,0.954,0.96,0.953,0.954,0.957,0.942,0.879,0.858,0.88,0.876,0.881,0.881,0.874,0.878,0.883,0.867,0.879,0.879,0.435,0.465,0.446,0.463,0.481
1259,0.667,0.677,0.68,0.679,0.677,0.676,0.676,0.685,0.694,0.696,0.684,0.315,0.392,0.469,0.519,0.553,0.587,0.614,0.597,0.58,0.563,0.56,0.582,0.588,0.594,0.417,0.418,0.419,0.461,0.465,0.457,0.462,0.955,0.955,0.953,0.948,0.948,0.949,0.95,0.954,0.952,0.953,0.954,0.96,0.953,0.954,0.957,0.942,0.879,0.858,0.456,0.423,0.413,0.39,0.4
1269,0.588,0.594,0.6,0.606,0.613,0.621,0.628,0.638,0.648,0.658,0.667,0.331,0.291,0.336,0.402,0.458,0.502,0.507,0.489,0.414,0.35,0.315,0.392,0.469,0.519,0.383,0.373,0.36,0.378,0.362,0.374,0.398,0.852,0.855,0.858,0.844,0.864,0.86,0.954,0.951,0.954,0.953,0.955,0.955,0.953,0.948,0.948,0.949,0.95,0.954,0.526,0.486,0.395,0.297,0.312
1279,0.469,0.519,0.553,0.587,0.614,0.597,0.58,0.563,0.56,0.582,0.588,0.728,0.741,0.735,0.73,0.708,0.686,0.664,0.621,0.529,0.422,0.331,0.291,0.336,0.402,0.26,0.31,0.332,0.352,0.404,0.414,0.392,0.751,0.749,0.755,0.744,0.751,0.751,0.758,0.747,0.781,0.853,0.852,0.855,0.858,0.844,0.864,0.86,0.954,0.951,0.627,0.558,0.513,0.394,0.318
1289,0.336,0.402,0.458,0.502,0.507,0.489,0.414,0.35,0.315,0.392,0.469,0.666,0.693,0.721,0.748,0.751,0.749,0.746,0.71,0.701,0.708,0.728,0.741,0.735,0.73,0.232,0.261,0.275,0.343,0.4,0.445,0.419,0.822,0.836,0.821,0.823,0.82,0.833,0.826,0.752,0.753,0.757,0.751,0.749,0.755,0.744,0.751,0.751,0.758,0.747,0.497,0.485,0.488,0.528,0.595
1299,0.735,0.73,0.708,0.686,0.664,0.621,0.529,0.422,0.331,0.291,0.336,0.617,0.662,0.716,0.752,0.759,0.738,0.705,0.685,0.667,0.649,0.666,0.693,0.721,0.748,0.533,0.484,0.461,0.461,0.524,0.589,0.483,0.832,0.828,0.832,0.819,0.826,0.827,0.823,0.825,0.826,0.828,0.822,0.836,0.821,0.823,0.82,0.833,0.826,0.752,0.506,0.469,0.401,0.405,0.464
1309,0.721,0.748,0.751,0.749,0.746,0.71,0.701,0.708,0.728,0.741,0.735,0.619,0.645,0.649,0.655,0.654,0.628,0.691,0.693,0.643,0.612,0.617,0.662,0.716,0.752,0.505,0.549,0.565,0.564,0.514,0.458,0.417,0.826,0.826,0.829,0.829,0.827,0.83,0.829,0.831,0.828,0.827,0.832,0.828,0.832,0.819,0.826,0.827,0.823,0.825,0.529,0.495,0.395,0.369,0.389
1319,0.716,0.752,0.759,0.738,0.705,0.685,0.667,0.649,0.666,0.693,0.721,0.41,0.39,0.387,0.384,0.381,0.378,0.435,0.495,0.554,0.593,0.619,0.645,0.649,0.655,0.435,0.531,0.561,0.551,0.495,0.432,0.417,0.822,0.829,0.828,0.831,0.821,0.831,0.825,0.835,0.829,0.829,0.826,0.826,0.829,0.829,0.827,0.83,0.829,0.831,0.38,0.381,0.429,0.42,0.499
1329,0.649,0.655,0.654,0.628,0.691,0.693,0.643,0.612,0.617,0.662,0.716,0.819,0.814,0.802,0.783,0.764,0.744,0.725,0.648,0.537,0.458,0.41,0.39,0.387,0.384,0.424,0.405,0.379,0.412,0.478,0.466,0.411,0.748,0.749,0.765,0.779,0.828,0.831,0.82,0.797,0.835,0.822,0.822,0.829,0.828,0.831,0.821,0.831,0.825,0.835,0.676,0.555,0.451,0.405,0.431
1339,0.387,0.384,0.381,0.378,0.435,0.495,0.554,0.593,0.619,0.645,0.649,0.814,0.809,0.801,0.794,0.786,0.778,0.786,0.811,0.823,0.821,0.819,0.814,0.802,0.783,0.35,0.357,0.355,0.328,0.286,0.286,0.338,0.738,0.722,0.718,0.727,0.728,0.67,0.679,0.754,0.753,0.751,0.748,0.749,0.765,0.779,0.828,0.831,0.82,0.797,0.648,0.686,0.738,0.75,0.733
1349,0.802,0.783,0.764,0.744,0.725,0.648,0.537,0.458,0.41,0.39,0.387,0.464,0.526,0.589,0.651,0.697,0.703,0.709,0.714,0.731,0.773,0.814,0.809,0.801,0.794,0.693,0.687,0.666,0.657,0.666,0.616,0.467,0.823,0.796,0.774,0.776,0.782,0.781,0.775,0.772,0.776,0.779,0.738,0.722,0.718,0.727,0.728,0.67,0.679,0.754,0.534,0.574,0.637,0.713,0.729
1359,0.801,0.794,0.786,0.778,0.786,0.811,0.823,0.821,0.819,0.814,0.802,0.496,0.489,0.482,0.476,0.469,0.41,0.357,0.358,0.359,0.409,0.464,0.526,0.589,0.651,0.654,0.618,0.573,0.57,0.591,0.621,0.672,0.948,0.953,0.962,0.898,0.899,0.903,0.903,0.908,0.89,0.825,0.823,0.796,0.774,0.776,0.782,0.781,0.775,0.772,0.297,0.239,0.215,0.179,0.181
1369,0.589,0.651,0.697,0.703,0.709,0.714,0.731,0.773,0.814,0.809,0.801,0.602,0.581,0.56,0.538,0.517,0.496,0.489,0.5,0.509,0.502,0.496,0.489,0.482,0.476,0.206,0.326,0.45,0.452,0.462,0.495,0.508,0.501,0.497,0.502,0.498,0.529,0.631,0.643,0.752,0.793,0.922,0.948,0.953,0.962,0.898,0.899,0.903,0.903,0.908,0.405,0.431,0.431,0.438,0.438
1379,0.482,0.476,0.469,0.41,0.357,0.358,0.359,0.409,0.464,0.526,0.589,0.606,0.593,0.601,0.615,0.63,0.648,0.666,0.671,0.646,0.624,0.602,0.581,0.56,0.538,0.372,0.42,0.42,0.358,0.292,0.263,0.206,0.497,0.498,0.5,0.502,0.5,0.508,0.503,0.499,0.5,0.502,0.501,0.497,0.502,0.498,0.529,0.631,0.643,0.752,0.546,0.53,0.498,0.452,0.475
1389,0.56,0.538,0.517,0.496,0.489,0.5,0.509,0.502,0.496,0.489,0.482,0.593,0.59,0.597,0.603,0.61,0.616,0.623,0.629,0.633,0.62,0.606,0.593,0.601,0.615,0.414,0.426,0.409,0.382,0.373,0.361,0.403,0.605,0.608,0.602,0.596,0.574,0.529,0.507,0.5,0.504,0.503,0.497,0.498,0.5,0.502,0.5,0.508,0.503,0.499,0.453,0.444,0.489,0.475,0.456
1399,0.601,0.615,0.63,0.648,0.666,0.671,0.646,0.624,0.602,0.581,0.56,0.589,0.596,0.613,0.64,0.657,0.671,0.68,0.645,0.611,0.599,0.593,0.59,0.597,0.603,0.362,0.362,0.402,0.447,0.479,0.513,0.492,0.628,0.625,0.63,0.625,0.633,0.604,0.599,0.605,0.602,0.6,0.605,0.608,0.602,0.596,0.574,0.529,0.507,0.5,0.528,0.533,0.456,0.417,0.427
1409,0.597,0.603,0.61,0.616,0.623,0.629,0.633,0.62,0.606,0.593,0.601,0.497,0.477,0.455,0.458,0.466,0.507,0.507,0.52,0.562,0.582,0.589,0.596,0.613,0.64,0.398,0.4,0.426,0.402,0.415,0.432,0.436,0.793,0.8,0.718,0.701,0.632,0.624,0.624,0.63,0.631,0.625,0.628,0.625,0.63,0.625,0.633,0.604,0.599,0.605,0.371,0.404,0.451,0.448,0.426
1419,0.613,0.64,0.657,0.671,0.68,0.645,0.611,0.599,0.593,0.59,0.597,0.579,0.581,0.569,0.557,0.545,0.533,0.522,0.51,0.498,0.486,0.497,0.477,0.455,0.458,0.348,0.417,0.472,0.505,0.509,0.482,0.459,0.81,0.815,0.819,0.814,0.754,0.815,0.878,0.879,0.805,0.795,0.793,0.8,0.718,0.701,0.632,0.624,0.624,0.63,0.435,0.438,0.453,0.469,0.46
1429,0.455,0.458,0.466,0.507,0.507,0.52,0.562,0.582,0.589,0.596,0.613,0.714,0.715,0.711,0.682,0.595,0.554,0.559,0.568,0.572,0.575,0.579,0.581,0.569,0.557,0.361,0.32,0.319,0.382,0.332,0.332,0.378,0.928,0.931,0.923,0.936,0.926,0.928,0.931,0.936,0.938,0.809,0.81,0.815,0.819,0.814,0.754,0.815,0.878,0.879,0.433,0.437,0.399,0.445,0.441
1439,0.569,0.557,0.545,0.533,0.522,0.51,0.498,0.486,0.497,0.477,0.455,0.721,0.719,0.718,0.717,0.716,0.714,0.713,0.712,0.713,0.713,0.714,0.715,0.711,0.682,0.373,0.375,0.394,0.384,0.366,0.377,0.369,0.705,0.702,0.695,0.932,0.932,0.927,0.941,0.942,0.94,0.931,0.928,0.931,0.923,0.936,0.926,0.928,0.931,0.936,0.49,0.508,0.498,0.509,0.563
1449,0.711,0.682,0.595,0.554,0.559,0.568,0.572,0.575,0.579,0.581,0.569,0.719,0.719,0.72,0.72,0.721,0.721,0.721,0.722,0.722,0.722,0.721,0.719,0.718,0.717,0.556,0.527,0.413,0.386,0.384,0.38,0.356,0.697,0.701,0.696,0.694,0.691,0.708,0.705,0.7,0.712,0.71,0.705,0.702,0.695,0.932,0.932,0.927,0.941,0.942,0.511,0.494,0.5,0.506,0.529
1459,0.718,0.717,0.716,0.714,0.713,0.712,0.713,0.713,0.714,0.715,0.711,0.661,0.661,0.662,0.656,0.652,0.651,0.655,0.659,0.662,0.679,0.719,0.719,0.72,0.72,0.492,0.499,0.476,0.454,0.456,0.451,0.46,0.698,0.693,0.701,0.695,0.698,0.698,0.711,0.695,0.701,0.691,0.697,0.701,0.696,0.694,0.691,0.708,0.705,0.7,0.395,0.409,0.453,0.506,0.496
1469,0.72,0.72,0.721,0.721,0.721,0.722,0.722,0.722,0.721,0.719,0.718,0.681,0.683,0.685,0.681,0.674,0.666,0.659,0.659,0.66,0.66,0.661,0.661,0.662,0.656,0.467,0.445,0.462,0.453,0.48,0.464,0.469,0.811,0.812,0.81,0.812,0.803,0.809,0.814,0.825,0.698,0.699,0.698,0.693,0.701,0.695,0.698,0.698,0.711,0.695,0.428,0.425,0.433,0.439,0.43
1479,0.662,0.656,0.652,0.651,0.655,0.659,0.662,0.679,0.719,0.719,0.72,0.631,0.633,0.635,0.645,0.672,0.7,0.707,0.713,0.71,0.684,0.681,0.683,0.685,0.681,0.387,0.38,0.414,0.423,0.386,0.371,0.373,0.757,0.758,0.809,0.811,0.795,0.801,0.81,0.816,0.812,0.812,0.811,0.812,0.81,0.812,0.803,0.809,0.814,0.825,0.489,0.529,0.465,0.5,0.505
1489,0.685,0.681,0.674,0.666,0.659,0.659,0.66,0.66,0.661,0.661,0.662,0.651,0.648,0.618,0.62,0.621,0.622,0.624,0.625,0.627,0.629,0.631,0.633,0.635,0.645,0.434,0.413,0.415,0.417,0.417,0.407,0.403,0.698,0.7,0.691,0.696,0.69,0.733,0.762,0.763,0.754,0.75,0.757,0.758,0.809,0.811,0.795,0.801,0.81,0.816,0.43,0.45,0.466,0.468,0.447
1499,0.635,0.645,0.672,0.7,0.707,0.713,0.71,0.684,0.681,0.683,0.685,0.607,0.586,0.562,0.539,0.554,0.578,0.601,0.625,0.643,0.647,0.651,0.648,0.618,0.62,0.379,0.398,0.418,0.443,0.46,0.453,0.499,0.691,0.694,0.691,0.684,0.692,0.688,0.688,0.688,0.688,0.687,0.698,0.7,0.691,0.696,0.69,0.733,0.762,0.763,0.394,0.426,0.454,0.453,0.46
1509,0.618,0.62,0.621,0.622,0.624,0.625,0.627,0.629,0.631,0.633,0.635,0.791,0.779,0.767,0.756,0.744,0.733,0.721,0.697,0.658,0.622,0.607,0.586,0.562,0.539,0.406,0.39,0.41,0.373,0.396,0.427,0.399,0.571,0.691,0.7,0.693,0.695,0.702,0.699,0.689,0.698,0.694,0.691,0.694,0.691,0.684,0.692,0.688,0.688,0.688,0.577,0.542,0.521,0.493,0.463
1519,0.562,0.539,0.554,0.578,0.601,0.625,0.643,0.647,0.651,0.648,0.618,0.661,0.675,0.689,0.703,0.717,0.732,0.746,0.761,0.777,0.792,0.791,0.779,0.767,0.756,0.336,0.332,0.329,0.342,0.339,0.363,0.39,0.662,0.662,0.655,0.654,0.648,0.642,0.636,0.64,0.64,0.585,0.571,0.691,0.7,0.693,0.695,0.702,0.699,0.689,0.546,0.593,0.614,0.594,0.609
1529,0.767,0.756,0.744,0.733,0.721,0.697,0.658,0.622,0.607,0.586,0.562,0.544,0.541,0.544,0.547,0.586,0.609,0.618,0.627,0.639,0.65,0.661,0.675,0.689,0.703,0.564,0.534,0.568,0.551,0.528,0.537,0.49,0.702,0.708,0.702,0.697,0.702,0.707,0.671,0.665,0.662,0.662,0.662,0.662,0.655,0.654,0.648,0.642,0.636,0.64,0.394,0.354,0.382,0.38,0.395
1539,0.689,0.703,0.717,0.732,0.746,0.761,0.777,0.792,0.791,0.779,0.767,0.471,0.475,0.487,0.5,0.512,0.525,0.537,0.544,0.547,0.549,0.544,0.541,0.544,0.547,0.405,0.418,0.431,0.45,0.491,0.528,0.568,0.702,0.706,0.702,0.7,0.699,0.708,0.702,0.697,0.701,0.704,0.702,0.708,0.702,0.697,0.702,0.707,0.671,0.665,0.457,0.459,0.38,0.363,0.381
1549,0.544,0.547,0.586,0.609,0.618,0.627,0.639,0.65,0.661,0.675,0.689,0.555,0.555,0.549,0.526,0.508,0.498,0.489,0.485,0.48,0.476,0.471,0.475,0.487,0.5,0.34,0.325,0.33,0.343,0.367,0.357,0.344,0.706,0.697,0.702,0.705,0.699,0.703,0.644,0.64,0.694,0.701,0.702,0.706,0.702,0.7,0.699,0.708,0.702,0.697,0.364,0.339,0.362,0.322,0.354
1559,0.487,0.5,0.512,0.525,0.537,0.544,0.547,0.549,0.544,0.541,0.544,0.528,0.523,0.524,0.517,0.509,0.503,0.51,0.524,0.542,0.555,0.555,0.555,0.549,0.526,0.307,0.309,0.296,0.336,0.372,0.407,0.398,0.707,0.701,0.697,0.701,0.703,0.699,0.696,0.698,0.701,0.698,0.706,0.697,0.702,0.705,0.699,0.703,0.644,0.64,0.361,0.373,0.39,0.399,0.392
1569,0.549,0.526,0.508,0.498,0.489,0.485,0.48,0.476,0.471,0.475,0.487,0.682,0.678,0.674,0.67,0.666,0.645,0.627,0.609,0.585,0.557,0.528,0.523,0.524,0.517,0.376,0.376,0.337,0.337,0.326,0.315,0.311,0.701,0.704,0.709,0.703,0.698,0.705,0.698,0.707,0.696,0.705,0.707,0.701,0.697,0.701,0.703,0.699,0.696,0.698,0.52,0.515,0.474,0.445,0.45
1579,0.524,0.517,0.509,0.503,0.51,0.524,0.542,0.555,0.555,0.555,0.549,0.715,0.72,0.733,0.74,0.747,0.746,0.727,0.709,0.69,0.686,0.682,0.678,0.674,0.67,0.385,0.34,0.359,0.342,0.323,0.324,0.359,0.7,0.7,0.696,0.699,0.706,0.698,0.703,0.698,0.7,0.711,0.701,0.704,0.709,0.703,0.698,0.705,0.698,0.707,0.522,0.542,0.543,0.508,0.514
1589,0.674,0.67,0.666,0.645,0.627,0.609,0.585,0.557,0.528,0.523,0.524,0.625,0.682,0.702,0.71,0.721,0.731,0.741,0.752,0.758,0.734,0.715,0.72,0.733,0.74,0.502,0.494,0.496,0.491,0.472,0.474,0.494,0.699,0.703,0.713,0.707,0.704,0.701,0.709,0.698,0.699,0.702,0.7,0.7,0.696,0.699,0.706,0.698,0.703,0.698,0.547,0.547,0.531,0.511,0.49
1599,0.733,0.74,0.747,0.746,0.727,0.709,0.69,0.686,0.682,0.678,0.674,0.396,0.352,0.00125,0.0,0.0519,0.147,0.315,0.404,0.49,0.575,0.625,0.682,0.702,0.71,0.461,0.47,0.516,0.512,0.513,0.484,0.498,0.756,0.751,0.751,0.749,0.753,0.708,0.705,0.699,0.703,0.694,0.699,0.703,0.713,0.707,0.704,0.701,0.709,0.698,0.226,0.23,0.276,0.358,0.377
1609,0.702,0.71,0.721,0.731,0.741,0.752,0.758,0.734,0.715,0.72,0.733,0.311,0.271,0.251,0.232,0.25,0.284,0.3,0.34,0.352,0.371,0.396,0.352,0.00125,0.0,0.399,0.419,0.454,0.437,0.483,0.485,0.496,0.174,0.824,0.828,0.827,0.822,0.82,0.822,0.82,0.757,0.749,0.756,0.751,0.751,0.749,0.753,0.708,0.705,0.699,0.109,0.141,0.172,0.274,0.203
1619,0.00125,0.0,0.0519,0.147,0.315,0.404,0.49,0.575,0.625,0.682,0.702,0.723,0.682,0.641,0.517,0.456,0.472,0.458,0.425,0.419,0.386,0.311,0.271,0.251,0.232,0.0731,0.0963,0.137,0.0784,0.171,0.165,0.188,0.193,0.196,0.206,0.208,0.203,0.21,0.211,0.208,0.211,0.177,0.174,0.824,0.828,0.827,0.822,0.82,0.822,0.82,0.198,0.192,0.148,0.0884,0.0651
1629,0.251,0.232,0.25,0.284,0.3,0.34,0.352,0.371,0.396,0.352,0.00125,0.719,0.723,0.702,0.628,0.623,0.718,0.775,0.768,0.766,0.763,0.723,0.682,0.641,0.517,0.0252,0.0101,0.0,0.0409,0.0987,0.12,0.147,0.372,0.374,0.375,0.21,0.205,0.203,0.21,0.198,0.189,0.192,0.193,0.196,0.206,0.208,0.203,0.21,0.211,0.208,0.496,0.499,0.513,0.476,0.453
1639,0.641,0.517,0.456,0.472,0.458,0.425,0.419,0.386,0.311,0.271,0.251,0.683,0.691,0.663,0.677,0.708,0.688,0.709,0.741,0.729,0.748,0.719,0.723,0.702,0.628,0.336,0.26,0.213,0.185,0.222,0.192,0.193,0.752,0.743,0.745,0.548,0.373,0.375,0.378,0.381,0.387,0.379,0.372,0.374,0.375,0.21,0.205,0.203,0.21,0.198,0.478,0.502,0.486,0.47,0.436
1649,0.702,0.628,0.623,0.718,0.775,0.768,0.766,0.763,0.723,0.682,0.641,0.685,0.69,0.695,0.701,0.707,0.713,0.715,0.688,0.679,0.675,0.683,0.691,0.663,0.677,0.379,0.335,0.338,0.436,0.486,0.49,0.527,0.955,0.947,0.895,0.881,0.882,0.812,0.798,0.763,0.751,0.75,0.752,0.743,0.745,0.548,0.373,0.375,0.378,0.381,0.47,0.501,0.471,0.443,0.425
1659,0.663,0.677,0.708,0.688,0.709,0.741,0.729,0.748,0.719,0.723,0.702,0.607,0.615,0.627,0.641,0.655,0.636,0.651,0.664,0.669,0.679,0.685,0.69,0.695,0.701,0.379,0.384,0.404,0.442,0.447,0.467,0.476,0.953,0.946,0.966,0.946,0.951,0.954,0.952,0.952,0.953,0.951,0.955,0.947,0.895,0.881,0.882,0.812,0.798,0.763,0.432,0.437,0.456,0.466,0.457
1669,0.695,0.701,0.707,0.713,0.715,0.688,0.679,0.675,0.683,0.691,0.663,0.578,0.585,0.591,0.598,0.604,0.611,0.603,0.6,0.596,0.6,0.607,0.615,0.627,0.641,0.453,0.454,0.455,0.457,0.458,0.439,0.476,0.949,0.956,0.946,0.952,0.957,0.946,0.951,0.953,0.954,0.949,0.953,0.946,0.966,0.946,0.951,0.954,0.952,0.952,0.441,0.434,0.425,0.428,0.402
1679,0.627,0.641,0.655,0.636,0.651,0.664,0.669,0.679,0.685,0.69,0.695,0.553,0.555,0.558,0.56,0.563,0.565,0.567,0.569,0.571,0.573,0.578,0.585,0.591,0.598,0.354,0.376,0.372,0.408,0.402,0.415,0.411,0.95,0.955,0.95,0.953,0.958,0.945,0.949,0.95,0.955,0.947,0.949,0.956,0.946,0.952,0.957,0.946,0.951,0.953,0.427,0.409,0.411,0.396,0.426
1689,0.591,0.598,0.604,0.611,0.603,0.6,0.596,0.6,0.607,0.615,0.627,0.558,0.532,0.505,0.479,0.492,0.506,0.521,0.535,0.548,0.55,0.553,0.555,0.558,0.56,0.404,0.396,0.412,0.414,0.383,0.381,0.379,0.924,0.933,0.934,0.928,0.927,0.916,0.922,0.931,0.958,0.95,0.95,0.955,0.95,0.953,0.958,0.945,0.949,0.95,0.373,0.392,0.428,0.427,0.412
1699,0.558,0.56,0.563,0.565,0.567,0.569,0.571,0.573,0.578,0.585,0.591,0.608,0.618,0.629,0.64,0.646,0.639,0.633,0.626,0.611,0.584,0.558,0.532,0.505,0.479,0.362,0.389,0.356,0.374,0.353,0.379,0.385,0.856,0.852,0.869,0.873,0.892,0.905,0.937,0.933,0.927,0.917,0.924,0.933,0.934,0.928,0.927,0.916,0.922,0.931,0.486,0.461,0.47,0.448,0.425
1709,0.505,0.479,0.492,0.506,0.521,0.535,0.548,0.55,0.553,0.555,0.558,0.609,0.606,0.604,0.602,0.6,0.597,0.595,0.593,0.591,0.597,0.608,0.618,0.629,0.64,0.356,0.353,0.351,0.339,0.339,0.339,0.352,0.852,0.853,0.853,0.849,0.859,0.854,0.827,0.832,0.833,0.817,0.856,0.852,0.869,0.873,0.892,0.905,0.937,0.933,0.433,0.433,0.395,0.407,0.445
1719,0.629,0.64,0.646,0.639,0.633,0.626,0.611,0.584,0.558,0.532,0.505,0.6,0.612,0.623,0.624,0.622,0.62,0.618,0.615,0.613,0.611,0.609,0.606,0.604,0.602,0.407,0.398,0.416,0.436,0.441,0.457,0.423,0.779,0.776,0.781,0.783,0.803,0.803,0.832,0.839,0.853,0.85,0.852,0.853,0.853,0.849,0.859,0.854,0.827,0.832,0.433,0.433,0.41,0.411,0.417
1729,0.604,0.602,0.6,0.597,0.595,0.593,0.591,0.597,0.608,0.618,0.629,0.505,0.495,0.501,0.528,0.555,0.582,0.592,0.592,0.593,0.593,0.6,0.612,0.623,0.624,0.395,0.423,0.407,0.409,0.397,0.391,0.387,0.777,0.781,0.776,0.778,0.782,0.774,0.781,0.772,0.777,0.779,0.779,0.776,0.781,0.783,0.803,0.803,0.832,0.839,0.427,0.431,0.421,0.4,0.395
1739,0.623,0.624,0.622,0.62,0.618,0.615,0.613,0.611,0.609,0.606,0.604,0.612,0.61,0.608,0.601,0.594,0.586,0.579,0.567,0.527,0.516,0.505,0.495,0.501,0.528,0.347,0.394,0.421,0.43,0.42,0.404,0.385,0.745,0.787,0.783,0.778,0.784,0.775,0.778,0.776,0.772,0.781,0.777,0.781,0.776,0.778,0.782,0.774,0.781,0.772,0.47,0.458,0.433,0.431,0.399
1749,0.501,0.528,0.555,0.582,0.592,0.592,0.593,0.593,0.6,0.612,0.623,0.389,0.427,0.465,0.503,0.539,0.556,0.573,0.59,0.607,0.625,0.612,0.61,0.608,0.601,0.312,0.352,0.344,0.383,0.395,0.395,0.399,0.76,0.757,0.748,0.764,0.757,0.756,0.749,0.747,0.755,0.754,0.745,0.787,0.783,0.778,0.784,0.775,0.778,0.776,0.456,0.463,0.488,0.493,0.473
1759,0.608,0.601,0.594,0.586,0.579,0.567,0.527,0.516,0.505,0.495,0.501,0.655,0.626,0.628,0.627,0.599,0.561,0.516,0.469,0.392,0.353,0.389,0.427,0.465,0.503,0.443,0.443,0.44,0.437,0.434,0.43,0.4,0.746,0.751,0.752,0.749,0.754,0.745,0.754,0.745,0.759,0.755,0.76,0.757,0.748,0.764,0.757,0.756,0.749,0.747,0.489,0.411,0.361,0.356,0.391
1769,0.465,0.503,0.539,0.556,0.573,0.59,0.607,0.625,0.612,0.61,0.608,0.73,0.724,0.718,0.713,0.707,0.701,0.695,0.689,0.678,0.662,0.655,0.626,0.628,0.627,0.359,0.365,0.413,0.433,0.407,0.444,0.437,0.755,0.657,0.653,0.646,0.651,0.656,0.652,0.73,0.759,0.748,0.746,0.751,0.752,0.749,0.754,0.745,0.754,0.745,0.508,0.536,0.493,0.517,0.483
1779,0.628,0.627,0.599,0.561,0.516,0.469,0.392,0.353,0.389,0.427,0.465,0.703,0.716,0.728,0.727,0.746,0.738,0.738,0.748,0.742,0.736,0.73,0.724,0.718,0.713,0.467,0.467,0.442,0.444,0.437,0.438,0.353,0.757,0.753,0.758,0.745,0.756,0.752,0.752,0.751,0.744,0.747,0.755,0.657,0.653,0.646,0.651,0.656,0.652,0.73,0.568,0.562,0.586,0.587,0.555
1789,0.718,0.713,0.707,0.701,0.695,0.689,0.678,0.662,0.655,0.626,0.628,0.723,0.732,0.731,0.705,0.68,0.671,0.676,0.683,0.689,0.696,0.703,0.716,0.728,0.727,0.486,0.489,0.478,0.484,0.486,0.488,0.491,0.867,0.797,0.798,0.808,0.799,0.803,0.8,0.794,0.768,0.75,0.757,0.753,0.758,0.745,0.756,0.752,0.752,0.751,0.423,0.456,0.476,0.498,0.53
1799,0.728,0.727,0.746,0.738,0.738,0.748,0.742,0.736,0.73,0.724,0.718,0.668,0.686,0.699,0.685,0.681,0.678,0.675,0.672,0.699,0.713,0.723,0.732,0.731,0.705,0.508,0.476,0.491,0.508,0.523,0.507,0.532,0.83,0.842,0.873,0.883,0.881,0.877,0.883,0.871,0.88,0.879,0.867,0.797,0.798,0.808,0.799,0.803,0.8,0.794,0.449,0.464,0.467,0.536,0.578
1809,0.731,0.705,0.68,0.671,0.676,0.683,0.689,0.696,0.703,0.716,0.728,0.35,0.361,0.372,0.416,0.462,0.51,0.557,0.605,0.633,0.651,0.668,0.686,0.699,0.685,0.531,0.428,0.428,0.441,0.35,0.362,0.399,0.877,0.88,0.873,0.886,0.9,0.873,0.869,0.847,0.837,0.812,0.83,0.842,0.873,0.883,0.881,0.877,0.883,0.871,0.382,0.44,0.421,0.443,0.456
1819,0.699,0.685,0.681,0.678,0.675,0.672,0.699,0.713,0.723,0.732,0.731,0.568,0.479,0.344,0.256,0.278,0.299,0.304,0.31,0.324,0.338,0.35,0.361,0.372,0.416,0.48,0.491,0.443,0.443,0.436,0.447,0.451,0.875,0.875,0.883,0.872,0.882,0.864,0.88,0.879,0.881,0.874,0.877,0.88,0.873,0.886,0.9,0.873,0.869,0.847,0.382,0.356,0.381,0.348,0.352
1829,0.372,0.416,0.462,0.51,0.557,0.605,0.633,0.651,0.668,0.686,0.699,0.691,0.669,0.667,0.676,0.686,0.696,0.705,0.702,0.669,0.637,0.568,0.479,0.344,0.256,0.312,0.318,0.319,0.321,0.344,0.37,0.406,0.626,0.769,0.835,0.878,0.881,0.876,0.881,0.872,0.877,0.881,0.875,0.875,0.883,0.872,0.882,0.864,0.88,0.879,0.548,0.554,0.547,0.581,0.552
1839,0.344,0.256,0.278,0.299,0.304,0.31,0.324,0.338,0.35,0.361,0.372,0.695,0.7,0.71,0.73,0.75,0.769,0.787,0.772,0.742,0.713,0.691,0.669,0.667,0.676,0.387,0.246,0.274,0.317,0.311,0.326,0.316,0.678,0.675,0.678,0.678,0.684,0.675,0.672,0.676,0.662,0.689,0.626,0.769,0.835,0.878,0.881,0.876,0.881,0.872,0.619,0.597,0.543,0.51,0.458
1849,0.667,0.676,0.686,0.696,0.705,0.702,0.669,0.637,0.568,0.479,0.344,0.699,0.69,0.684,0.7,0.715,0.731,0.746,0.741,0.723,0.706,0.695,0.7,0.71,0.73,0.431,0.424,0.435,0.469,0.49,0.516,0.546,0.673,0.692,0.668,0.666,0.678,0.683,0.674,0.672,0.675,0.675,0.678,0.675,0.678,0.678,0.684,0.675,0.672,0.676,0.538,0.512,0.475,0.464,0.437
1859,0.71,0.73,0.75,0.769,0.787,0.772,0.742,0.713,0.691,0.669,0.667,0.694,0.694,0.702,0.713,0.732,0.751,0.738,0.726,0.717,0.708,0.699,0.69,0.684,0.7,0.444,0.475,0.523,0.56,0.591,0.595,0.562,0.679,0.676,0.687,0.678,0.675,0.682,0.684,0.673,0.675,0.676,0.673,0.692,0.668,0.666,0.678,0.683,0.674,0.672,0.565,0.515,0.488,0.452,0.428
1869,0.684,0.7,0.715,0.731,0.746,0.741,0.723,0.706,0.695,0.7,0.71,0.642,0.665,0.681,0.698,0.714,0.73,0.746,0.736,0.719,0.71,0.694,0.694,0.702,0.713,0.413,0.451,0.465,0.477,0.525,0.531,0.505,0.672,0.679,0.694,0.68,0.671,0.682,0.674,0.679,0.674,0.674,0.679,0.676,0.687,0.678,0.675,0.682,0.684,0.673,0.51,0.493,0.492,0.431,0.417
1879,0.702,0.713,0.732,0.751,0.738,0.726,0.717,0.708,0.699,0.69,0.684,0.569,0.586,0.592,0.586,0.582,0.581,0.585,0.59,0.597,0.62,0.642,0.665,0.681,0.698,0.432,0.485,0.518,0.569,0.511,0.525,0.473,0.67,0.67,0.678,0.673,0.674,0.674,0.67,0.675,0.656,0.672,0.672,0.679,0.694,0.68,0.671,0.682,0.674,0.679,0.373,0.355,0.379,0.378,0.415
1889,0.681,0.698,0.714,0.73,0.746,0.736,0.719,0.71,0.694,0.694,0.702,0.52,0.501,0.46,0.432,0.42,0.408,0.43,0.471,0.509,0.551,0.569,0.586,0.592,0.586,0.399,0.419,0.452,0.475,0.475,0.502,0.467,0.68,0.678,0.669,0.676,0.694,0.658,0.684,0.682,0.676,0.672,0.67,0.67,0.678,0.673,0.674,0.674,0.67,0.675,0.335,0.349,0.349,0.383,0.407
1899,0.592,0.586,0.582,0.581,0.585,0.59,0.597,0.62,0.642,0.665,0.681,0.558,0.559,0.564,0.571,0.578,0.569,0.559,0.549,0.539,0.529,0.52,0.501,0.46,0.432,0.381,0.385,0.39,0.345,0.366,0.347,0.329,0.624,0.633,0.628,0.681,0.675,0.673,0.66,0.679,0.685,0.675,0.68,0.678,0.669,0.676,0.694,0.658,0.684,0.682,0.447,0.467,0.443,0.441,0.46
1909,0.46,0.432,0.42,0.408,0.43,0.471,0.509,0.551,0.569,0.586,0.592,0.674,0.692,0.675,0.65,0.634,0.617,0.6,0.583,0.577,0.569,0.558,0.559,0.564,0.571,0.392,0.356,0.339,0.301,0.315,0.292,0.293,0.631,0.624,0.631,0.635,0.632,0.623,0.621,0.626,0.618,0.627,0.624,0.633,0.628,0.681,0.675,0.673,0.66,0.679,0.532,0.494,0.486,0.485,0.459
1919,0.564,0.571,0.578,0.569,0.559,0.549,0.539,0.529,0.52,0.501,0.46,0.646,0.694,0.723,0.716,0.664,0.659,0.656,0.634,0.646,0.657,0.674,0.692,0.675,0.65,0.411,0.411,0.448,0.418,0.413,0.409,0.419,0.629,0.599,0.632,0.629,0.628,0.62,0.628,0.626,0.626,0.62,0.631,0.624,0.631,0.635,0.632,0.623,0.621,0.626,0.475,0.472,0.461,0.55,0.546
1929,0.675,0.65,0.634,0.617,0.6,0.583,0.577,0.569,0.558,0.559,0.564,0.849,0.79,0.695,0.582,0.431,0.378,0.393,0.455,0.517,0.582,0.646,0.694,0.723,0.716,0.524,0.492,0.498,0.458,0.484,0.466,0.452,0.615,0.602,0.634,0.619,0.616,0.616,0.624,0.629,0.621,0.625,0.629,0.599,0.632,0.629,0.628,0.62,0.628,0.626,0.307,0.266,0.332,0.386,0.494
1939,0.723,0.716,0.664,0.659,0.656,0.634,0.646,0.657,0.674,0.692,0.675,0.711,0.731,0.752,0.773,0.787,0.792,0.798,0.808,0.825,0.841,0.849,0.79,0.695,0.582,0.513,0.522,0.5,0.477,0.453,0.425,0.425,0.459,0.452,0.45,0.533,0.551,0.545,0.546,0.609,0.631,0.639,0.615,0.602,0.634,0.619,0.616,0.616,0.624,0.629,0.772,0.798,0.879,0.877,0.841
1949,0.695,0.582,0.431,0.378,0.393,0.455,0.517,0.582,0.646,0.694,0.723,0.807,0.777,0.746,0.749,0.754,0.759,0.764,0.762,0.729,0.72,0.711,0.731,0.752,0.773,0.748,0.659,0.46,0.343,0.293,0.264,0.236,0.57,0.583,0.572,0.57,0.521,0.52,0.53,0.494,0.449,0.452,0.459,0.452,0.45,0.533,0.551,0.545,0.546,0.609,0.71,0.655,0.62,0.614,0.613
1959,0.752,0.773,0.787,0.792,0.798,0.808,0.825,0.841,0.849,0.79,0.695,0.658,0.712,0.748,0.784,0.82,0.852,0.874,0.897,0.869,0.838,0.807,0.777,0.746,0.749,0.575,0.625,0.67,0.695,0.695,0.723,0.774,0.574,0.568,0.579,0.559,0.574,0.573,0.584,0.575,0.578,0.576,0.57,0.583,0.572,0.57,0.521,0.52,0.53,0.494,0.824,0.848,0.846,0.794,0.766
1969,0.746,0.749,0.754,0.759,0.764,0.762,0.729,0.72,0.711,0.731,0.752,0.0695,0.0871,0.116,0.146,0.174,0.196,0.305,0.422,0.504,0.586,0.658,0.712,0.748,0.784,0.67,0.628,0.628,0.658,0.675,0.671,0.617,0.62,0.63,0.624,0.621,0.563,0.576,0.578,0.581,0.569,0.58,0.574,0.568,0.579,0.559,0.574,0.573,0.584,0.575,0.437,0.47,0.517,0.562,0.61
1979,0.748,0.784,0.82,0.852,0.874,0.897,0.869,0.838,0.807,0.777,0.746,0.161,0.135,0.0876,0.0425,0.00891,0.0049,0.0675,0.0675,0.061,0.0546,0.0695,0.0871,0.116,0.146,0.59,0.618,0.645,0.691,0.724,0.8,0.814,0.552,0.552,0.555,0.562,0.695,0.698,0.702,0.703,0.701,0.701,0.62,0.63,0.624,0.621,0.563,0.576,0.578,0.581,0.416,0.391,0.36,0.379,0.374
1989,0.116,0.146,0.174,0.196,0.305,0.422,0.504,0.586,0.658,0.712,0.748,0.591,0.559,0.489,0.418,0.347,0.327,0.276,0.219,0.199,0.18,0.161,0.135,0.0876,0.0425,0.312,0.312,0.312,0.287,0.314,0.393,0.414,0.647,0.646,0.703,0.759,0.76,0.6,0.569,0.562,0.558,0.545,0.552,0.552,0.555,0.562,0.695,0.698,0.702,0.703,0.5,0.491,0.468,0.506,0.479
1999,0.0876,0.0425,0.00891,0.0049,0.0675,0.0675,0.061,0.0546,0.0695,0.0871,0.116,0.739,0.744,0.748,0.74,0.732,0.726,0.721,0.7,0.655,0.623,0.591,0.559,0.489,0.418,0.359,0.347,0.285,0.303,0.321,0.336,0.307,0.705,0.702,0.7,0.698,0.651,0.665,0.686,0.64,0.642,0.643,0.647,0.646,0.703,0.759,0.76,0.6,0.569,0.562,0.738,0.703,0.652,0.638,0.629
2009,0.489,0.418,0.347,0.327,0.276,0.219,0.199,0.18,0.161,0.135,0.0876,0.671,0.704,0.719,0.731,0.742,0.717,0.724,0.727,0.729,0.734,0.739,0.744,0.748,0.74,0.545,0.51,0.471,0.471,0.472,0.427,0.395,0.749,0.754,0.751,0.744,0.748,0.706,0.708,0.703,0.7,0.7,0.705,0.702,0.7,0.698,0.651,0.665,0.686,0.64,0.661,0.694,0.677,0.674,0.706
2019,0.748,0.74,0.732,0.726,0.721,0.7,0.655,0.623,0.591,0.559,0.489,0.404,0.428,0.445,0.457,0.47,0.518,0.53,0.557,0.602,0.639,0.671,0.704,0.719,0.731,0.67,0.683,0.667,0.624,0.663,0.692,0.633,0.553,0.55,0.551,0.619,0.747,0.753,0.753,0.743,0.755,0.762,0.749,0.754,0.751,0.744,0.748,0.706,0.708,0.703,0.341,0.409,0.496,0.522,0.545
2029,0.719,0.731,0.742,0.717,0.724,0.727,0.729,0.734,0.739,0.744,0.748,0.299,0.333,0.369,0.405,0.437,0.44,0.444,0.438,0.423,0.408,0.404,0.428,0.445,0.457,0.55,0.574,0.552,0.54,0.575,0.611,0.647,0.596,0.568,0.576,0.662,0.628,0.736,0.746,0.676,0.552,0.546,0.553,0.55,0.551,0.619,0.747,0.753,0.753,0.743,0.487,0.491,0.486,0.433,0.47
2039,0.445,0.457,0.47,0.518,0.53,0.557,0.602,0.639,0.671,0.704,0.719,0.413,0.398,0.382,0.365,0.35,0.335,0.32,0.305,0.29,0.275,0.299,0.333,0.369,0.405,0.409,0.352,0.294,0.28,0.287,0.311,0.387,0.51,0.547,0.592,0.632,0.64,0.689,0.688,0.686,0.689,0.7,0.596,0.568,0.576,0.662,0.628,0.736,0.746,0.676,0.394,0.329,0.317,0.354,0.354
2049,0.369,0.405,0.437,0.44,0.444,0.438,0.423,0.408,0.404,0.428,0.445,0.597,0.635,0.608,0.577,0.547,0.515,0.483,0.461,0.445,0.429,0.413,0.398,0.382,0.365,0.355,0.35,0.383,0.437,0.42,0.458,0.458,0.381,0.38,0.377,0.378,0.382,0.374,0.367,0.455,0.509,0.502,0.51,0.547,0.592,0.632,0.64,0.689,0.688,0.686,0.519,0.478,0.456,0.433,0.439
2059,0.382,0.365,0.35,0.335,0.32,0.305,0.29,0.275,0.299,0.333,0.369,0.585,0.593,0.594,0.594,0.594,0.595,0.595,0.595,0.596,0.596,0.597,0.635,0.608,0.577,0.425,0.421,0.406,0.377,0.367,0.358,0.319,0.378,0.377,0.38,0.38,0.382,0.382,0.377,0.369,0.387,0.377,0.381,0.38,0.377,0.378,0.382,0.374,0.367,0.455,0.551,0.522,0.505,0.573,0.582
2069,0.608,0.577,0.547,0.515,0.483,0.461,0.445,0.429,0.413,0.398,0.382,0.373,0.407,0.414,0.441,0.491,0.53,0.544,0.557,0.568,0.576,0.585,0.593,0.594,0.594,0.579,0.574,0.565,0.497,0.505,0.496,0.456,0.532,0.529,0.523,0.527,0.517,0.524,0.53,0.528,0.539,0.456,0.378,0.377,0.38,0.38,0.382,0.382,0.377,0.369,0.506,0.533,0.564,0.549,0.541
2079,0.594,0.594,0.594,0.595,0.595,0.595,0.596,0.596,0.597,0.635,0.608,0.661,0.655,0.645,0.635,0.589,0.525,0.475,0.418,0.35,0.32,0.373,0.407,0.414,0.441,0.517,0.552,0.539,0.541,0.538,0.525,0.53,0.558,0.628,0.623,0.527,0.532,0.529,0.529,0.525,0.532,0.529,0.532,0.529,0.523,0.527,0.517,0.524,0.53,0.528,0.497,0.421,0.373,0.414,0.435
2089,0.414,0.441,0.491,0.53,0.544,0.557,0.568,0.576,0.585,0.593,0.594,0.639,0.659,0.678,0.66,0.659,0.651,0.629,0.637,0.645,0.653,0.661,0.655,0.645,0.635,0.382,0.39,0.459,0.467,0.462,0.481,0.52,0.374,0.37,0.256,0.247,0.239,0.262,0.314,0.505,0.556,0.554,0.558,0.628,0.623,0.527,0.532,0.529,0.529,0.525,0.519,0.56,0.554,0.59,0.588
2099,0.645,0.635,0.589,0.525,0.475,0.418,0.35,0.32,0.373,0.407,0.414,0.45,0.467,0.503,0.539,0.576,0.584,0.591,0.599,0.609,0.62,0.639,0.659,0.678,0.66,0.574,0.607,0.593,0.529,0.521,0.468,0.381,0.378,0.359,0.373,0.372,0.367,0.375,0.378,0.374,0.374,0.353,0.374,0.37,0.256,0.247,0.239,0.262,0.314,0.505,0.484,0.518,0.531,0.556,0.585
2109,0.678,0.66,0.659,0.651,0.629,0.637,0.645,0.653,0.661,0.655,0.645,0.448,0.451,0.455,0.458,0.463,0.472,0.482,0.444,0.431,0.44,0.45,0.467,0.503,0.539,0.566,0.528,0.563,0.524,0.535,0.528,0.546,0.626,0.634,0.63,0.63,0.621,0.622,0.628,0.546,0.455,0.439,0.378,0.359,0.373,0.372,0.367,0.375,0.378,0.374,0.47,0.421,0.434,0.407,0.416
2119,0.503,0.539,0.576,0.584,0.591,0.599,0.609,0.62,0.639,0.659,0.678,0.383,0.389,0.395,0.4,0.406,0.411,0.419,0.427,0.434,0.442,0.448,0.451,0.455,0.458,0.406,0.44,0.488,0.479,0.474,0.48,0.477,0.6,0.597,0.598,0.614,0.551,0.552,0.627,0.611,0.619,0.624,0.626,0.634,0.63,0.63,0.621,0.622,0.628,0.546,0.433,0.43,0.45,0.432,0.402
2129,0.455,0.458,0.463,0.472,0.482,0.444,0.431,0.44,0.45,0.467,0.503,0.569,0.532,0.531,0.53,0.536,0.544,0.551,0.524,0.48,0.382,0.383,0.389,0.395,0.4,0.401,0.41,0.415,0.443,0.475,0.435,0.405,0.606,0.602,0.602,0.594,0.606,0.604,0.601,0.598,0.599,0.609,0.6,0.597,0.598,0.614,0.551,0.552,0.627,0.611,0.537,0.462,0.424,0.407,0.399
2139,0.395,0.4,0.406,0.411,0.419,0.427,0.434,0.442,0.448,0.451,0.455,0.536,0.531,0.532,0.563,0.593,0.607,0.626,0.658,0.625,0.593,0.569,0.532,0.531,0.53,0.379,0.405,0.39,0.401,0.408,0.405,0.406,0.369,0.375,0.37,0.376,0.371,0.366,0.389,0.488,0.604,0.602,0.606,0.602,0.602,0.594,0.606,0.604,0.601,0.598,0.593,0.564,0.553,0.526,0.493
2149,0.531,0.53,0.536,0.544,0.551,0.524,0.48,0.382,0.383,0.389,0.395,0.582,0.578,0.578,0.577,0.572,0.564,0.556,0.548,0.565,0.54,0.536,0.531,0.532,0.563,0.464,0.435,0.476,0.478,0.512,0.52,0.447,0.547,0.578,0.577,0.547,0.538,0.496,0.373,0.378,0.377,0.381,0.369,0.375,0.37,0.376,0.371,0.366,0.389,0.488,0.502,0.482,0.421,0.428,0.397
2159,0.532,0.563,0.593,0.607,0.626,0.658,0.625,0.593,0.569,0.532,0.531,0.599,0.597,0.577,0.587,0.592,0.597,0.592,0.569,0.592,0.589,0.582,0.578,0.578,0.577,0.361,0.385,0.402,0.47,0.539,0.593,0.561,0.52,0.523,0.525,0.544,0.534,0.522,0.531,0.529,0.526,0.551,0.547,0.578,0.577,0.547,0.538,0.496,0.373,0.378,0.486,0.493,0.49,0.487,0.499
2169,0.578,0.577,0.572,0.564,0.556,0.548,0.565,0.54,0.536,0.531,0.532,0.696,0.692,0.678,0.662,0.657,0.653,0.648,0.641,0.617,0.6,0.599,0.597,0.577,0.587,0.484,0.479,0.483,0.514,0.476,0.476,0.467,0.522,0.524,0.526,0.521,0.52,0.514,0.522,0.528,0.527,0.523,0.52,0.523,0.525,0.544,0.534,0.522,0.531,0.529,0.593,0.595,0.553,0.504,0.477
2179,0.577,0.587,0.592,0.597,0.592,0.569,0.592,0.589,0.582,0.578,0.578,0.589,0.672,0.688,0.701,0.714,0.708,0.681,0.664,0.678,0.696,0.696,0.692,0.678,0.662,0.48,0.457,0.479,0.48,0.461,0.457,0.475,0.526,0.525,0.524,0.528,0.526,0.523,0.521,0.531,0.533,0.53,0.522,0.524,0.526,0.521,0.52,0.514,0.522,0.528,0.511,0.532,0.54,0.533,0.546
2189,0.678,0.662,0.657,0.653,0.648,0.641,0.617,0.6,0.599,0.597,0.577,0.364,0.366,0.369,0.374,0.392,0.392,0.365,0.346,0.437,0.531,0.589,0.672,0.688,0.701,0.541,0.516,0.535,0.525,0.555,0.549,0.56,0.524,0.524,0.529,0.532,0.525,0.512,0.536,0.522,0.527,0.519,0.526,0.525,0.524,0.528,0.526,0.523,0.521,0.531,0.399,0.356,0.376,0.411,0.441
2199,0.688,0.701,0.714,0.708,0.681,0.664,0.678,0.696,0.696,0.692,0.678,0.594,0.604,0.62,0.632,0.622,0.61,0.598,0.558,0.502,0.423,0.364,0.366,0.369,0.374,0.496,0.552,0.542,0.507,0.492,0.501,0.507,0.37,0.379,0.383,0.378,0.377,0.518,0.525,0.526,0.527,0.525,0.524,0.524,0.529,0.532,0.525,0.512,0.536,0.522,0.551,0.545,0.494,0.425,0.412
2209,0.369,0.374,0.392,0.392,0.365,0.346,0.437,0.531,0.589,0.672,0.688,0.458,0.438,0.426,0.415,0.403,0.427,0.462,0.498,0.534,0.57,0.594,0.604,0.62,0.632,0.393,0.428,0.473,0.464,0.403,0.364,0.316,0.451,0.445,0.327,0.325,0.329,0.253,0.262,0.25,0.364,0.378,0.37,0.379,0.383,0.378,0.377,0.518,0.525,0.526,0.423,0.434,0.507,0.511,0.51
2219,0.62,0.632,0.622,0.61,0.598,0.558,0.502,0.423,0.364,0.366,0.369,0.663,0.661,0.644,0.622,0.599,0.577,0.554,0.53,0.506,0.482,0.458,0.438,0.426,0.415,0.503,0.551,0.513,0.545,0.599,0.556,0.55,0.502,0.507,0.51,0.498,0.496,0.497,0.503,0.5,0.487,0.452,0.451,0.445,0.327,0.325,0.329,0.253,0.262,0.25,0.518,0.486,0.484,0.487,0.485
2229,0.426,0.415,0.403,0.427,0.462,0.498,0.534,0.57,0.594,0.604,0.62,0.542,0.581,0.665,0.706,0.733,0.732,0.73,0.729,0.706,0.664,0.663,0.661,0.644,0.622,0.431,0.431,0.414,0.401,0.388,0.402,0.429,0.509,0.5,0.499,0.502,0.502,0.503,0.492,0.492,0.493,0.501,0.502,0.507,0.51,0.498,0.496,0.497,0.503,0.5,0.628,0.572,0.621,0.582,0.561
2239,0.644,0.622,0.599,0.577,0.554,0.53,0.506,0.482,0.458,0.438,0.426,0.724,0.701,0.677,0.628,0.575,0.559,0.566,0.581,0.591,0.579,0.542,0.581,0.665,0.706,0.514,0.516,0.518,0.479,0.499,0.467,0.451,0.67,0.627,0.62,0.625,0.625,0.632,0.626,0.633,0.612,0.514,0.509,0.5,0.499,0.502,0.502,0.503,0.492,0.492,0.435,0.43,0.365,0.296,0.322
2249,0.665,0.706,0.733,0.732,0.73,0.729,0.706,0.664,0.663,0.661,0.644,0.69,0.692,0.692,0.687,0.683,0.678,0.68,0.691,0.702,0.713,0.724,0.701,0.677,0.628,0.45,0.592,0.652,0.661,0.623,0.613,0.552,0.598,0.595,0.594,0.602,0.621,0.624,0.628,0.628,0.671,0.7,0.67,0.627,0.62,0.625,0.625,0.632,0.626,0.633,0.563,0.61,0.631,0.687,0.738
2259,0.677,0.628,0.575,0.559,0.566,0.581,0.591,0.579,0.542,0.581,0.665,0.728,0.691,0.677,0.676,0.686,0.682,0.685,0.684,0.687,0.688,0.69,0.692,0.692,0.687,0.617,0.537,0.497,0.387,0.357,0.381,0.354,0.6,0.606,0.601,0.605,0.601,0.594,0.606,0.604,0.603,0.606,0.598,0.595,0.594,0.602,0.621,0.624,0.628,0.628,0.597,0.585,0.596,0.559,0.556
2269,0.692,0.687,0.683,0.678,0.68,0.691,0.702,0.713,0.724,0.701,0.677,0.687,0.689,0.69,0.687,0.691,0.744,0.785,0.744,0.735,0.734,0.728,0.691,0.677,0.676,0.524,0.555,0.53,0.499,0.508,0.513,0.565,0.558,0.563,0.6,0.6,0.598,0.601,0.6,0.604,0.597,0.594,0.6,0.606,0.601,0.605,0.601,0.594,0.606,0.604,0.749,0.71,0.754,0.719,0.673
2279,0.677,0.676,0.686,0.682,0.685,0.684,0.687,0.688,0.69,0.692,0.692,0.64,0.638,0.621,0.613,0.621,0.629,0.637,0.657,0.68,0.686,0.687,0.689,0.69,0.687,0.566,0.496,0.486,0.508,0.533,0.544,0.516,0.751,0.754,0.754,0.65,0.594,0.574,0.577,0.553,0.557,0.536,0.558,0.563,0.6,0.6,0.598,0.601,0.6,0.604,0.454,0.511,0.593,0.627,0.591
2289,0.69,0.687,0.691,0.744,0.785,0.744,0.735,0.734,0.728,0.691,0.677,0.646,0.643,0.641,0.638,0.633,0.626,0.619,0.625,0.616,0.629,0.64,0.638,0.621,0.613,0.509,0.535,0.616,0.68,0.642,0.688,0.689,0.628,0.681,0.709,0.753,0.749,0.748,0.752,0.749,0.754,0.754,0.751,0.754,0.754,0.65,0.594,0.574,0.577,0.553,0.556,0.559,0.509,0.538,0.553
2299,0.621,0.613,0.621,0.629,0.637,0.657,0.68,0.686,0.687,0.689,0.69,0.66,0.669,0.679,0.685,0.694,0.71,0.711,0.711,0.682,0.649,0.646,0.643,0.641,0.638,0.496,0.459,0.428,0.409,0.394,0.424,0.49,0.581,0.58,0.576,0.575,0.573,0.58,0.579,0.576,0.57,0.625,0.628,0.681,0.709,0.753,0.749,0.748,0.752,0.749,0.722,0.666,0.536,0.56,0.571
2309,0.641,0.638,0.633,0.626,0.619,0.625,0.616,0.629,0.64,0.638,0.621,0.669,0.679,0.682,0.667,0.657,0.654,0.655,0.656,0.658,0.659,0.66,0.669,0.679,0.685,0.501,0.523,0.503,0.509,0.473,0.492,0.498,0.604,0.601,0.602,0.604,0.601,0.602,0.575,0.58,0.574,0.577,0.581,0.58,0.576,0.575,0.573,0.58,0.579,0.576,0.554,0.558,0.575,0.575,0.554
2319,0.679,0.685,0.694,0.71,0.711,0.711,0.682,0.649,0.646,0.643,0.641,0.555,0.597,0.64,0.668,0.679,0.691,0.678,0.663,0.664,0.664,0.669,0.679,0.682,0.667,0.518,0.542,0.536,0.61,0.654,0.681,0.637,0.593,0.6,0.604,0.602,0.582,0.599,0.596,0.598,0.615,0.599,0.604,0.601,0.602,0.604,0.601,0.602,0.575,0.58,0.624,0.582,0.559,0.587,0.616
2329,0.682,0.667,0.657,0.654,0.655,0.656,0.658,0.659,0.66,0.669,0.679,0.741,0.74,0.735,0.727,0.712,0.683,0.644,0.55,0.533,0.515,0.555,0.597,0.64,0.668,0.621,0.611,0.632,0.547,0.478,0.517,0.511,0.598,0.602,0.599,0.603,0.597,0.598,0.609,0.602,0.596,0.594,0.593,0.6,0.604,0.602,0.582,0.599,0.596,0.598,0.63,0.588,0.571,0.545,0.546
2339,0.64,0.668,0.679,0.691,0.678,0.663,0.664,0.664,0.669,0.679,0.682,0.697,0.709,0.71,0.728,0.723,0.718,0.721,0.733,0.743,0.742,0.741,0.74,0.735,0.727,0.545,0.596,0.603,0.609,0.581,0.537,0.518,0.601,0.598,0.607,0.593,0.592,0.608,0.602,0.604,0.599,0.597,0.598,0.602,0.599,0.603,0.597,0.598,0.609,0.602,0.654,0.647,0.665,0.649,0.688
2349,0.735,0.727,0.712,0.683,0.644,0.55,0.533,0.515,0.555,0.597,0.64,0.672,0.649,0.64,0.659,0.661,0.642,0.628,0.614,0.647,0.677,0.697,0.709,0.71,0.728,0.63,0.639,0.68,0.693,0.658,0.566,0.514,0.675,0.669,0.596,0.601,0.598,0.602,0.596,0.599,0.606,0.608,0.601,0.598,0.607,0.593,0.592,0.608,0.602,0.604,0.619,0.548,0.548,0.58,0.609
2359,0.71,0.728,0.723,0.718,0.721,0.733,0.743,0.742,0.741,0.74,0.735,0.636,0.625,0.613,0.6,0.579,0.596,0.669,0.698,0.717,0.717,0.672,0.649,0.64,0.659,0.621,0.662,0.671,0.633,0.609,0.609,0.603,0.754,0.743,0.575,0.573,0.577,0.596,0.675,0.672,0.673,0.677,0.675,0.669,0.596,0.601,0.598,0.602,0.596,0.599,0.728,0.767,0.736,0.698,0.673
2369,0.64,0.659,0.661,0.642,0.628,0.614,0.647,0.677,0.697,0.709,0.71,0.525,0.45,0.438,0.463,0.489,0.506,0.559,0.595,0.608,0.622,0.636,0.625,0.613,0.6,0.609,0.683,0.621,0.619,0.553,0.54,0.495,0.697,0.706,0.724,0.873,0.88,0.874,0.838,0.749,0.749,0.75,0.754,0.743,0.575,0.573,0.577,0.596,0.675,0.672,0.57,0.581,0.55,0.57,0.59
2379,0.613,0.6,0.579,0.596,0.669,0.698,0.717,0.717,0.672,0.649,0.64,0.738,0.745,0.758,0.775,0.791,0.808,0.757,0.708,0.661,0.604,0.525,0.45,0.438,0.463,0.556,0.495,0.45,0.445,0.543,0.65,0.685,0.534,0.551,0.552,0.548,0.65,0.64,0.651,0.67,0.705,0.706,0.697,0.706,0.724,0.873,0.88,0.874,0.838,0.749,0.8,0.827,0.796,0.748,0.635
2389,0.438,0.463,0.489,0.506,0.559,0.595,0.608,0.622,0.636,0.625,0.613,0.636,0.656,0.676,0.697,0.717,0.717,0.717,0.717,0.719,0.731,0.738,0.745,0.758,0.775,0.521,0.531,0.515,0.494,0.507,0.52,0.519,0.672,0.631,0.631,0.527,0.451,0.447,0.449,0.454,0.45,0.444,0.534,0.551,0.552,0.548,0.65,0.64,0.651,0.67,0.743,0.746,0.729,0.671,0.697
